(unowned)	/usr/bin/distroshelf-helper
(unowned)	/usr/bin/luks-tpm2-autounlock
(unowned)	/usr/bin/missioncenter-helper
(unowned)	/usr/bin/starship
(unowned)	/usr/bin/ublue-bling
(unowned)	/usr/bin/ublue-bling-fastfetch
(unowned)	/usr/bin/ublue-fastfetch
(unowned)	/usr/bin/ublue-image-info.sh
(unowned)	/usr/bin/ublue-motd
(unowned)	/usr/bin/ublue-privileged-setup
(unowned)	/usr/bin/ublue-rollback-helper
(unowned)	/usr/bin/ublue-system-setup
(unowned)	/usr/bin/ublue-user-setup
(unowned)	/usr/bin/ujust
(unowned)	/usr/lib/systemd/system/brew-setup.service
(unowned)	/usr/lib/systemd/system/brew-update.service
(unowned)	/usr/lib/systemd/system/brew-update.timer
(unowned)	/usr/lib/systemd/system/brew-upgrade.service
(unowned)	/usr/lib/systemd/system/brew-upgrade.timer
(unowned)	/usr/lib/systemd/system/dconf-update.service
(unowned)	/usr/lib/systemd/system/fedora-atomic-desktop-appstream-cache-refresh.service
(unowned)	/usr/lib/systemd/system/fedora-atomic-desktop-mandb-update.service
(unowned)	/usr/lib/systemd/system/flatpak-nuke-fedora.service
(unowned)	/usr/lib/systemd/system/flatpak-preinstall.service
(unowned)	/usr/lib/systemd/system/systemd-network-generator.service
(unowned)	/usr/lib/systemd/system/ublue-system-setup.service
(unowned)	/usr/lib/systemd/user/bazaar.service
(unowned)	/usr/lib/systemd/user/ublue-user-setup.service
(unowned)	/usr/sbin/distroshelf-helper
(unowned)	/usr/sbin/gen_grub_cfgstub
(unowned)	/usr/sbin/luks-tpm2-autounlock
(unowned)	/usr/sbin/missioncenter-helper
(unowned)	/usr/sbin/starship
(unowned)	/usr/sbin/ublue-bling
(unowned)	/usr/sbin/ublue-bling-fastfetch
(unowned)	/usr/sbin/ublue-fastfetch
(unowned)	/usr/sbin/ublue-image-info.sh
(unowned)	/usr/sbin/ublue-motd
(unowned)	/usr/sbin/ublue-privileged-setup
(unowned)	/usr/sbin/ublue-rollback-helper
(unowned)	/usr/sbin/ublue-system-setup
(unowned)	/usr/sbin/ublue-user-setup
(unowned)	/usr/sbin/ujust
(unowned)	/usr/share/applications/discourse.desktop
(unowned)	/usr/share/applications/documentation.desktop
(unowned)	/usr/share/applications/noop.desktop
(unowned)	/usr/share/applications/system-update.desktop
7zip	/usr/bin/7z
7zip	/usr/sbin/7z
ImageMagick	/usr/bin/animate
ImageMagick	/usr/bin/compare
ImageMagick	/usr/bin/composite
ImageMagick	/usr/bin/conjure
ImageMagick	/usr/bin/convert
ImageMagick	/usr/bin/display
ImageMagick	/usr/bin/identify
ImageMagick	/usr/bin/import
ImageMagick	/usr/bin/magick
ImageMagick	/usr/bin/magick-script
ImageMagick	/usr/bin/mogrify
ImageMagick	/usr/bin/montage
ImageMagick	/usr/bin/stream
ImageMagick	/usr/sbin/animate
ImageMagick	/usr/sbin/compare
ImageMagick	/usr/sbin/composite
ImageMagick	/usr/sbin/conjure
ImageMagick	/usr/sbin/convert
ImageMagick	/usr/sbin/display
ImageMagick	/usr/sbin/identify
ImageMagick	/usr/sbin/import
ImageMagick	/usr/sbin/magick
ImageMagick	/usr/sbin/magick-script
ImageMagick	/usr/sbin/mogrify
ImageMagick	/usr/sbin/montage
ImageMagick	/usr/sbin/stream
ModemManager	/usr/bin/ModemManager
ModemManager	/usr/bin/mmcli
ModemManager	/usr/lib/systemd/system/ModemManager.service
ModemManager	/usr/sbin/ModemManager
ModemManager	/usr/sbin/mmcli
NetworkManager	/usr/bin/NetworkManager
NetworkManager	/usr/bin/nm-online
NetworkManager	/usr/bin/nmcli
NetworkManager	/usr/lib/systemd/system/NetworkManager-dispatcher.service
NetworkManager	/usr/lib/systemd/system/NetworkManager-wait-online.service
NetworkManager	/usr/lib/systemd/system/NetworkManager.service
NetworkManager	/usr/lib/systemd/system/nm-priv-helper.service
NetworkManager	/usr/sbin/NetworkManager
NetworkManager	/usr/sbin/nm-online
NetworkManager	/usr/sbin/nmcli
accountsservice	/usr/lib/systemd/system/accounts-daemon.service
acl	/usr/bin/chacl
acl	/usr/bin/getfacl
acl	/usr/bin/setfacl
acl	/usr/sbin/chacl
acl	/usr/sbin/getfacl
acl	/usr/sbin/setfacl
adcli	/usr/bin/adcli
adcli	/usr/sbin/adcli
alsa-lib	/usr/bin/aserver
alsa-lib	/usr/sbin/aserver
alsa-tools-firmware	/usr/bin/hdsploader
alsa-tools-firmware	/usr/bin/mixartloader
alsa-tools-firmware	/usr/bin/usx2yloader
alsa-tools-firmware	/usr/bin/vxloader
alsa-tools-firmware	/usr/sbin/hdsploader
alsa-tools-firmware	/usr/sbin/mixartloader
alsa-tools-firmware	/usr/sbin/usx2yloader
alsa-tools-firmware	/usr/sbin/vxloader
alsa-utils	/usr/bin/aconnect
alsa-utils	/usr/bin/alsa-info.sh
alsa-utils	/usr/bin/alsactl
alsa-utils	/usr/bin/alsaloop
alsa-utils	/usr/bin/alsamixer
alsa-utils	/usr/bin/alsaunmute
alsa-utils	/usr/bin/amidi
alsa-utils	/usr/bin/amixer
alsa-utils	/usr/bin/aplay
alsa-utils	/usr/bin/aplaymidi
alsa-utils	/usr/bin/aplaymidi2
alsa-utils	/usr/bin/arecord
alsa-utils	/usr/bin/arecordmidi
alsa-utils	/usr/bin/arecordmidi2
alsa-utils	/usr/bin/aseqdump
alsa-utils	/usr/bin/aseqnet
alsa-utils	/usr/bin/aseqsend
alsa-utils	/usr/bin/axfer
alsa-utils	/usr/bin/iecset
alsa-utils	/usr/bin/nhlt-dmic-info
alsa-utils	/usr/bin/speaker-test
alsa-utils	/usr/lib/systemd/system/alsa-card-wait@.service
alsa-utils	/usr/lib/systemd/system/alsa-restore.service
alsa-utils	/usr/lib/systemd/system/alsa-state.service
alsa-utils	/usr/sbin/aconnect
alsa-utils	/usr/sbin/alsa-info.sh
alsa-utils	/usr/sbin/alsactl
alsa-utils	/usr/sbin/alsaloop
alsa-utils	/usr/sbin/alsamixer
alsa-utils	/usr/sbin/alsaunmute
alsa-utils	/usr/sbin/amidi
alsa-utils	/usr/sbin/amixer
alsa-utils	/usr/sbin/aplay
alsa-utils	/usr/sbin/aplaymidi
alsa-utils	/usr/sbin/aplaymidi2
alsa-utils	/usr/sbin/arecord
alsa-utils	/usr/sbin/arecordmidi
alsa-utils	/usr/sbin/arecordmidi2
alsa-utils	/usr/sbin/aseqdump
alsa-utils	/usr/sbin/aseqnet
alsa-utils	/usr/sbin/aseqsend
alsa-utils	/usr/sbin/axfer
alsa-utils	/usr/sbin/iecset
alsa-utils	/usr/sbin/nhlt-dmic-info
alsa-utils	/usr/sbin/speaker-test
alternatives	/usr/bin/alternatives
alternatives	/usr/bin/update-alternatives
alternatives	/usr/sbin/alternatives
alternatives	/usr/sbin/update-alternatives
anthy-unicode	/usr/bin/anthy-agent-unicode
anthy-unicode	/usr/bin/anthy-dic-tool-unicode
anthy-unicode	/usr/bin/anthy-morphological-analyzer-unicode
anthy-unicode	/usr/sbin/anthy-agent-unicode
anthy-unicode	/usr/sbin/anthy-dic-tool-unicode
anthy-unicode	/usr/sbin/anthy-morphological-analyzer-unicode
antiword	/usr/bin/antiword
antiword	/usr/bin/antiword.bin
antiword	/usr/sbin/antiword
antiword	/usr/sbin/antiword.bin
appstream	/usr/bin/appstreamcli
appstream	/usr/sbin/appstreamcli
argyllcms	/usr/bin/applycal
argyllcms	/usr/bin/average
argyllcms	/usr/bin/cb2ti3
argyllcms	/usr/bin/cctiff
argyllcms	/usr/bin/ccxxmake
argyllcms	/usr/bin/chartread
argyllcms	/usr/bin/collink
argyllcms	/usr/bin/colprof
argyllcms	/usr/bin/colverify
argyllcms	/usr/bin/cxf2ti3
argyllcms	/usr/bin/dispcal
argyllcms	/usr/bin/dispread
argyllcms	/usr/bin/dispwin
argyllcms	/usr/bin/extracticc
argyllcms	/usr/bin/extractttag
argyllcms	/usr/bin/fakeCMY
argyllcms	/usr/bin/fakeread
argyllcms	/usr/bin/greytiff
argyllcms	/usr/bin/iccdump
argyllcms	/usr/bin/iccgamut
argyllcms	/usr/bin/icclu
argyllcms	/usr/bin/iccvcgt
argyllcms	/usr/bin/illumread
argyllcms	/usr/bin/invprofcheck
argyllcms	/usr/bin/kodak2ti3
argyllcms	/usr/bin/ls2ti3
argyllcms	/usr/bin/mppcheck
argyllcms	/usr/bin/mpplu
argyllcms	/usr/bin/mppprof
argyllcms	/usr/bin/oeminst
argyllcms	/usr/bin/printcal
argyllcms	/usr/bin/printtarg
argyllcms	/usr/bin/profcheck
argyllcms	/usr/bin/refine
argyllcms	/usr/bin/revfix
argyllcms	/usr/bin/scanin
argyllcms	/usr/bin/spec2cie
argyllcms	/usr/bin/specplot
argyllcms	/usr/bin/splitti3
argyllcms	/usr/bin/spotread
argyllcms	/usr/bin/synthcal
argyllcms	/usr/bin/synthread
argyllcms	/usr/bin/targen
argyllcms	/usr/bin/tiffgamut
argyllcms	/usr/bin/timage
argyllcms	/usr/bin/txt2ti3
argyllcms	/usr/bin/viewgam
argyllcms	/usr/bin/xicclu
argyllcms	/usr/sbin/applycal
argyllcms	/usr/sbin/average
argyllcms	/usr/sbin/cb2ti3
argyllcms	/usr/sbin/cctiff
argyllcms	/usr/sbin/ccxxmake
argyllcms	/usr/sbin/chartread
argyllcms	/usr/sbin/collink
argyllcms	/usr/sbin/colprof
argyllcms	/usr/sbin/colverify
argyllcms	/usr/sbin/cxf2ti3
argyllcms	/usr/sbin/dispcal
argyllcms	/usr/sbin/dispread
argyllcms	/usr/sbin/dispwin
argyllcms	/usr/sbin/extracticc
argyllcms	/usr/sbin/extractttag
argyllcms	/usr/sbin/fakeCMY
argyllcms	/usr/sbin/fakeread
argyllcms	/usr/sbin/greytiff
argyllcms	/usr/sbin/iccdump
argyllcms	/usr/sbin/iccgamut
argyllcms	/usr/sbin/icclu
argyllcms	/usr/sbin/iccvcgt
argyllcms	/usr/sbin/illumread
argyllcms	/usr/sbin/invprofcheck
argyllcms	/usr/sbin/kodak2ti3
argyllcms	/usr/sbin/ls2ti3
argyllcms	/usr/sbin/mppcheck
argyllcms	/usr/sbin/mpplu
argyllcms	/usr/sbin/mppprof
argyllcms	/usr/sbin/oeminst
argyllcms	/usr/sbin/printcal
argyllcms	/usr/sbin/printtarg
argyllcms	/usr/sbin/profcheck
argyllcms	/usr/sbin/refine
argyllcms	/usr/sbin/revfix
argyllcms	/usr/sbin/scanin
argyllcms	/usr/sbin/spec2cie
argyllcms	/usr/sbin/specplot
argyllcms	/usr/sbin/splitti3
argyllcms	/usr/sbin/spotread
argyllcms	/usr/sbin/synthcal
argyllcms	/usr/sbin/synthread
argyllcms	/usr/sbin/targen
argyllcms	/usr/sbin/tiffgamut
argyllcms	/usr/sbin/timage
argyllcms	/usr/sbin/txt2ti3
argyllcms	/usr/sbin/viewgam
argyllcms	/usr/sbin/xicclu
at-spi2-core	/etc/xdg/autostart/at-spi-dbus-bus.desktop
at-spi2-core	/usr/lib/systemd/user/at-spi-dbus-bus.service
attr	/usr/bin/attr
attr	/usr/bin/getfattr
attr	/usr/bin/setfattr
attr	/usr/sbin/attr
attr	/usr/sbin/getfattr
attr	/usr/sbin/setfattr
audit	/usr/bin/auditd
audit	/usr/bin/aulast
audit	/usr/bin/aulastlog
audit	/usr/bin/aureport
audit	/usr/bin/ausearch
audit	/usr/bin/ausyscall
audit	/usr/lib/systemd/system/auditd.service
audit	/usr/sbin/auditd
audit	/usr/sbin/aulast
audit	/usr/sbin/aulastlog
audit	/usr/sbin/aureport
audit	/usr/sbin/ausearch
audit	/usr/sbin/ausyscall
audit-rules	/usr/bin/auditctl
audit-rules	/usr/bin/augenrules
audit-rules	/usr/lib/systemd/system/audit-rules.service
audit-rules	/usr/sbin/auditctl
audit-rules	/usr/sbin/augenrules
authselect	/usr/bin/authselect
authselect	/usr/sbin/authselect
authselect-libs	/usr/lib/systemd/system/authselect-apply-changes.service
autofs	/usr/bin/automount
autofs	/usr/bin/fedfs-map-nfs4
autofs	/usr/bin/mount.fedfs
autofs	/usr/lib/systemd/system/autofs.service
autofs	/usr/sbin/automount
autofs	/usr/sbin/fedfs-map-nfs4
autofs	/usr/sbin/mount.fedfs
avahi	/usr/bin/avahi-daemon
avahi	/usr/lib/systemd/system/avahi-daemon.service
avahi	/usr/lib/systemd/system/avahi-daemon.socket
avahi	/usr/sbin/avahi-daemon
avahi-tools	/usr/bin/avahi-browse
avahi-tools	/usr/bin/avahi-browse-domains
avahi-tools	/usr/bin/avahi-publish
avahi-tools	/usr/bin/avahi-publish-address
avahi-tools	/usr/bin/avahi-publish-service
avahi-tools	/usr/bin/avahi-resolve
avahi-tools	/usr/bin/avahi-resolve-address
avahi-tools	/usr/bin/avahi-resolve-host-name
avahi-tools	/usr/bin/avahi-set-host-name
avahi-tools	/usr/sbin/avahi-browse
avahi-tools	/usr/sbin/avahi-browse-domains
avahi-tools	/usr/sbin/avahi-publish
avahi-tools	/usr/sbin/avahi-publish-address
avahi-tools	/usr/sbin/avahi-publish-service
avahi-tools	/usr/sbin/avahi-resolve
avahi-tools	/usr/sbin/avahi-resolve-address
avahi-tools	/usr/sbin/avahi-resolve-host-name
avahi-tools	/usr/sbin/avahi-set-host-name
b43-fwcutter	/usr/bin/b43-fwcutter
b43-fwcutter	/usr/sbin/b43-fwcutter
bash	/usr/bin/alias
bash	/usr/bin/bash
bash	/usr/bin/bashbug
bash	/usr/bin/bashbug-64
bash	/usr/bin/bg
bash	/usr/bin/cd
bash	/usr/bin/command
bash	/usr/bin/fc
bash	/usr/bin/fg
bash	/usr/bin/getopts
bash	/usr/bin/hash
bash	/usr/bin/jobs
bash	/usr/bin/read
bash	/usr/bin/sh
bash	/usr/bin/type
bash	/usr/bin/ulimit
bash	/usr/bin/umask
bash	/usr/bin/unalias
bash	/usr/bin/wait
bash	/usr/sbin/alias
bash	/usr/sbin/bash
bash	/usr/sbin/bashbug
bash	/usr/sbin/bashbug-64
bash	/usr/sbin/bg
bash	/usr/sbin/cd
bash	/usr/sbin/command
bash	/usr/sbin/fc
bash	/usr/sbin/fg
bash	/usr/sbin/getopts
bash	/usr/sbin/hash
bash	/usr/sbin/jobs
bash	/usr/sbin/read
bash	/usr/sbin/sh
bash	/usr/sbin/type
bash	/usr/sbin/ulimit
bash	/usr/sbin/umask
bash	/usr/sbin/unalias
bash	/usr/sbin/wait
bc	/usr/bin/bc
bc	/usr/bin/dc
bc	/usr/sbin/bc
bc	/usr/sbin/dc
bcache-tools	/usr/bin/bcache
bcache-tools	/usr/bin/bcache-status
bcache-tools	/usr/bin/bcache-super-show
bcache-tools	/usr/bin/make-bcache
bcache-tools	/usr/sbin/bcache
bcache-tools	/usr/sbin/bcache-status
bcache-tools	/usr/sbin/bcache-super-show
bcache-tools	/usr/sbin/make-bcache
bind-utils	/usr/bin/arpaname
bind-utils	/usr/bin/ddns-confgen
bind-utils	/usr/bin/delv
bind-utils	/usr/bin/dig
bind-utils	/usr/bin/dnstap-read
bind-utils	/usr/bin/host
bind-utils	/usr/bin/named-checkzone
bind-utils	/usr/bin/named-compilezone
bind-utils	/usr/bin/named-nzd2nzf
bind-utils	/usr/bin/nsec3hash
bind-utils	/usr/bin/nslookup
bind-utils	/usr/bin/nsupdate
bind-utils	/usr/bin/tsig-keygen
bind-utils	/usr/sbin/arpaname
bind-utils	/usr/sbin/ddns-confgen
bind-utils	/usr/sbin/delv
bind-utils	/usr/sbin/dig
bind-utils	/usr/sbin/dnstap-read
bind-utils	/usr/sbin/host
bind-utils	/usr/sbin/named-checkzone
bind-utils	/usr/sbin/named-compilezone
bind-utils	/usr/sbin/named-nzd2nzf
bind-utils	/usr/sbin/nsec3hash
bind-utils	/usr/sbin/nslookup
bind-utils	/usr/sbin/nsupdate
bind-utils	/usr/sbin/tsig-keygen
binutils	/usr/bin/addr2line
binutils	/usr/bin/ar
binutils	/usr/bin/as
binutils	/usr/bin/c++filt
binutils	/usr/bin/dwp
binutils	/usr/bin/elfedit
binutils	/usr/bin/gprof
binutils	/usr/bin/ld
binutils	/usr/bin/ld.bfd
binutils	/usr/bin/nm
binutils	/usr/bin/objcopy
binutils	/usr/bin/objdump
binutils	/usr/bin/ranlib
binutils	/usr/bin/readelf
binutils	/usr/bin/size
binutils	/usr/bin/strings
binutils	/usr/bin/strip
binutils	/usr/sbin/addr2line
binutils	/usr/sbin/ar
binutils	/usr/sbin/as
binutils	/usr/sbin/c++filt
binutils	/usr/sbin/dwp
binutils	/usr/sbin/elfedit
binutils	/usr/sbin/gprof
binutils	/usr/sbin/ld
binutils	/usr/sbin/ld.bfd
binutils	/usr/sbin/nm
binutils	/usr/sbin/objcopy
binutils	/usr/sbin/objdump
binutils	/usr/sbin/ranlib
binutils	/usr/sbin/readelf
binutils	/usr/sbin/size
binutils	/usr/sbin/strings
binutils	/usr/sbin/strip
bison	/usr/bin/bison
bison	/usr/sbin/bison
bluez	/usr/bin/avinfo
bluez	/usr/bin/bluemoon
bluez	/usr/bin/bluetoothctl
bluez	/usr/bin/btattach
bluez	/usr/bin/btmgmt
bluez	/usr/bin/btmon
bluez	/usr/bin/hex2hcd
bluez	/usr/bin/mpris-proxy
bluez	/usr/lib/systemd/system/bluetooth.service
bluez	/usr/lib/systemd/user/mpris-proxy.service
bluez	/usr/sbin/avinfo
bluez	/usr/sbin/bluemoon
bluez	/usr/sbin/bluetoothctl
bluez	/usr/sbin/btattach
bluez	/usr/sbin/btmgmt
bluez	/usr/sbin/btmon
bluez	/usr/sbin/hex2hcd
bluez	/usr/sbin/mpris-proxy
bluez-obexd	/usr/lib/systemd/user/dbus-org.bluez.obex.service
bluez-obexd	/usr/lib/systemd/user/obex.service
bolt	/usr/bin/boltctl
bolt	/usr/lib/systemd/system/bolt.service
bolt	/usr/sbin/boltctl
bootc	/usr/bin/bootc
bootc	/usr/lib/systemd/system/bootc-destructive-cleanup.service
bootc	/usr/lib/systemd/system/bootc-fetch-apply-updates.service
bootc	/usr/lib/systemd/system/bootc-fetch-apply-updates.timer
bootc	/usr/lib/systemd/system/bootc-finalize-staged.service
bootc	/usr/lib/systemd/system/bootc-publish-rhsm-facts.service
bootc	/usr/lib/systemd/system/bootc-root-setup.service
bootc	/usr/lib/systemd/system/bootc-sysusers-shadow-sync.service
bootc	/usr/sbin/bootc
bootupd	/usr/bin/bootupctl
bootupd	/usr/lib/systemd/system/bootloader-update.service
bootupd	/usr/sbin/bootupctl
borgbackup	/usr/bin/borg
borgbackup	/usr/bin/borgfs
borgbackup	/usr/sbin/borg
borgbackup	/usr/sbin/borgfs
brlapi	/usr/bin/eutp
brlapi	/usr/bin/vstp
brlapi	/usr/bin/xbrlapi
brlapi	/usr/sbin/eutp
brlapi	/usr/sbin/vstp
brlapi	/usr/sbin/xbrlapi
brltty	/usr/bin/brltty
brltty	/usr/bin/brltty-atb
brltty	/usr/bin/brltty-cldr
brltty	/usr/bin/brltty-clip
brltty	/usr/bin/brltty-config.sh
brltty	/usr/bin/brltty-ctb
brltty	/usr/bin/brltty-genkey
brltty	/usr/bin/brltty-hid
brltty	/usr/bin/brltty-ktb
brltty	/usr/bin/brltty-lscmds
brltty	/usr/bin/brltty-lsinc
brltty	/usr/bin/brltty-mkuser
brltty	/usr/bin/brltty-morse
brltty	/usr/bin/brltty-prologue.bash
brltty	/usr/bin/brltty-prologue.lua
brltty	/usr/bin/brltty-prologue.sh
brltty	/usr/bin/brltty-prologue.tcl
brltty	/usr/bin/brltty-setcaps
brltty	/usr/bin/brltty-term
brltty	/usr/bin/brltty-trtxt
brltty	/usr/bin/brltty-ttb
brltty	/usr/bin/brltty-ttysize
brltty	/usr/bin/brltty-tune
brltty	/usr/lib/systemd/system/brltty.service
brltty	/usr/sbin/brltty
brltty	/usr/sbin/brltty-atb
brltty	/usr/sbin/brltty-cldr
brltty	/usr/sbin/brltty-clip
brltty	/usr/sbin/brltty-config.sh
brltty	/usr/sbin/brltty-ctb
brltty	/usr/sbin/brltty-genkey
brltty	/usr/sbin/brltty-hid
brltty	/usr/sbin/brltty-ktb
brltty	/usr/sbin/brltty-lscmds
brltty	/usr/sbin/brltty-lsinc
brltty	/usr/sbin/brltty-mkuser
brltty	/usr/sbin/brltty-morse
brltty	/usr/sbin/brltty-prologue.bash
brltty	/usr/sbin/brltty-prologue.lua
brltty	/usr/sbin/brltty-prologue.sh
brltty	/usr/sbin/brltty-prologue.tcl
brltty	/usr/sbin/brltty-setcaps
brltty	/usr/sbin/brltty-term
brltty	/usr/sbin/brltty-trtxt
brltty	/usr/sbin/brltty-ttb
brltty	/usr/sbin/brltty-ttysize
brltty	/usr/sbin/brltty-tune
btrfs-progs	/usr/bin/btrfs
btrfs-progs	/usr/bin/btrfs-convert
btrfs-progs	/usr/bin/btrfs-find-root
btrfs-progs	/usr/bin/btrfs-image
btrfs-progs	/usr/bin/btrfs-map-logical
btrfs-progs	/usr/bin/btrfs-select-super
btrfs-progs	/usr/bin/btrfsck
btrfs-progs	/usr/bin/btrfstune
btrfs-progs	/usr/bin/fsck.btrfs
btrfs-progs	/usr/bin/mkfs.btrfs
btrfs-progs	/usr/sbin/btrfs
btrfs-progs	/usr/sbin/btrfs-convert
btrfs-progs	/usr/sbin/btrfs-find-root
btrfs-progs	/usr/sbin/btrfs-image
btrfs-progs	/usr/sbin/btrfs-map-logical
btrfs-progs	/usr/sbin/btrfs-select-super
btrfs-progs	/usr/sbin/btrfsck
btrfs-progs	/usr/sbin/btrfstune
btrfs-progs	/usr/sbin/fsck.btrfs
btrfs-progs	/usr/sbin/mkfs.btrfs
bubblewrap	/usr/bin/bwrap
bubblewrap	/usr/sbin/bwrap
buildah	/usr/bin/buildah
buildah	/usr/sbin/buildah
bzip2	/usr/bin/bunzip2
bzip2	/usr/bin/bzcat
bzip2	/usr/bin/bzcmp
bzip2	/usr/bin/bzdiff
bzip2	/usr/bin/bzegrep
bzip2	/usr/bin/bzfgrep
bzip2	/usr/bin/bzgrep
bzip2	/usr/bin/bzip2
bzip2	/usr/bin/bzip2recover
bzip2	/usr/bin/bzless
bzip2	/usr/bin/bzmore
bzip2	/usr/sbin/bunzip2
bzip2	/usr/sbin/bzcat
bzip2	/usr/sbin/bzcmp
bzip2	/usr/sbin/bzdiff
bzip2	/usr/sbin/bzegrep
bzip2	/usr/sbin/bzfgrep
bzip2	/usr/sbin/bzgrep
bzip2	/usr/sbin/bzip2
bzip2	/usr/sbin/bzip2recover
bzip2	/usr/sbin/bzless
bzip2	/usr/sbin/bzmore
ca-certificates	/usr/bin/ca-legacy
ca-certificates	/usr/bin/update-ca-trust
ca-certificates	/usr/sbin/ca-legacy
ca-certificates	/usr/sbin/update-ca-trust
capstone	/usr/bin/cstool
capstone	/usr/sbin/cstool
checkpolicy	/usr/bin/checkmodule
checkpolicy	/usr/bin/checkpolicy
checkpolicy	/usr/bin/sedismod
checkpolicy	/usr/bin/sedispol
checkpolicy	/usr/sbin/checkmodule
checkpolicy	/usr/sbin/checkpolicy
checkpolicy	/usr/sbin/sedismod
checkpolicy	/usr/sbin/sedispol
chrony	/usr/bin/chronyc
chrony	/usr/bin/chronyd
chrony	/usr/lib/systemd/system/chrony-wait.service
chrony	/usr/lib/systemd/system/chronyd-restricted.service
chrony	/usr/lib/systemd/system/chronyd.service
chrony	/usr/sbin/chronyc
chrony	/usr/sbin/chronyd
cifs-utils	/usr/bin/cifs.idmap
cifs-utils	/usr/bin/cifs.upcall
cifs-utils	/usr/bin/cifscreds
cifs-utils	/usr/bin/getcifsacl
cifs-utils	/usr/bin/mount.cifs
cifs-utils	/usr/bin/mount.smb3
cifs-utils	/usr/bin/setcifsacl
cifs-utils	/usr/sbin/cifs.idmap
cifs-utils	/usr/sbin/cifs.upcall
cifs-utils	/usr/sbin/cifscreds
cifs-utils	/usr/sbin/getcifsacl
cifs-utils	/usr/sbin/mount.cifs
cifs-utils	/usr/sbin/mount.smb3
cifs-utils	/usr/sbin/setcifsacl
cifs-utils-info	/usr/bin/smb2-quota
cifs-utils-info	/usr/bin/smbinfo
cifs-utils-info	/usr/sbin/smb2-quota
cifs-utils-info	/usr/sbin/smbinfo
colord	/usr/bin/cd-create-profile
colord	/usr/bin/cd-fix-profile
colord	/usr/bin/cd-iccdump
colord	/usr/bin/cd-it8
colord	/usr/bin/colormgr
colord	/usr/lib/systemd/system/colord.service
colord	/usr/lib/systemd/user/colord-session.service
colord	/usr/sbin/cd-create-profile
colord	/usr/sbin/cd-fix-profile
colord	/usr/sbin/cd-iccdump
colord	/usr/sbin/cd-it8
colord	/usr/sbin/colormgr
composefs	/usr/bin/composefs-info
composefs	/usr/bin/mkcomposefs
composefs	/usr/bin/mount.composefs
composefs	/usr/sbin/composefs-info
composefs	/usr/sbin/mkcomposefs
composefs	/usr/sbin/mount.composefs
compsize	/usr/bin/compsize
compsize	/usr/sbin/compsize
conmon	/usr/bin/conmon
conmon	/usr/sbin/conmon
containerd	/usr/bin/containerd
containerd	/usr/bin/containerd-shim-runc-v2
containerd	/usr/bin/containerd-stress
containerd	/usr/bin/ctr
containerd	/usr/lib/systemd/system/containerd.service
containerd	/usr/sbin/containerd
containerd	/usr/sbin/containerd-shim-runc-v2
containerd	/usr/sbin/containerd-stress
containerd	/usr/sbin/ctr
coreutils	/usr/bin/[
coreutils	/usr/bin/arch
coreutils	/usr/bin/b2sum
coreutils	/usr/bin/base32
coreutils	/usr/bin/base64
coreutils	/usr/bin/basename
coreutils	/usr/bin/basenc
coreutils	/usr/bin/cat
coreutils	/usr/bin/chcon
coreutils	/usr/bin/chgrp
coreutils	/usr/bin/chmod
coreutils	/usr/bin/chown
coreutils	/usr/bin/chroot
coreutils	/usr/bin/cksum
coreutils	/usr/bin/comm
coreutils	/usr/bin/cp
coreutils	/usr/bin/csplit
coreutils	/usr/bin/cut
coreutils	/usr/bin/date
coreutils	/usr/bin/dd
coreutils	/usr/bin/df
coreutils	/usr/bin/dir
coreutils	/usr/bin/dircolors
coreutils	/usr/bin/dirname
coreutils	/usr/bin/du
coreutils	/usr/bin/echo
coreutils	/usr/bin/env
coreutils	/usr/bin/expand
coreutils	/usr/bin/expr
coreutils	/usr/bin/factor
coreutils	/usr/bin/false
coreutils	/usr/bin/fmt
coreutils	/usr/bin/fold
coreutils	/usr/bin/groups
coreutils	/usr/bin/head
coreutils	/usr/bin/hostid
coreutils	/usr/bin/id
coreutils	/usr/bin/install
coreutils	/usr/bin/join
coreutils	/usr/bin/link
coreutils	/usr/bin/ln
coreutils	/usr/bin/logname
coreutils	/usr/bin/ls
coreutils	/usr/bin/md5sum
coreutils	/usr/bin/mkdir
coreutils	/usr/bin/mkfifo
coreutils	/usr/bin/mknod
coreutils	/usr/bin/mktemp
coreutils	/usr/bin/mv
coreutils	/usr/bin/nice
coreutils	/usr/bin/nl
coreutils	/usr/bin/nohup
coreutils	/usr/bin/nproc
coreutils	/usr/bin/numfmt
coreutils	/usr/bin/od
coreutils	/usr/bin/paste
coreutils	/usr/bin/pathchk
coreutils	/usr/bin/pinky
coreutils	/usr/bin/pr
coreutils	/usr/bin/printenv
coreutils	/usr/bin/printf
coreutils	/usr/bin/ptx
coreutils	/usr/bin/pwd
coreutils	/usr/bin/readlink
coreutils	/usr/bin/realpath
coreutils	/usr/bin/rm
coreutils	/usr/bin/rmdir
coreutils	/usr/bin/runcon
coreutils	/usr/bin/seq
coreutils	/usr/bin/sha1sum
coreutils	/usr/bin/sha224sum
coreutils	/usr/bin/sha256sum
coreutils	/usr/bin/sha384sum
coreutils	/usr/bin/sha512sum
coreutils	/usr/bin/shred
coreutils	/usr/bin/shuf
coreutils	/usr/bin/sleep
coreutils	/usr/bin/sort
coreutils	/usr/bin/split
coreutils	/usr/bin/stat
coreutils	/usr/bin/stdbuf
coreutils	/usr/bin/stty
coreutils	/usr/bin/sum
coreutils	/usr/bin/sync
coreutils	/usr/bin/tac
coreutils	/usr/bin/tail
coreutils	/usr/bin/tee
coreutils	/usr/bin/test
coreutils	/usr/bin/timeout
coreutils	/usr/bin/touch
coreutils	/usr/bin/tr
coreutils	/usr/bin/true
coreutils	/usr/bin/truncate
coreutils	/usr/bin/tsort
coreutils	/usr/bin/tty
coreutils	/usr/bin/uname
coreutils	/usr/bin/unexpand
coreutils	/usr/bin/uniq
coreutils	/usr/bin/unlink
coreutils	/usr/bin/users
coreutils	/usr/bin/vdir
coreutils	/usr/bin/wc
coreutils	/usr/bin/who
coreutils	/usr/bin/whoami
coreutils	/usr/bin/yes
coreutils	/usr/sbin/[
coreutils	/usr/sbin/arch
coreutils	/usr/sbin/b2sum
coreutils	/usr/sbin/base32
coreutils	/usr/sbin/base64
coreutils	/usr/sbin/basename
coreutils	/usr/sbin/basenc
coreutils	/usr/sbin/cat
coreutils	/usr/sbin/chcon
coreutils	/usr/sbin/chgrp
coreutils	/usr/sbin/chmod
coreutils	/usr/sbin/chown
coreutils	/usr/sbin/chroot
coreutils	/usr/sbin/cksum
coreutils	/usr/sbin/comm
coreutils	/usr/sbin/cp
coreutils	/usr/sbin/csplit
coreutils	/usr/sbin/cut
coreutils	/usr/sbin/date
coreutils	/usr/sbin/dd
coreutils	/usr/sbin/df
coreutils	/usr/sbin/dir
coreutils	/usr/sbin/dircolors
coreutils	/usr/sbin/dirname
coreutils	/usr/sbin/du
coreutils	/usr/sbin/echo
coreutils	/usr/sbin/env
coreutils	/usr/sbin/expand
coreutils	/usr/sbin/expr
coreutils	/usr/sbin/factor
coreutils	/usr/sbin/false
coreutils	/usr/sbin/fmt
coreutils	/usr/sbin/fold
coreutils	/usr/sbin/groups
coreutils	/usr/sbin/head
coreutils	/usr/sbin/hostid
coreutils	/usr/sbin/id
coreutils	/usr/sbin/install
coreutils	/usr/sbin/join
coreutils	/usr/sbin/link
coreutils	/usr/sbin/ln
coreutils	/usr/sbin/logname
coreutils	/usr/sbin/ls
coreutils	/usr/sbin/md5sum
coreutils	/usr/sbin/mkdir
coreutils	/usr/sbin/mkfifo
coreutils	/usr/sbin/mknod
coreutils	/usr/sbin/mktemp
coreutils	/usr/sbin/mv
coreutils	/usr/sbin/nice
coreutils	/usr/sbin/nl
coreutils	/usr/sbin/nohup
coreutils	/usr/sbin/nproc
coreutils	/usr/sbin/numfmt
coreutils	/usr/sbin/od
coreutils	/usr/sbin/paste
coreutils	/usr/sbin/pathchk
coreutils	/usr/sbin/pinky
coreutils	/usr/sbin/pr
coreutils	/usr/sbin/printenv
coreutils	/usr/sbin/printf
coreutils	/usr/sbin/ptx
coreutils	/usr/sbin/pwd
coreutils	/usr/sbin/readlink
coreutils	/usr/sbin/realpath
coreutils	/usr/sbin/rm
coreutils	/usr/sbin/rmdir
coreutils	/usr/sbin/runcon
coreutils	/usr/sbin/seq
coreutils	/usr/sbin/sha1sum
coreutils	/usr/sbin/sha224sum
coreutils	/usr/sbin/sha256sum
coreutils	/usr/sbin/sha384sum
coreutils	/usr/sbin/sha512sum
coreutils	/usr/sbin/shred
coreutils	/usr/sbin/shuf
coreutils	/usr/sbin/sleep
coreutils	/usr/sbin/sort
coreutils	/usr/sbin/split
coreutils	/usr/sbin/stat
coreutils	/usr/sbin/stdbuf
coreutils	/usr/sbin/stty
coreutils	/usr/sbin/sum
coreutils	/usr/sbin/sync
coreutils	/usr/sbin/tac
coreutils	/usr/sbin/tail
coreutils	/usr/sbin/tee
coreutils	/usr/sbin/test
coreutils	/usr/sbin/timeout
coreutils	/usr/sbin/touch
coreutils	/usr/sbin/tr
coreutils	/usr/sbin/true
coreutils	/usr/sbin/truncate
coreutils	/usr/sbin/tsort
coreutils	/usr/sbin/tty
coreutils	/usr/sbin/uname
coreutils	/usr/sbin/unexpand
coreutils	/usr/sbin/uniq
coreutils	/usr/sbin/unlink
coreutils	/usr/sbin/users
coreutils	/usr/sbin/vdir
coreutils	/usr/sbin/wc
coreutils	/usr/sbin/who
coreutils	/usr/sbin/whoami
coreutils	/usr/sbin/yes
cpio	/usr/bin/cpio
cpio	/usr/sbin/cpio
cpp	/usr/bin/cpp
cpp	/usr/sbin/cpp
cracklib	/usr/bin/cracklib-check
cracklib	/usr/bin/cracklib-format
cracklib	/usr/bin/cracklib-packer
cracklib	/usr/bin/cracklib-unpacker
cracklib	/usr/bin/cracklib-update
cracklib	/usr/bin/create-cracklib-dict
cracklib	/usr/sbin/cracklib-check
cracklib	/usr/sbin/cracklib-format
cracklib	/usr/sbin/cracklib-packer
cracklib	/usr/sbin/cracklib-unpacker
cracklib	/usr/sbin/cracklib-update
cracklib	/usr/sbin/create-cracklib-dict
cracklib-dicts	/usr/bin/mkdict
cracklib-dicts	/usr/sbin/mkdict
criu	/usr/bin/criu
criu	/usr/sbin/criu
crun	/usr/bin/crun
crun	/usr/sbin/crun
cryfs	/usr/bin/cryfs
cryfs	/usr/bin/cryfs-unmount
cryfs	/usr/sbin/cryfs
cryfs	/usr/sbin/cryfs-unmount
crypto-policies	/usr/lib/systemd/system/fips-crypto-policy-overlay.service
crypto-policies-scripts	/usr/bin/update-crypto-policies
crypto-policies-scripts	/usr/sbin/update-crypto-policies
cryptsetup	/usr/bin/cryptsetup
cryptsetup	/usr/sbin/cryptsetup
cups	/usr/bin/cupsaccept
cups	/usr/bin/cupsctl
cups	/usr/bin/cupsd
cups	/usr/bin/cupsdisable
cups	/usr/bin/cupsenable
cups	/usr/bin/cupsfilter
cups	/usr/bin/cupsreject
cups	/usr/bin/cupstestppd
cups	/usr/bin/lpadmin
cups	/usr/bin/lpinfo
cups	/usr/bin/lpmove
cups	/usr/bin/ppdc
cups	/usr/bin/ppdhtml
cups	/usr/bin/ppdi
cups	/usr/bin/ppdmerge
cups	/usr/bin/ppdpo
cups	/usr/lib/systemd/system/cups.service
cups	/usr/lib/systemd/system/cups.socket
cups	/usr/sbin/cupsaccept
cups	/usr/sbin/cupsctl
cups	/usr/sbin/cupsd
cups	/usr/sbin/cupsdisable
cups	/usr/sbin/cupsenable
cups	/usr/sbin/cupsfilter
cups	/usr/sbin/cupsreject
cups	/usr/sbin/cupstestppd
cups	/usr/sbin/lpadmin
cups	/usr/sbin/lpinfo
cups	/usr/sbin/lpmove
cups	/usr/sbin/ppdc
cups	/usr/sbin/ppdhtml
cups	/usr/sbin/ppdi
cups	/usr/sbin/ppdmerge
cups	/usr/sbin/ppdpo
cups-browsed	/usr/bin/cups-browsed
cups-browsed	/usr/lib/systemd/system/cups-browsed.service
cups-browsed	/usr/sbin/cups-browsed
cups-client	/usr/bin/cancel
cups-client	/usr/bin/cancel.cups
cups-client	/usr/bin/lp
cups-client	/usr/bin/lp.cups
cups-client	/usr/bin/lpc
cups-client	/usr/bin/lpc.cups
cups-client	/usr/bin/lpoptions
cups-client	/usr/bin/lpq
cups-client	/usr/bin/lpq.cups
cups-client	/usr/bin/lpr
cups-client	/usr/bin/lpr.cups
cups-client	/usr/bin/lprm
cups-client	/usr/bin/lprm.cups
cups-client	/usr/bin/lpstat
cups-client	/usr/bin/lpstat.cups
cups-client	/usr/sbin/cancel
cups-client	/usr/sbin/cancel.cups
cups-client	/usr/sbin/lp
cups-client	/usr/sbin/lp.cups
cups-client	/usr/sbin/lpc
cups-client	/usr/sbin/lpc.cups
cups-client	/usr/sbin/lpoptions
cups-client	/usr/sbin/lpq
cups-client	/usr/sbin/lpq.cups
cups-client	/usr/sbin/lpr
cups-client	/usr/sbin/lpr.cups
cups-client	/usr/sbin/lprm
cups-client	/usr/sbin/lprm.cups
cups-client	/usr/sbin/lpstat
cups-client	/usr/sbin/lpstat.cups
cups-filters	/usr/bin/foomatic-hash
cups-filters	/usr/bin/foomatic-rip
cups-filters	/usr/lib/systemd/system/foomaticrip-upgrade.service
cups-filters	/usr/sbin/foomatic-hash
cups-filters	/usr/sbin/foomatic-rip
cups-filters-driverless	/usr/bin/driverless
cups-filters-driverless	/usr/bin/driverless-fax
cups-filters-driverless	/usr/sbin/driverless
cups-filters-driverless	/usr/sbin/driverless-fax
cups-ipptool	/usr/bin/ippfind
cups-ipptool	/usr/bin/ipptool
cups-ipptool	/usr/sbin/ippfind
cups-ipptool	/usr/sbin/ipptool
curl	/usr/bin/curl
curl	/usr/sbin/curl
cyrus-sasl-lib	/usr/bin/cyrusbdb2current
cyrus-sasl-lib	/usr/bin/sasldblistusers2
cyrus-sasl-lib	/usr/bin/saslpasswd2
cyrus-sasl-lib	/usr/sbin/cyrusbdb2current
cyrus-sasl-lib	/usr/sbin/sasldblistusers2
cyrus-sasl-lib	/usr/sbin/saslpasswd2
davfs2	/usr/bin/mount.davfs
davfs2	/usr/bin/umount.davfs
davfs2	/usr/sbin/mount.davfs
davfs2	/usr/sbin/umount.davfs
dbus-broker	/usr/bin/dbus-broker
dbus-broker	/usr/bin/dbus-broker-launch
dbus-broker	/usr/lib/systemd/system/dbus-broker.service
dbus-broker	/usr/lib/systemd/user/dbus-broker.service
dbus-broker	/usr/sbin/dbus-broker
dbus-broker	/usr/sbin/dbus-broker-launch
dbus-common	/usr/lib/systemd/system/dbus.socket
dbus-common	/usr/lib/systemd/user/dbus.socket
dbus-daemon	/usr/bin/dbus-cleanup-sockets
dbus-daemon	/usr/bin/dbus-daemon
dbus-daemon	/usr/bin/dbus-run-session
dbus-daemon	/usr/bin/dbus-test-tool
dbus-daemon	/usr/lib/systemd/system/dbus-daemon.service
dbus-daemon	/usr/lib/systemd/user/dbus-daemon.service
dbus-daemon	/usr/sbin/dbus-cleanup-sockets
dbus-daemon	/usr/sbin/dbus-daemon
dbus-daemon	/usr/sbin/dbus-run-session
dbus-daemon	/usr/sbin/dbus-test-tool
dbus-tools	/usr/bin/dbus-monitor
dbus-tools	/usr/bin/dbus-send
dbus-tools	/usr/bin/dbus-update-activation-environment
dbus-tools	/usr/bin/dbus-uuidgen
dbus-tools	/usr/sbin/dbus-monitor
dbus-tools	/usr/sbin/dbus-send
dbus-tools	/usr/sbin/dbus-update-activation-environment
dbus-tools	/usr/sbin/dbus-uuidgen
dbus-x11	/usr/bin/dbus-launch
dbus-x11	/usr/sbin/dbus-launch
dconf	/usr/bin/dconf
dconf	/usr/lib/systemd/user/dconf.service
dconf	/usr/sbin/dconf
ddcutil	/usr/bin/ddcutil
ddcutil	/usr/sbin/ddcutil
desktop-file-utils	/usr/bin/desktop-file-edit
desktop-file-utils	/usr/bin/desktop-file-install
desktop-file-utils	/usr/bin/desktop-file-validate
desktop-file-utils	/usr/bin/update-desktop-database
desktop-file-utils	/usr/sbin/desktop-file-edit
desktop-file-utils	/usr/sbin/desktop-file-install
desktop-file-utils	/usr/sbin/desktop-file-validate
desktop-file-utils	/usr/sbin/update-desktop-database
device-mapper	/usr/bin/blkdeactivate
device-mapper	/usr/bin/dmfilemapd
device-mapper	/usr/bin/dmsetup
device-mapper	/usr/bin/dmstats
device-mapper	/usr/sbin/blkdeactivate
device-mapper	/usr/sbin/dmfilemapd
device-mapper	/usr/sbin/dmsetup
device-mapper	/usr/sbin/dmstats
device-mapper-event	/usr/bin/dmeventd
device-mapper-event	/usr/lib/systemd/system/dm-event.service
device-mapper-event	/usr/lib/systemd/system/dm-event.socket
device-mapper-event	/usr/sbin/dmeventd
device-mapper-persistent-data	/usr/bin/cache_check
device-mapper-persistent-data	/usr/bin/cache_dump
device-mapper-persistent-data	/usr/bin/cache_metadata_size
device-mapper-persistent-data	/usr/bin/cache_repair
device-mapper-persistent-data	/usr/bin/cache_restore
device-mapper-persistent-data	/usr/bin/cache_writeback
device-mapper-persistent-data	/usr/bin/era_check
device-mapper-persistent-data	/usr/bin/era_dump
device-mapper-persistent-data	/usr/bin/era_invalidate
device-mapper-persistent-data	/usr/bin/era_restore
device-mapper-persistent-data	/usr/bin/pdata_tools
device-mapper-persistent-data	/usr/bin/thin_check
device-mapper-persistent-data	/usr/bin/thin_delta
device-mapper-persistent-data	/usr/bin/thin_dump
device-mapper-persistent-data	/usr/bin/thin_ls
device-mapper-persistent-data	/usr/bin/thin_metadata_pack
device-mapper-persistent-data	/usr/bin/thin_metadata_size
device-mapper-persistent-data	/usr/bin/thin_metadata_unpack
device-mapper-persistent-data	/usr/bin/thin_migrate
device-mapper-persistent-data	/usr/bin/thin_repair
device-mapper-persistent-data	/usr/bin/thin_restore
device-mapper-persistent-data	/usr/bin/thin_rmap
device-mapper-persistent-data	/usr/bin/thin_trim
device-mapper-persistent-data	/usr/sbin/cache_check
device-mapper-persistent-data	/usr/sbin/cache_dump
device-mapper-persistent-data	/usr/sbin/cache_metadata_size
device-mapper-persistent-data	/usr/sbin/cache_repair
device-mapper-persistent-data	/usr/sbin/cache_restore
device-mapper-persistent-data	/usr/sbin/cache_writeback
device-mapper-persistent-data	/usr/sbin/era_check
device-mapper-persistent-data	/usr/sbin/era_dump
device-mapper-persistent-data	/usr/sbin/era_invalidate
device-mapper-persistent-data	/usr/sbin/era_restore
device-mapper-persistent-data	/usr/sbin/pdata_tools
device-mapper-persistent-data	/usr/sbin/thin_check
device-mapper-persistent-data	/usr/sbin/thin_delta
device-mapper-persistent-data	/usr/sbin/thin_dump
device-mapper-persistent-data	/usr/sbin/thin_ls
device-mapper-persistent-data	/usr/sbin/thin_metadata_pack
device-mapper-persistent-data	/usr/sbin/thin_metadata_size
device-mapper-persistent-data	/usr/sbin/thin_metadata_unpack
device-mapper-persistent-data	/usr/sbin/thin_migrate
device-mapper-persistent-data	/usr/sbin/thin_repair
device-mapper-persistent-data	/usr/sbin/thin_restore
device-mapper-persistent-data	/usr/sbin/thin_rmap
device-mapper-persistent-data	/usr/sbin/thin_trim
diffutils	/usr/bin/cmp
diffutils	/usr/bin/diff
diffutils	/usr/bin/diff3
diffutils	/usr/bin/sdiff
diffutils	/usr/sbin/cmp
diffutils	/usr/sbin/diff
diffutils	/usr/sbin/diff3
diffutils	/usr/sbin/sdiff
distrobox	/usr/bin/distrobox
distrobox	/usr/bin/distrobox-assemble
distrobox	/usr/bin/distrobox-create
distrobox	/usr/bin/distrobox-enter
distrobox	/usr/bin/distrobox-ephemeral
distrobox	/usr/bin/distrobox-export
distrobox	/usr/bin/distrobox-generate-entry
distrobox	/usr/bin/distrobox-host-exec
distrobox	/usr/bin/distrobox-init
distrobox	/usr/bin/distrobox-list
distrobox	/usr/bin/distrobox-rm
distrobox	/usr/bin/distrobox-stop
distrobox	/usr/bin/distrobox-upgrade
distrobox	/usr/sbin/distrobox
distrobox	/usr/sbin/distrobox-assemble
distrobox	/usr/sbin/distrobox-create
distrobox	/usr/sbin/distrobox-enter
distrobox	/usr/sbin/distrobox-ephemeral
distrobox	/usr/sbin/distrobox-export
distrobox	/usr/sbin/distrobox-generate-entry
distrobox	/usr/sbin/distrobox-host-exec
distrobox	/usr/sbin/distrobox-init
distrobox	/usr/sbin/distrobox-list
distrobox	/usr/sbin/distrobox-rm
distrobox	/usr/sbin/distrobox-stop
distrobox	/usr/sbin/distrobox-upgrade
dmidecode	/usr/bin/biosdecode
dmidecode	/usr/bin/dmidecode
dmidecode	/usr/bin/ownership
dmidecode	/usr/bin/vpddecode
dmidecode	/usr/sbin/biosdecode
dmidecode	/usr/sbin/dmidecode
dmidecode	/usr/sbin/ownership
dmidecode	/usr/sbin/vpddecode
dnf5	/usr/bin/dnf
dnf5	/usr/bin/dnf5
dnf5	/usr/bin/microdnf
dnf5	/usr/bin/yum
dnf5	/usr/lib/systemd/system/dnf-makecache.service
dnf5	/usr/lib/systemd/system/dnf-makecache.timer
dnf5	/usr/lib/systemd/system/dnf5-makecache.service
dnf5	/usr/lib/systemd/system/dnf5-makecache.timer
dnf5	/usr/lib/systemd/system/dnf5-offline-transaction-cleanup.service
dnf5	/usr/lib/systemd/system/dnf5-offline-transaction.service
dnf5	/usr/sbin/dnf
dnf5	/usr/sbin/dnf5
dnf5	/usr/sbin/microdnf
dnf5	/usr/sbin/yum
dnf5daemon-server	/usr/bin/dnf5daemon-server
dnf5daemon-server	/usr/lib/systemd/system/dnf5daemon-server.service
dnf5daemon-server	/usr/sbin/dnf5daemon-server
dnsmasq	/usr/bin/dnsmasq
dnsmasq	/usr/lib/systemd/system/dnsmasq.service
dnsmasq	/usr/sbin/dnsmasq
dosfstools	/usr/bin/dosfsck
dosfstools	/usr/bin/dosfslabel
dosfstools	/usr/bin/fatlabel
dosfstools	/usr/bin/fsck.fat
dosfstools	/usr/bin/fsck.msdos
dosfstools	/usr/bin/fsck.vfat
dosfstools	/usr/bin/mkdosfs
dosfstools	/usr/bin/mkfs.fat
dosfstools	/usr/bin/mkfs.msdos
dosfstools	/usr/bin/mkfs.vfat
dosfstools	/usr/sbin/dosfsck
dosfstools	/usr/sbin/dosfslabel
dosfstools	/usr/sbin/fatlabel
dosfstools	/usr/sbin/fsck.fat
dosfstools	/usr/sbin/fsck.msdos
dosfstools	/usr/sbin/fsck.vfat
dosfstools	/usr/sbin/mkdosfs
dosfstools	/usr/sbin/mkfs.fat
dosfstools	/usr/sbin/mkfs.msdos
dosfstools	/usr/sbin/mkfs.vfat
dracut	/usr/bin/dracut
dracut	/usr/bin/lsinitrd
dracut	/usr/lib/systemd/system/dracut-cmdline.service
dracut	/usr/lib/systemd/system/dracut-initqueue.service
dracut	/usr/lib/systemd/system/dracut-mount.service
dracut	/usr/lib/systemd/system/dracut-pre-mount.service
dracut	/usr/lib/systemd/system/dracut-pre-pivot.service
dracut	/usr/lib/systemd/system/dracut-pre-trigger.service
dracut	/usr/lib/systemd/system/dracut-pre-udev.service
dracut	/usr/lib/systemd/system/dracut-shutdown-onfailure.service
dracut	/usr/lib/systemd/system/dracut-shutdown.service
dracut	/usr/sbin/dracut
dracut	/usr/sbin/lsinitrd
e2fsprogs	/usr/bin/badblocks
e2fsprogs	/usr/bin/chattr
e2fsprogs	/usr/bin/debugfs
e2fsprogs	/usr/bin/dumpe2fs
e2fsprogs	/usr/bin/e2freefrag
e2fsprogs	/usr/bin/e2fsck
e2fsprogs	/usr/bin/e2image
e2fsprogs	/usr/bin/e2label
e2fsprogs	/usr/bin/e2mmpstatus
e2fsprogs	/usr/bin/e2undo
e2fsprogs	/usr/bin/e4crypt
e2fsprogs	/usr/bin/e4defrag
e2fsprogs	/usr/bin/filefrag
e2fsprogs	/usr/bin/fsck.ext2
e2fsprogs	/usr/bin/fsck.ext3
e2fsprogs	/usr/bin/fsck.ext4
e2fsprogs	/usr/bin/fuse2fs
e2fsprogs	/usr/bin/logsave
e2fsprogs	/usr/bin/lsattr
e2fsprogs	/usr/bin/mke2fs
e2fsprogs	/usr/bin/mkfs.ext2
e2fsprogs	/usr/bin/mkfs.ext3
e2fsprogs	/usr/bin/mkfs.ext4
e2fsprogs	/usr/bin/mklost+found
e2fsprogs	/usr/bin/resize2fs
e2fsprogs	/usr/bin/tune2fs
e2fsprogs	/usr/sbin/badblocks
e2fsprogs	/usr/sbin/chattr
e2fsprogs	/usr/sbin/debugfs
e2fsprogs	/usr/sbin/dumpe2fs
e2fsprogs	/usr/sbin/e2freefrag
e2fsprogs	/usr/sbin/e2fsck
e2fsprogs	/usr/sbin/e2image
e2fsprogs	/usr/sbin/e2label
e2fsprogs	/usr/sbin/e2mmpstatus
e2fsprogs	/usr/sbin/e2undo
e2fsprogs	/usr/sbin/e4crypt
e2fsprogs	/usr/sbin/e4defrag
e2fsprogs	/usr/sbin/filefrag
e2fsprogs	/usr/sbin/fsck.ext2
e2fsprogs	/usr/sbin/fsck.ext3
e2fsprogs	/usr/sbin/fsck.ext4
e2fsprogs	/usr/sbin/fuse2fs
e2fsprogs	/usr/sbin/logsave
e2fsprogs	/usr/sbin/lsattr
e2fsprogs	/usr/sbin/mke2fs
e2fsprogs	/usr/sbin/mkfs.ext2
e2fsprogs	/usr/sbin/mkfs.ext3
e2fsprogs	/usr/sbin/mkfs.ext4
e2fsprogs	/usr/sbin/mklost+found
e2fsprogs	/usr/sbin/resize2fs
e2fsprogs	/usr/sbin/tune2fs
efibootmgr	/usr/bin/efibootdump
efibootmgr	/usr/bin/efibootmgr
efibootmgr	/usr/sbin/efibootdump
efibootmgr	/usr/sbin/efibootmgr
elfutils-debuginfod-client	/usr/bin/debuginfod-find
elfutils-debuginfod-client	/usr/sbin/debuginfod-find
enchant2	/usr/bin/enchant-2
enchant2	/usr/bin/enchant-lsmod-2
enchant2	/usr/sbin/enchant-2
enchant2	/usr/sbin/enchant-lsmod-2
epiphany-runtime	/usr/bin/epiphany
epiphany-runtime	/usr/sbin/epiphany
espeak-ng	/usr/bin/espeak-ng
espeak-ng	/usr/bin/speak-ng
espeak-ng	/usr/sbin/espeak-ng
espeak-ng	/usr/sbin/speak-ng
ethtool	/usr/bin/ethtool
ethtool	/usr/sbin/ethtool
evolution-data-server	/etc/xdg/autostart/org.gnome.Evolution-alarm-notify.desktop
evolution-data-server	/usr/lib/systemd/user/evolution-addressbook-factory.service
evolution-data-server	/usr/lib/systemd/user/evolution-alarm-notify.service
evolution-data-server	/usr/lib/systemd/user/evolution-calendar-factory.service
evolution-data-server	/usr/lib/systemd/user/evolution-source-registry.service
evolution-data-server	/usr/lib/systemd/user/evolution-user-prompter.service
evolution-data-server	/usr/share/applications/org.gnome.Evolution-alarm-notify.desktop
evolution-data-server	/usr/share/applications/org.gnome.evolution-data-server.OAuth2-handler.desktop
evtest	/usr/bin/evtest
evtest	/usr/sbin/evtest
exempi	/usr/bin/exempi
exempi	/usr/sbin/exempi
exfatprogs	/usr/bin/chdosattr
exfatprogs	/usr/bin/dump.exfat
exfatprogs	/usr/bin/exfat2img
exfatprogs	/usr/bin/exfatlabel
exfatprogs	/usr/bin/fsck.exfat
exfatprogs	/usr/bin/lsdosattr
exfatprogs	/usr/bin/mkfs.exfat
exfatprogs	/usr/bin/tune.exfat
exfatprogs	/usr/sbin/chdosattr
exfatprogs	/usr/sbin/dump.exfat
exfatprogs	/usr/sbin/exfat2img
exfatprogs	/usr/sbin/exfatlabel
exfatprogs	/usr/sbin/fsck.exfat
exfatprogs	/usr/sbin/lsdosattr
exfatprogs	/usr/sbin/mkfs.exfat
exfatprogs	/usr/sbin/tune.exfat
exiv2	/usr/bin/exiv2
exiv2	/usr/sbin/exiv2
expat	/usr/bin/xmlwf
expat	/usr/sbin/xmlwf
f2fs-tools	/usr/bin/defrag.f2fs
f2fs-tools	/usr/bin/dump.f2fs
f2fs-tools	/usr/bin/f2fs_io
f2fs-tools	/usr/bin/f2fscrypt
f2fs-tools	/usr/bin/f2fslabel
f2fs-tools	/usr/bin/fibmap.f2fs
f2fs-tools	/usr/bin/fsck.f2fs
f2fs-tools	/usr/bin/mkfs.f2fs
f2fs-tools	/usr/bin/parse.f2fs
f2fs-tools	/usr/bin/resize.f2fs
f2fs-tools	/usr/bin/sload.f2fs
f2fs-tools	/usr/sbin/defrag.f2fs
f2fs-tools	/usr/sbin/dump.f2fs
f2fs-tools	/usr/sbin/f2fs_io
f2fs-tools	/usr/sbin/f2fscrypt
f2fs-tools	/usr/sbin/f2fslabel
f2fs-tools	/usr/sbin/fibmap.f2fs
f2fs-tools	/usr/sbin/fsck.f2fs
f2fs-tools	/usr/sbin/mkfs.f2fs
f2fs-tools	/usr/sbin/parse.f2fs
f2fs-tools	/usr/sbin/resize.f2fs
f2fs-tools	/usr/sbin/sload.f2fs
fastfetch	/usr/bin/fastfetch
fastfetch	/usr/sbin/fastfetch
ffmpeg	/usr/bin/ffmpeg
ffmpeg	/usr/bin/ffplay
ffmpeg	/usr/bin/ffprobe
ffmpeg	/usr/sbin/ffmpeg
ffmpeg	/usr/sbin/ffplay
ffmpeg	/usr/sbin/ffprobe
ffmpegthumbnailer	/usr/bin/ffmpegthumbnailer
ffmpegthumbnailer	/usr/sbin/ffmpegthumbnailer
file	/usr/bin/file
file	/usr/sbin/file
findutils	/usr/bin/find
findutils	/usr/bin/xargs
findutils	/usr/sbin/find
findutils	/usr/sbin/xargs
firewall-config	/usr/bin/firewall-config
firewall-config	/usr/sbin/firewall-config
firewall-config	/usr/share/applications/firewall-config.desktop
firewalld	/usr/bin/firewall-cmd
firewalld	/usr/bin/firewall-offline-cmd
firewalld	/usr/bin/firewalld
firewalld	/usr/lib/systemd/system/firewalld.service
firewalld	/usr/sbin/firewall-cmd
firewalld	/usr/sbin/firewall-offline-cmd
firewalld	/usr/sbin/firewalld
fish	/usr/bin/fish
fish	/usr/bin/fish_indent
fish	/usr/bin/fish_key_reader
fish	/usr/sbin/fish
fish	/usr/sbin/fish_indent
fish	/usr/sbin/fish_key_reader
flatpak	/usr/bin/flatpak
flatpak	/usr/bin/flatpak-bisect
flatpak	/usr/bin/flatpak-coredumpctl
flatpak	/usr/lib/systemd/system/flatpak-system-helper.service
flatpak	/usr/lib/systemd/user/flatpak-oci-authenticator.service
flatpak	/usr/lib/systemd/user/flatpak-portal.service
flatpak	/usr/sbin/flatpak
flatpak	/usr/sbin/flatpak-bisect
flatpak	/usr/sbin/flatpak-coredumpctl
flatpak-session-helper	/usr/lib/systemd/user/flatpak-session-helper.service
flatpak-spawn	/usr/bin/flatpak-spawn
flatpak-spawn	/usr/sbin/flatpak-spawn
flex	/usr/bin/flex
flex	/usr/bin/flex++
flex	/usr/bin/lex
flex	/usr/sbin/flex
flex	/usr/sbin/flex++
flex	/usr/sbin/lex
flite	/usr/bin/flite
flite	/usr/bin/flite_cmu_time_awb
flite	/usr/bin/flite_cmu_us_awb
flite	/usr/bin/flite_cmu_us_kal
flite	/usr/bin/flite_cmu_us_kal16
flite	/usr/bin/flite_cmu_us_rms
flite	/usr/bin/flite_cmu_us_slt
flite	/usr/bin/flite_time
flite	/usr/sbin/flite
flite	/usr/sbin/flite_cmu_time_awb
flite	/usr/sbin/flite_cmu_us_awb
flite	/usr/sbin/flite_cmu_us_kal
flite	/usr/sbin/flite_cmu_us_kal16
flite	/usr/sbin/flite_cmu_us_rms
flite	/usr/sbin/flite_cmu_us_slt
flite	/usr/sbin/flite_time
fontconfig	/usr/bin/fc-cache
fontconfig	/usr/bin/fc-cache-64
fontconfig	/usr/bin/fc-cat
fontconfig	/usr/bin/fc-conflist
fontconfig	/usr/bin/fc-list
fontconfig	/usr/bin/fc-match
fontconfig	/usr/bin/fc-pattern
fontconfig	/usr/bin/fc-query
fontconfig	/usr/bin/fc-scan
fontconfig	/usr/bin/fc-validate
fontconfig	/usr/sbin/fc-cache
fontconfig	/usr/sbin/fc-cache-64
fontconfig	/usr/sbin/fc-cat
fontconfig	/usr/sbin/fc-conflist
fontconfig	/usr/sbin/fc-list
fontconfig	/usr/sbin/fc-match
fontconfig	/usr/sbin/fc-pattern
fontconfig	/usr/sbin/fc-query
fontconfig	/usr/sbin/fc-scan
fontconfig	/usr/sbin/fc-validate
foo2zjs	/usr/bin/foo2zjs
foo2zjs	/usr/bin/foo2zjs-pstops
foo2zjs	/usr/bin/foo2zjs-wrapper
foo2zjs	/usr/bin/printer-profile
foo2zjs	/usr/bin/zjsdecode
foo2zjs	/usr/sbin/foo2zjs
foo2zjs	/usr/sbin/foo2zjs-pstops
foo2zjs	/usr/sbin/foo2zjs-wrapper
foo2zjs	/usr/sbin/printer-profile
foo2zjs	/usr/sbin/zjsdecode
fpaste	/usr/bin/fpaste
fpaste	/usr/sbin/fpaste
fprintd	/usr/bin/fprintd-delete
fprintd	/usr/bin/fprintd-enroll
fprintd	/usr/bin/fprintd-list
fprintd	/usr/bin/fprintd-verify
fprintd	/usr/lib/systemd/system/fprintd.service
fprintd	/usr/sbin/fprintd-delete
fprintd	/usr/sbin/fprintd-enroll
fprintd	/usr/sbin/fprintd-list
fprintd	/usr/sbin/fprintd-verify
fribidi	/usr/bin/fribidi
fribidi	/usr/sbin/fribidi
fuse	/usr/bin/fusermount
fuse	/usr/bin/mount.fuse
fuse	/usr/bin/ulockmgr_server
fuse	/usr/sbin/fusermount
fuse	/usr/sbin/mount.fuse
fuse	/usr/sbin/ulockmgr_server
fuse-encfs	/usr/bin/encfs
fuse-encfs	/usr/bin/encfsctl
fuse-encfs	/usr/bin/encfssh
fuse-encfs	/usr/sbin/encfs
fuse-encfs	/usr/sbin/encfsctl
fuse-encfs	/usr/sbin/encfssh
fuse-overlayfs	/usr/bin/fuse-overlayfs
fuse-overlayfs	/usr/sbin/fuse-overlayfs
fuse3	/usr/bin/fusermount3
fuse3	/usr/bin/mount.fuse3
fuse3	/usr/sbin/fusermount3
fuse3	/usr/sbin/mount.fuse3
fwupd	/usr/bin/dbxtool
fwupd	/usr/bin/fwupdmgr
fwupd	/usr/bin/fwupdtool
fwupd	/usr/lib/systemd/system/fwupd-refresh.service
fwupd	/usr/lib/systemd/system/fwupd-refresh.timer
fwupd	/usr/lib/systemd/system/fwupd.service
fwupd	/usr/sbin/dbxtool
fwupd	/usr/sbin/fwupdmgr
fwupd	/usr/sbin/fwupdtool
fxload	/usr/bin/fxload
fxload	/usr/sbin/fxload
fzf	/usr/bin/fzf
fzf	/usr/bin/fzf-tmux
fzf	/usr/sbin/fzf
fzf	/usr/sbin/fzf-tmux
gamemode	/usr/bin/gamemode-simulate-game
gamemode	/usr/bin/gamemoded
gamemode	/usr/bin/gamemodelist
gamemode	/usr/bin/gamemoderun
gamemode	/usr/lib/systemd/user/gamemoded.service
gamemode	/usr/sbin/gamemode-simulate-game
gamemode	/usr/sbin/gamemoded
gamemode	/usr/sbin/gamemodelist
gamemode	/usr/sbin/gamemoderun
gawk	/usr/bin/awk
gawk	/usr/bin/gawk
gawk	/usr/bin/gawkbug
gawk	/usr/sbin/awk
gawk	/usr/sbin/gawk
gawk	/usr/sbin/gawkbug
gcc	/usr/bin/c89
gcc	/usr/bin/c99
gcc	/usr/bin/cc
gcc	/usr/bin/gcc
gcc	/usr/bin/gcc-ar
gcc	/usr/bin/gcc-nm
gcc	/usr/bin/gcc-ranlib
gcc	/usr/bin/gcov
gcc	/usr/bin/gcov-dump
gcc	/usr/bin/gcov-tool
gcc	/usr/bin/lto-dump
gcc	/usr/bin/x86_64-redhat-linux-gcc
gcc	/usr/bin/x86_64-redhat-linux-gcc-16
gcc	/usr/sbin/c89
gcc	/usr/sbin/c99
gcc	/usr/sbin/cc
gcc	/usr/sbin/gcc
gcc	/usr/sbin/gcc-ar
gcc	/usr/sbin/gcc-nm
gcc	/usr/sbin/gcc-ranlib
gcc	/usr/sbin/gcov
gcc	/usr/sbin/gcov-dump
gcc	/usr/sbin/gcov-tool
gcc	/usr/sbin/lto-dump
gcc	/usr/sbin/x86_64-redhat-linux-gcc
gcc	/usr/sbin/x86_64-redhat-linux-gcc-16
gcc-c++	/usr/bin/c++
gcc-c++	/usr/bin/g++
gcc-c++	/usr/bin/x86_64-redhat-linux-c++
gcc-c++	/usr/bin/x86_64-redhat-linux-g++
gcc-c++	/usr/sbin/c++
gcc-c++	/usr/sbin/g++
gcc-c++	/usr/sbin/x86_64-redhat-linux-c++
gcc-c++	/usr/sbin/x86_64-redhat-linux-g++
gcr	/usr/bin/gcr-viewer-gtk4
gcr	/usr/lib/systemd/user/gcr-ssh-agent.service
gcr	/usr/lib/systemd/user/gcr-ssh-agent.socket
gcr	/usr/sbin/gcr-viewer-gtk4
gcr3	/usr/bin/gcr-viewer
gcr3	/usr/sbin/gcr-viewer
gcr3	/usr/share/applications/gcr-prompter.desktop
gcr3	/usr/share/applications/gcr-viewer.desktop
gdbm	/usr/bin/gdbm_dump
gdbm	/usr/bin/gdbm_load
gdbm	/usr/bin/gdbmtool
gdbm	/usr/sbin/gdbm_dump
gdbm	/usr/sbin/gdbm_load
gdbm	/usr/sbin/gdbmtool
gdk-pixbuf2	/usr/bin/gdk-pixbuf-query-loaders-64
gdk-pixbuf2	/usr/sbin/gdk-pixbuf-query-loaders-64
gdm	/usr/bin/gdm
gdm	/usr/bin/gdm-config
gdm	/usr/lib/systemd/system/gdm.service
gdm	/usr/lib/systemd/system/gnome-headless-session@.service
gdm	/usr/sbin/gdm
gdm	/usr/sbin/gdm-config
gdm	/usr/share/gnome-session/sessions/gnome-login.session
geoclue2	/etc/xdg/autostart/geoclue-demo-agent.desktop
geoclue2	/usr/lib/systemd/system/geoclue.service
geoclue2	/usr/share/applications/geoclue-demo-agent.desktop
gettext	/usr/bin/msgattrib
gettext	/usr/bin/msgcat
gettext	/usr/bin/msgcmp
gettext	/usr/bin/msgcomm
gettext	/usr/bin/msgconv
gettext	/usr/bin/msgen
gettext	/usr/bin/msgexec
gettext	/usr/bin/msgfilter
gettext	/usr/bin/msgfmt
gettext	/usr/bin/msggrep
gettext	/usr/bin/msginit
gettext	/usr/bin/msgmerge
gettext	/usr/bin/msgunfmt
gettext	/usr/bin/msguniq
gettext	/usr/bin/recode-sr-latin
gettext	/usr/bin/xgettext
gettext	/usr/sbin/msgattrib
gettext	/usr/sbin/msgcat
gettext	/usr/sbin/msgcmp
gettext	/usr/sbin/msgcomm
gettext	/usr/sbin/msgconv
gettext	/usr/sbin/msgen
gettext	/usr/sbin/msgexec
gettext	/usr/sbin/msgfilter
gettext	/usr/sbin/msgfmt
gettext	/usr/sbin/msggrep
gettext	/usr/sbin/msginit
gettext	/usr/sbin/msgmerge
gettext	/usr/sbin/msgunfmt
gettext	/usr/sbin/msguniq
gettext	/usr/sbin/recode-sr-latin
gettext	/usr/sbin/xgettext
gettext-envsubst	/usr/bin/envsubst
gettext-envsubst	/usr/sbin/envsubst
gettext-runtime	/usr/bin/gettext
gettext-runtime	/usr/bin/gettext.sh
gettext-runtime	/usr/bin/ngettext
gettext-runtime	/usr/bin/printf_gettext
gettext-runtime	/usr/bin/printf_ngettext
gettext-runtime	/usr/sbin/gettext
gettext-runtime	/usr/sbin/gettext.sh
gettext-runtime	/usr/sbin/ngettext
gettext-runtime	/usr/sbin/printf_gettext
gettext-runtime	/usr/sbin/printf_ngettext
ghostscript	/usr/bin/eps2eps
ghostscript	/usr/bin/ghostscript
ghostscript	/usr/bin/gs
ghostscript	/usr/bin/gsnd
ghostscript	/usr/bin/pdf2dsc
ghostscript	/usr/bin/pdf2ps
ghostscript	/usr/bin/ps2ascii
ghostscript	/usr/bin/ps2epsi
ghostscript	/usr/bin/ps2pdf
ghostscript	/usr/bin/ps2pdf12
ghostscript	/usr/bin/ps2pdf13
ghostscript	/usr/bin/ps2pdf14
ghostscript	/usr/bin/ps2pdfwr
ghostscript	/usr/bin/ps2ps
ghostscript	/usr/bin/ps2ps2
ghostscript	/usr/sbin/eps2eps
ghostscript	/usr/sbin/ghostscript
ghostscript	/usr/sbin/gs
ghostscript	/usr/sbin/gsnd
ghostscript	/usr/sbin/pdf2dsc
ghostscript	/usr/sbin/pdf2ps
ghostscript	/usr/sbin/ps2ascii
ghostscript	/usr/sbin/ps2epsi
ghostscript	/usr/sbin/ps2pdf
ghostscript	/usr/sbin/ps2pdf12
ghostscript	/usr/sbin/ps2pdf13
ghostscript	/usr/sbin/ps2pdf14
ghostscript	/usr/sbin/ps2pdfwr
ghostscript	/usr/sbin/ps2ps
ghostscript	/usr/sbin/ps2ps2
ghostscript-tools-fontutils	/usr/bin/pf2afm
ghostscript-tools-fontutils	/usr/bin/pfbtopfa
ghostscript-tools-fontutils	/usr/bin/printafm
ghostscript-tools-fontutils	/usr/sbin/pf2afm
ghostscript-tools-fontutils	/usr/sbin/pfbtopfa
ghostscript-tools-fontutils	/usr/sbin/printafm
ghostscript-tools-printing	/usr/bin/gsbj
ghostscript-tools-printing	/usr/bin/gsdj
ghostscript-tools-printing	/usr/bin/gsdj500
ghostscript-tools-printing	/usr/bin/gslj
ghostscript-tools-printing	/usr/bin/gslp
ghostscript-tools-printing	/usr/bin/pphs
ghostscript-tools-printing	/usr/sbin/gsbj
ghostscript-tools-printing	/usr/sbin/gsdj
ghostscript-tools-printing	/usr/sbin/gsdj500
ghostscript-tools-printing	/usr/sbin/gslj
ghostscript-tools-printing	/usr/sbin/gslp
ghostscript-tools-printing	/usr/sbin/pphs
git-core	/usr/bin/git
git-core	/usr/bin/git-receive-pack
git-core	/usr/bin/git-shell
git-core	/usr/bin/git-upload-archive
git-core	/usr/bin/git-upload-pack
git-core	/usr/bin/scalar
git-core	/usr/sbin/git
git-core	/usr/sbin/git-receive-pack
git-core	/usr/sbin/git-shell
git-core	/usr/sbin/git-upload-archive
git-core	/usr/sbin/git-upload-pack
git-core	/usr/sbin/scalar
gjs	/usr/bin/gjs
gjs	/usr/bin/gjs-console
gjs	/usr/sbin/gjs
gjs	/usr/sbin/gjs-console
glib-networking	/usr/lib/systemd/user/glib-pacrunner.service
glib2	/usr/bin/gapplication
glib2	/usr/bin/gdbus
glib2	/usr/bin/gio
glib2	/usr/bin/gio-querymodules-64
glib2	/usr/bin/glib-compile-schemas
glib2	/usr/bin/gsettings
glib2	/usr/sbin/gapplication
glib2	/usr/sbin/gdbus
glib2	/usr/sbin/gio
glib2	/usr/sbin/gio-querymodules-64
glib2	/usr/sbin/glib-compile-schemas
glib2	/usr/sbin/gsettings
glibc	/usr/bin/iconvconfig
glibc	/usr/bin/ldconfig
glibc	/usr/sbin/iconvconfig
glibc	/usr/sbin/ldconfig
glibc-common	/usr/bin/gencat
glibc-common	/usr/bin/getconf
glibc-common	/usr/bin/getent
glibc-common	/usr/bin/iconv
glibc-common	/usr/bin/ld.so
glibc-common	/usr/bin/ldd
glibc-common	/usr/bin/locale
glibc-common	/usr/bin/localedef
glibc-common	/usr/bin/pldd
glibc-common	/usr/bin/sotruss
glibc-common	/usr/bin/sprof
glibc-common	/usr/bin/tzselect
glibc-common	/usr/bin/zdump
glibc-common	/usr/bin/zic
glibc-common	/usr/sbin/gencat
glibc-common	/usr/sbin/getconf
glibc-common	/usr/sbin/getent
glibc-common	/usr/sbin/iconv
glibc-common	/usr/sbin/ld.so
glibc-common	/usr/sbin/ldd
glibc-common	/usr/sbin/locale
glibc-common	/usr/sbin/localedef
glibc-common	/usr/sbin/pldd
glibc-common	/usr/sbin/sotruss
glibc-common	/usr/sbin/sprof
glibc-common	/usr/sbin/tzselect
glibc-common	/usr/sbin/zdump
glibc-common	/usr/sbin/zic
glow	/usr/bin/glow
glow	/usr/sbin/glow
glx-utils	/usr/bin/glxgears
glx-utils	/usr/bin/glxinfo
glx-utils	/usr/bin/glxinfo64
glx-utils	/usr/sbin/glxgears
glx-utils	/usr/sbin/glxinfo
glx-utils	/usr/sbin/glxinfo64
glycin-thumbnailer	/usr/bin/glycin-thumbnailer
glycin-thumbnailer	/usr/sbin/glycin-thumbnailer
gnome-bluetooth	/usr/bin/bluetooth-sendto
gnome-bluetooth	/usr/sbin/bluetooth-sendto
gnome-bluetooth	/usr/share/applications/bluetooth-sendto.desktop
gnome-browser-connector	/usr/bin/gnome-browser-connector
gnome-browser-connector	/usr/bin/gnome-browser-connector-host
gnome-browser-connector	/usr/sbin/gnome-browser-connector
gnome-browser-connector	/usr/sbin/gnome-browser-connector-host
gnome-browser-connector	/usr/share/applications/org.gnome.BrowserConnector.desktop
gnome-classic-session	/usr/share/gnome-session/sessions/gnome-classic.session
gnome-classic-session	/usr/share/wayland-sessions/gnome-classic.desktop
gnome-color-manager	/usr/bin/gcm-import
gnome-color-manager	/usr/bin/gcm-inspect
gnome-color-manager	/usr/bin/gcm-picker
gnome-color-manager	/usr/bin/gcm-viewer
gnome-color-manager	/usr/sbin/gcm-import
gnome-color-manager	/usr/sbin/gcm-inspect
gnome-color-manager	/usr/sbin/gcm-picker
gnome-color-manager	/usr/sbin/gcm-viewer
gnome-color-manager	/usr/share/applications/gcm-import.desktop
gnome-color-manager	/usr/share/applications/gcm-picker.desktop
gnome-color-manager	/usr/share/applications/org.gnome.ColorProfileViewer.desktop
gnome-control-center	/usr/bin/gnome-control-center
gnome-control-center	/usr/sbin/gnome-control-center
gnome-control-center	/usr/share/applications/gnome-about-panel.desktop
gnome-control-center	/usr/share/applications/gnome-applications-panel.desktop
gnome-control-center	/usr/share/applications/gnome-background-panel.desktop
gnome-control-center	/usr/share/applications/gnome-bluetooth-panel.desktop
gnome-control-center	/usr/share/applications/gnome-color-panel.desktop
gnome-control-center	/usr/share/applications/gnome-datetime-panel.desktop
gnome-control-center	/usr/share/applications/gnome-display-panel.desktop
gnome-control-center	/usr/share/applications/gnome-keyboard-panel.desktop
gnome-control-center	/usr/share/applications/gnome-mouse-panel.desktop
gnome-control-center	/usr/share/applications/gnome-multitasking-panel.desktop
gnome-control-center	/usr/share/applications/gnome-network-panel.desktop
gnome-control-center	/usr/share/applications/gnome-notifications-panel.desktop
gnome-control-center	/usr/share/applications/gnome-online-accounts-panel.desktop
gnome-control-center	/usr/share/applications/gnome-power-panel.desktop
gnome-control-center	/usr/share/applications/gnome-printers-panel.desktop
gnome-control-center	/usr/share/applications/gnome-privacy-panel.desktop
gnome-control-center	/usr/share/applications/gnome-region-panel.desktop
gnome-control-center	/usr/share/applications/gnome-search-panel.desktop
gnome-control-center	/usr/share/applications/gnome-sharing-panel.desktop
gnome-control-center	/usr/share/applications/gnome-sound-panel.desktop
gnome-control-center	/usr/share/applications/gnome-system-panel.desktop
gnome-control-center	/usr/share/applications/gnome-universal-access-panel.desktop
gnome-control-center	/usr/share/applications/gnome-users-panel.desktop
gnome-control-center	/usr/share/applications/gnome-wacom-panel.desktop
gnome-control-center	/usr/share/applications/gnome-wellbeing-panel.desktop
gnome-control-center	/usr/share/applications/gnome-wifi-panel.desktop
gnome-control-center	/usr/share/applications/gnome-wwan-panel.desktop
gnome-control-center	/usr/share/applications/org.gnome.Settings.desktop
gnome-disk-utility	/etc/xdg/autostart/org.gnome.SettingsDaemon.DiskUtilityNotify.desktop
gnome-disk-utility	/usr/bin/gnome-disk-image-mounter
gnome-disk-utility	/usr/bin/gnome-disks
gnome-disk-utility	/usr/sbin/gnome-disk-image-mounter
gnome-disk-utility	/usr/sbin/gnome-disks
gnome-disk-utility	/usr/share/applications/gnome-disk-image-mounter.desktop
gnome-disk-utility	/usr/share/applications/gnome-disk-image-writer.desktop
gnome-disk-utility	/usr/share/applications/org.gnome.DiskUtility.desktop
gnome-epub-thumbnailer	/usr/bin/gnome-epub-thumbnailer
gnome-epub-thumbnailer	/usr/bin/gnome-mobi-thumbnailer
gnome-epub-thumbnailer	/usr/sbin/gnome-epub-thumbnailer
gnome-epub-thumbnailer	/usr/sbin/gnome-mobi-thumbnailer
gnome-initial-setup	/usr/lib/systemd/user/gnome-initial-setup-copy-worker.service
gnome-initial-setup	/usr/lib/systemd/user/gnome-initial-setup-first-login.service
gnome-initial-setup	/usr/lib/systemd/user/gnome-initial-setup.service
gnome-initial-setup	/usr/share/applications/gnome-initial-setup.desktop
gnome-initial-setup	/usr/share/gnome-session/sessions/gnome-initial-setup.session
gnome-keyring	/etc/xdg/autostart/gnome-keyring-pkcs11.desktop
gnome-keyring	/etc/xdg/autostart/gnome-keyring-secrets.desktop
gnome-keyring	/etc/xdg/autostart/gnome-keyring-ssh.desktop
gnome-keyring	/usr/bin/gnome-keyring
gnome-keyring	/usr/bin/gnome-keyring-3
gnome-keyring	/usr/bin/gnome-keyring-daemon
gnome-keyring	/usr/lib/systemd/user/gnome-keyring-daemon.service
gnome-keyring	/usr/lib/systemd/user/gnome-keyring-daemon.socket
gnome-keyring	/usr/sbin/gnome-keyring
gnome-keyring	/usr/sbin/gnome-keyring-3
gnome-keyring	/usr/sbin/gnome-keyring-daemon
gnome-online-accounts	/usr/share/applications/org.gnome.OnlineAccounts.OAuth2.desktop
gnome-online-accounts	/usr/share/applications/org.gnome.goa-daemon.desktop
gnome-remote-desktop	/usr/bin/grdctl
gnome-remote-desktop	/usr/lib/systemd/system/gnome-remote-desktop-configuration.service
gnome-remote-desktop	/usr/lib/systemd/system/gnome-remote-desktop.service
gnome-remote-desktop	/usr/lib/systemd/user/gnome-remote-desktop-handover.service
gnome-remote-desktop	/usr/lib/systemd/user/gnome-remote-desktop-headless.service
gnome-remote-desktop	/usr/lib/systemd/user/gnome-remote-desktop.service
gnome-remote-desktop	/usr/sbin/grdctl
gnome-session	/usr/bin/gnome-session
gnome-session	/usr/bin/gnome-session-inhibit
gnome-session	/usr/bin/gnome-session-quit
gnome-session	/usr/lib/systemd/user/gnome-session-manager@.service
gnome-session	/usr/lib/systemd/user/gnome-session-monitor.service
gnome-session	/usr/lib/systemd/user/gnome-session-restart-dbus.service
gnome-session	/usr/lib/systemd/user/gnome-session-signal-init.service
gnome-session	/usr/sbin/gnome-session
gnome-session	/usr/sbin/gnome-session-inhibit
gnome-session	/usr/sbin/gnome-session-quit
gnome-session	/usr/share/gnome-session/sessions/gnome.session
gnome-session-wayland-session	/usr/share/wayland-sessions/gnome.desktop
gnome-settings-daemon	/usr/lib/systemd/user/org.gnome.SettingsDaemon.A11ySettings.service
gnome-settings-daemon	/usr/lib/systemd/user/org.gnome.SettingsDaemon.Color.service
gnome-settings-daemon	/usr/lib/systemd/user/org.gnome.SettingsDaemon.Datetime.service
gnome-settings-daemon	/usr/lib/systemd/user/org.gnome.SettingsDaemon.Housekeeping.service
gnome-settings-daemon	/usr/lib/systemd/user/org.gnome.SettingsDaemon.Keyboard.service
gnome-settings-daemon	/usr/lib/systemd/user/org.gnome.SettingsDaemon.MediaKeys.service
gnome-settings-daemon	/usr/lib/systemd/user/org.gnome.SettingsDaemon.Power.service
gnome-settings-daemon	/usr/lib/systemd/user/org.gnome.SettingsDaemon.PrintNotifications.service
gnome-settings-daemon	/usr/lib/systemd/user/org.gnome.SettingsDaemon.Rfkill.service
gnome-settings-daemon	/usr/lib/systemd/user/org.gnome.SettingsDaemon.ScreensaverProxy.service
gnome-settings-daemon	/usr/lib/systemd/user/org.gnome.SettingsDaemon.Sharing.service
gnome-settings-daemon	/usr/lib/systemd/user/org.gnome.SettingsDaemon.Smartcard.service
gnome-settings-daemon	/usr/lib/systemd/user/org.gnome.SettingsDaemon.Sound.service
gnome-settings-daemon	/usr/lib/systemd/user/org.gnome.SettingsDaemon.UsbProtection.service
gnome-settings-daemon	/usr/lib/systemd/user/org.gnome.SettingsDaemon.Wwan.service
gnome-settings-daemon	/usr/lib/systemd/user/org.gnome.SettingsDaemon.XSettings.service
gnome-shell	/usr/bin/gnome-extensions
gnome-shell	/usr/bin/gnome-shell
gnome-shell	/usr/bin/gnome-shell-extension-tool
gnome-shell	/usr/bin/gnome-shell-test-tool
gnome-shell	/usr/lib/systemd/user/org.gnome.Shell-disable-extensions.service
gnome-shell	/usr/lib/systemd/user/org.gnome.Shell@.service
gnome-shell	/usr/sbin/gnome-extensions
gnome-shell	/usr/sbin/gnome-shell
gnome-shell	/usr/sbin/gnome-shell-extension-tool
gnome-shell	/usr/sbin/gnome-shell-test-tool
gnome-shell	/usr/share/applications/org.gnome.Shell.Extensions.desktop
gnome-shell	/usr/share/applications/org.gnome.Shell.PortalHelper.desktop
gnome-shell-extension-gsconnect	/usr/share/applications/org.gnome.Shell.Extensions.GSConnect.Preferences.desktop
gnome-shell-extension-gsconnect	/usr/share/applications/org.gnome.Shell.Extensions.GSConnect.desktop
gnome-system-monitor	/usr/bin/gnome-system-monitor
gnome-system-monitor	/usr/sbin/gnome-system-monitor
gnome-system-monitor	/usr/share/applications/gnome-system-monitor-kde.desktop
gnome-system-monitor	/usr/share/applications/org.gnome.SystemMonitor.desktop
gnome-tour	/usr/bin/gnome-tour
gnome-tour	/usr/sbin/gnome-tour
gnome-tour	/usr/share/applications/org.gnome.Tour.desktop
gnome-tweaks	/usr/bin/gnome-tweaks
gnome-tweaks	/usr/sbin/gnome-tweaks
gnome-tweaks	/usr/share/applications/org.gnome.tweaks.desktop
gnome-user-share	/usr/lib/systemd/user/gnome-user-share-webdav.service
gnome-user-share	/usr/share/applications/gnome-user-share-webdav.desktop
gnupg2	/usr/bin/gpg
gnupg2	/usr/bin/gpg2
gnupg2	/usr/sbin/gpg
gnupg2	/usr/sbin/gpg2
gnupg2-dirmngr	/usr/bin/dirmngr
gnupg2-dirmngr	/usr/bin/dirmngr-client
gnupg2-dirmngr	/usr/lib/systemd/user/dirmngr.service
gnupg2-dirmngr	/usr/lib/systemd/user/dirmngr.socket
gnupg2-dirmngr	/usr/sbin/dirmngr
gnupg2-dirmngr	/usr/sbin/dirmngr-client
gnupg2-gpg-agent	/usr/bin/gpg-agent
gnupg2-gpg-agent	/usr/lib/systemd/user/gpg-agent-browser.socket
gnupg2-gpg-agent	/usr/lib/systemd/user/gpg-agent-extra.socket
gnupg2-gpg-agent	/usr/lib/systemd/user/gpg-agent-ssh.socket
gnupg2-gpg-agent	/usr/lib/systemd/user/gpg-agent.service
gnupg2-gpg-agent	/usr/lib/systemd/user/gpg-agent.socket
gnupg2-gpg-agent	/usr/sbin/gpg-agent
gnupg2-gpgconf	/usr/bin/gpg-connect-agent
gnupg2-gpgconf	/usr/bin/gpgconf
gnupg2-gpgconf	/usr/sbin/gpg-connect-agent
gnupg2-gpgconf	/usr/sbin/gpgconf
gnupg2-keyboxd	/usr/lib/systemd/user/keyboxd.service
gnupg2-keyboxd	/usr/lib/systemd/user/keyboxd.socket
gnupg2-scdaemon	/usr/bin/gpg-card
gnupg2-scdaemon	/usr/sbin/gpg-card
gnupg2-verify	/usr/bin/gpgv
gnupg2-verify	/usr/bin/gpgv2
gnupg2-verify	/usr/sbin/gpgv
gnupg2-verify	/usr/sbin/gpgv2
gpgme	/usr/bin/gnupg-key-manage
gpgme	/usr/bin/gpgme-json
gpgme	/usr/sbin/gnupg-key-manage
gpgme	/usr/sbin/gpgme-json
graphite2	/usr/bin/gr2fonttest
graphite2	/usr/sbin/gr2fonttest
grep	/usr/bin/egrep
grep	/usr/bin/fgrep
grep	/usr/bin/grep
grep	/usr/sbin/egrep
grep	/usr/sbin/fgrep
grep	/usr/sbin/grep
groff-base	/usr/bin/eqn
groff-base	/usr/bin/geqn
groff-base	/usr/bin/gneqn
groff-base	/usr/bin/gnroff
groff-base	/usr/bin/gpic
groff-base	/usr/bin/groff
groff-base	/usr/bin/grops
groff-base	/usr/bin/grotty
groff-base	/usr/bin/gsoelim
groff-base	/usr/bin/gtbl
groff-base	/usr/bin/gtroff
groff-base	/usr/bin/neqn
groff-base	/usr/bin/nroff
groff-base	/usr/bin/pic
groff-base	/usr/bin/post-grohtml
groff-base	/usr/bin/pre-grohtml
groff-base	/usr/bin/preconv
groff-base	/usr/bin/soelim
groff-base	/usr/bin/soelim.groff
groff-base	/usr/bin/tbl
groff-base	/usr/bin/troff
groff-base	/usr/bin/zsoelim
groff-base	/usr/sbin/eqn
groff-base	/usr/sbin/geqn
groff-base	/usr/sbin/gneqn
groff-base	/usr/sbin/gnroff
groff-base	/usr/sbin/gpic
groff-base	/usr/sbin/groff
groff-base	/usr/sbin/grops
groff-base	/usr/sbin/grotty
groff-base	/usr/sbin/gsoelim
groff-base	/usr/sbin/gtbl
groff-base	/usr/sbin/gtroff
groff-base	/usr/sbin/neqn
groff-base	/usr/sbin/nroff
groff-base	/usr/sbin/pic
groff-base	/usr/sbin/post-grohtml
groff-base	/usr/sbin/pre-grohtml
groff-base	/usr/sbin/preconv
groff-base	/usr/sbin/soelim
groff-base	/usr/sbin/soelim.groff
groff-base	/usr/sbin/tbl
groff-base	/usr/sbin/troff
groff-base	/usr/sbin/zsoelim
grub2-efi-ia32	/usr/bin/gen_grub_cfgstub
grub2-tools	/usr/bin/grub2-bios-setup
grub2-tools	/usr/bin/grub2-file
grub2-tools	/usr/bin/grub2-install
grub2-tools	/usr/bin/grub2-menulst2cfg
grub2-tools	/usr/bin/grub2-mkconfig
grub2-tools	/usr/bin/grub2-mkimage
grub2-tools	/usr/bin/grub2-mkrelpath
grub2-tools	/usr/bin/grub2-reboot
grub2-tools	/usr/bin/grub2-script-check
grub2-tools	/usr/bin/grub2-switch-to-blscfg
grub2-tools	/usr/lib/systemd/system/grub-boot-indeterminate.service
grub2-tools	/usr/lib/systemd/system/grub2-systemd-integration.service
grub2-tools	/usr/lib/systemd/user/grub-boot-success.service
grub2-tools	/usr/sbin/grub2-bios-setup
grub2-tools	/usr/sbin/grub2-file
grub2-tools	/usr/sbin/grub2-install
grub2-tools	/usr/sbin/grub2-menulst2cfg
grub2-tools	/usr/sbin/grub2-mkconfig
grub2-tools	/usr/sbin/grub2-mkimage
grub2-tools	/usr/sbin/grub2-mkrelpath
grub2-tools	/usr/sbin/grub2-reboot
grub2-tools	/usr/sbin/grub2-script-check
grub2-tools	/usr/sbin/grub2-switch-to-blscfg
grub2-tools-extra	/usr/bin/grub2-fstest
grub2-tools-extra	/usr/bin/grub2-kbdcomp
grub2-tools-extra	/usr/bin/grub2-mkfont
grub2-tools-extra	/usr/bin/grub2-mklayout
grub2-tools-extra	/usr/bin/grub2-mknetdir
grub2-tools-extra	/usr/bin/grub2-mkrescue
grub2-tools-extra	/usr/bin/grub2-mkstandalone
grub2-tools-extra	/usr/bin/grub2-syslinux2cfg
grub2-tools-extra	/usr/sbin/grub2-fstest
grub2-tools-extra	/usr/sbin/grub2-kbdcomp
grub2-tools-extra	/usr/sbin/grub2-mkfont
grub2-tools-extra	/usr/sbin/grub2-mklayout
grub2-tools-extra	/usr/sbin/grub2-mknetdir
grub2-tools-extra	/usr/sbin/grub2-mkrescue
grub2-tools-extra	/usr/sbin/grub2-mkstandalone
grub2-tools-extra	/usr/sbin/grub2-syslinux2cfg
grub2-tools-minimal	/usr/bin/grub2-editenv
grub2-tools-minimal	/usr/bin/grub2-get-kernel-settings
grub2-tools-minimal	/usr/bin/grub2-mkpasswd-pbkdf2
grub2-tools-minimal	/usr/bin/grub2-mount
grub2-tools-minimal	/usr/bin/grub2-probe
grub2-tools-minimal	/usr/bin/grub2-set-bootflag
grub2-tools-minimal	/usr/bin/grub2-set-default
grub2-tools-minimal	/usr/bin/grub2-set-password
grub2-tools-minimal	/usr/bin/grub2-setpassword
grub2-tools-minimal	/usr/sbin/grub2-editenv
grub2-tools-minimal	/usr/sbin/grub2-get-kernel-settings
grub2-tools-minimal	/usr/sbin/grub2-mkpasswd-pbkdf2
grub2-tools-minimal	/usr/sbin/grub2-mount
grub2-tools-minimal	/usr/sbin/grub2-probe
grub2-tools-minimal	/usr/sbin/grub2-set-bootflag
grub2-tools-minimal	/usr/sbin/grub2-set-default
grub2-tools-minimal	/usr/sbin/grub2-set-password
grub2-tools-minimal	/usr/sbin/grub2-setpassword
gsl	/usr/bin/gsl-histogram
gsl	/usr/bin/gsl-randist
gsl	/usr/sbin/gsl-histogram
gsl	/usr/sbin/gsl-randist
gsound	/usr/bin/gsound-play
gsound	/usr/sbin/gsound-play
gssproxy	/usr/bin/gssproxy
gssproxy	/usr/lib/systemd/system/gssproxy.service
gssproxy	/usr/lib/systemd/user/gssuserproxy.service
gssproxy	/usr/lib/systemd/user/gssuserproxy.socket
gssproxy	/usr/sbin/gssproxy
gst-editing-services	/usr/bin/ges-launch-1.0
gst-editing-services	/usr/sbin/ges-launch-1.0
gst-thumbnailers	/usr/bin/gst-audio-thumbnailer
gst-thumbnailers	/usr/bin/gst-video-thumbnailer
gst-thumbnailers	/usr/sbin/gst-audio-thumbnailer
gst-thumbnailers	/usr/sbin/gst-video-thumbnailer
gstreamer1	/usr/bin/gst-inspect-1.0
gstreamer1	/usr/bin/gst-launch-1.0
gstreamer1	/usr/bin/gst-stats-1.0
gstreamer1	/usr/bin/gst-typefind-1.0
gstreamer1	/usr/sbin/gst-inspect-1.0
gstreamer1	/usr/sbin/gst-launch-1.0
gstreamer1	/usr/sbin/gst-stats-1.0
gstreamer1	/usr/sbin/gst-typefind-1.0
gstreamer1-plugins-bad-free	/usr/bin/gst-transcoder-1.0
gstreamer1-plugins-bad-free	/usr/sbin/gst-transcoder-1.0
gtk-update-icon-cache	/usr/bin/gtk-update-icon-cache
gtk-update-icon-cache	/usr/sbin/gtk-update-icon-cache
gtk2	/usr/bin/gtk-query-immodules-2.0-64
gtk2	/usr/bin/update-gtk-immodules
gtk2	/usr/sbin/gtk-query-immodules-2.0-64
gtk2	/usr/sbin/update-gtk-immodules
gtk3	/usr/bin/broadwayd
gtk3	/usr/bin/gtk-launch
gtk3	/usr/bin/gtk-query-immodules-3.0-64
gtk3	/usr/sbin/broadwayd
gtk3	/usr/sbin/gtk-launch
gtk3	/usr/sbin/gtk-query-immodules-3.0-64
gtk4	/usr/bin/gtk4-broadwayd
gtk4	/usr/bin/gtk4-launch
gtk4	/usr/bin/gtk4-update-icon-cache
gtk4	/usr/sbin/gtk4-broadwayd
gtk4	/usr/sbin/gtk4-launch
gtk4	/usr/sbin/gtk4-update-icon-cache
gum	/usr/bin/gum
gum	/usr/sbin/gum
gupnp-dlna	/usr/bin/gupnp-dlna-info-2.0
gupnp-dlna	/usr/bin/gupnp-dlna-ls-profiles-2.0
gupnp-dlna	/usr/sbin/gupnp-dlna-info-2.0
gupnp-dlna	/usr/sbin/gupnp-dlna-ls-profiles-2.0
gutenprint	/usr/bin/escputil
gutenprint	/usr/sbin/escputil
gutenprint-cups	/usr/bin/cups-calibrate
gutenprint-cups	/usr/bin/cups-genppd.5.3
gutenprint-cups	/usr/bin/cups-genppdupdate
gutenprint-cups	/usr/sbin/cups-calibrate
gutenprint-cups	/usr/sbin/cups-genppd.5.3
gutenprint-cups	/usr/sbin/cups-genppdupdate
gvfs	/usr/lib/systemd/user/gvfs-daemon.service
gvfs	/usr/lib/systemd/user/gvfs-metadata.service
gvfs	/usr/lib/systemd/user/gvfs-udisks2-volume-monitor.service
gvfs-afc	/usr/lib/systemd/user/gvfs-afc-volume-monitor.service
gvfs-goa	/usr/lib/systemd/user/gvfs-goa-volume-monitor.service
gvfs-gphoto2	/usr/lib/systemd/user/gvfs-gphoto2-volume-monitor.service
gvfs-mtp	/usr/lib/systemd/user/gvfs-mtp-volume-monitor.service
gzip	/usr/bin/gunzip
gzip	/usr/bin/gzexe
gzip	/usr/bin/gzip
gzip	/usr/bin/zcat
gzip	/usr/bin/zcmp
gzip	/usr/bin/zdiff
gzip	/usr/bin/zegrep
gzip	/usr/bin/zfgrep
gzip	/usr/bin/zforce
gzip	/usr/bin/zgrep
gzip	/usr/bin/zless
gzip	/usr/bin/zmore
gzip	/usr/bin/znew
gzip	/usr/sbin/gunzip
gzip	/usr/sbin/gzexe
gzip	/usr/sbin/gzip
gzip	/usr/sbin/zcat
gzip	/usr/sbin/zcmp
gzip	/usr/sbin/zdiff
gzip	/usr/sbin/zegrep
gzip	/usr/sbin/zfgrep
gzip	/usr/sbin/zforce
gzip	/usr/sbin/zgrep
gzip	/usr/sbin/zless
gzip	/usr/sbin/zmore
gzip	/usr/sbin/znew
hdparm	/usr/bin/hdparm
hdparm	/usr/sbin/hdparm
hfsplus-tools	/usr/bin/fsck.hfs
hfsplus-tools	/usr/bin/fsck.hfsplus
hfsplus-tools	/usr/bin/mkfs.hfsplus
hfsplus-tools	/usr/sbin/fsck.hfs
hfsplus-tools	/usr/sbin/fsck.hfsplus
hfsplus-tools	/usr/sbin/mkfs.hfsplus
hostname	/usr/bin/dnsdomainname
hostname	/usr/bin/domainname
hostname	/usr/bin/hostname
hostname	/usr/bin/nisdomainname
hostname	/usr/bin/ypdomainname
hostname	/usr/lib/systemd/system/nis-domainname.service
hostname	/usr/sbin/dnsdomainname
hostname	/usr/sbin/domainname
hostname	/usr/sbin/hostname
hostname	/usr/sbin/nisdomainname
hostname	/usr/sbin/ypdomainname
hplip	/usr/bin/hp-align
hplip	/usr/bin/hp-clean
hplip	/usr/bin/hp-colorcal
hplip	/usr/bin/hp-config_usb_printer
hplip	/usr/bin/hp-diagnose_queues
hplip	/usr/bin/hp-fab
hplip	/usr/bin/hp-firmware
hplip	/usr/bin/hp-info
hplip	/usr/bin/hp-levels
hplip	/usr/bin/hp-makeuri
hplip	/usr/bin/hp-plugin
hplip	/usr/bin/hp-plugin-download
hplip	/usr/bin/hp-probe
hplip	/usr/bin/hp-query
hplip	/usr/bin/hp-scan
hplip	/usr/bin/hp-sendfax
hplip	/usr/bin/hp-setup
hplip	/usr/bin/hp-testpage
hplip	/usr/bin/hp-timedate
hplip	/usr/bin/hpcups-update-ppds
hplip	/usr/bin/hpijs
hplip	/usr/sbin/hp-align
hplip	/usr/sbin/hp-clean
hplip	/usr/sbin/hp-colorcal
hplip	/usr/sbin/hp-config_usb_printer
hplip	/usr/sbin/hp-diagnose_queues
hplip	/usr/sbin/hp-fab
hplip	/usr/sbin/hp-firmware
hplip	/usr/sbin/hp-info
hplip	/usr/sbin/hp-levels
hplip	/usr/sbin/hp-makeuri
hplip	/usr/sbin/hp-plugin
hplip	/usr/sbin/hp-plugin-download
hplip	/usr/sbin/hp-probe
hplip	/usr/sbin/hp-query
hplip	/usr/sbin/hp-scan
hplip	/usr/sbin/hp-sendfax
hplip	/usr/sbin/hp-setup
hplip	/usr/sbin/hp-testpage
hplip	/usr/sbin/hp-timedate
hplip	/usr/sbin/hpcups-update-ppds
hplip	/usr/sbin/hpijs
htop	/usr/bin/htop
htop	/usr/sbin/htop
htop	/usr/share/applications/htop.desktop
httpd	/usr/lib/systemd/system/htcacheclean.service
httpd	/usr/lib/systemd/system/httpd.service
httpd	/usr/lib/systemd/system/httpd.socket
httpd	/usr/lib/systemd/system/httpd@.service
httpd-core	/usr/bin/apachectl
httpd-core	/usr/bin/fcgistarter
httpd-core	/usr/bin/htcacheclean
httpd-core	/usr/bin/httpd
httpd-core	/usr/bin/rotatelogs
httpd-core	/usr/bin/suexec
httpd-core	/usr/sbin/apachectl
httpd-core	/usr/sbin/fcgistarter
httpd-core	/usr/sbin/htcacheclean
httpd-core	/usr/sbin/httpd
httpd-core	/usr/sbin/rotatelogs
httpd-core	/usr/sbin/suexec
httpd-tools	/usr/bin/ab
httpd-tools	/usr/bin/htdbm
httpd-tools	/usr/bin/htdigest
httpd-tools	/usr/bin/htpasswd
httpd-tools	/usr/bin/httxt2dbm
httpd-tools	/usr/bin/logresolve
httpd-tools	/usr/sbin/ab
httpd-tools	/usr/sbin/htdbm
httpd-tools	/usr/sbin/htdigest
httpd-tools	/usr/sbin/htpasswd
httpd-tools	/usr/sbin/httxt2dbm
httpd-tools	/usr/sbin/logresolve
hunspell	/usr/bin/hunspell
hunspell	/usr/sbin/hunspell
hypervfcopyd	/usr/bin/hv_fcopy_uio_daemon
hypervfcopyd	/usr/lib/systemd/system/hypervfcopyd.service
hypervfcopyd	/usr/sbin/hv_fcopy_uio_daemon
hypervkvpd	/usr/bin/hv_kvp_daemon
hypervkvpd	/usr/lib/systemd/system/hypervkvpd.service
hypervkvpd	/usr/sbin/hv_kvp_daemon
hypervvssd	/usr/bin/hv_vss_daemon
hypervvssd	/usr/lib/systemd/system/hypervvssd.service
hypervvssd	/usr/sbin/hv_vss_daemon
i2c-tools	/usr/bin/eeprog
i2c-tools	/usr/bin/i2cdetect
i2c-tools	/usr/bin/i2cdump
i2c-tools	/usr/bin/i2cget
i2c-tools	/usr/bin/i2cset
i2c-tools	/usr/bin/i2ctransfer
i2c-tools	/usr/sbin/eeprog
i2c-tools	/usr/sbin/i2cdetect
i2c-tools	/usr/sbin/i2cdump
i2c-tools	/usr/sbin/i2cget
i2c-tools	/usr/sbin/i2cset
i2c-tools	/usr/sbin/i2ctransfer
ibus	/usr/bin/ibus
ibus	/usr/bin/ibus-daemon
ibus	/usr/lib/systemd/user/org.freedesktop.IBus.session.GNOME.service
ibus	/usr/lib/systemd/user/org.freedesktop.IBus.session.generic.service
ibus	/usr/sbin/ibus
ibus	/usr/sbin/ibus-daemon
ibus	/usr/share/applications/org.freedesktop.IBus.Panel.Emojier.desktop
ibus	/usr/share/applications/org.freedesktop.IBus.Panel.Extension.Gtk3.desktop
ibus-anthy	/usr/share/applications/ibus-setup-anthy.desktop
ibus-chewing	/usr/share/applications/ibus-setup-chewing.desktop
ibus-hangul	/usr/share/applications/ibus-setup-hangul.desktop
ibus-libpinyin	/usr/share/applications/ibus-setup-libbopomofo.desktop
ibus-libpinyin	/usr/share/applications/ibus-setup-libpinyin.desktop
ibus-m17n	/usr/share/applications/ibus-setup-m17n.desktop
ibus-mozc	/etc/xdg/autostart/ibus-mozc-launch-xwayland.desktop
ibus-mozc	/usr/share/applications/ibus-setup-mozc-jp.desktop
ibus-setup	/usr/bin/ibus-setup
ibus-setup	/usr/sbin/ibus-setup
ibus-setup	/usr/share/applications/org.freedesktop.IBus.Setup.desktop
ibus-typing-booster	/usr/share/applications/ibus-setup-tb.desktop
ibus-typing-booster	/usr/share/applications/ibus-setup-typing-booster.desktop
ibus-unikey	/usr/share/applications/ibus-setup-Unikey.desktop
ifuse	/usr/bin/ifuse
ifuse	/usr/sbin/ifuse
igt-gpu-tools	/usr/bin/amd_hdmi_compliance
igt-gpu-tools	/usr/bin/code_cov_capture
igt-gpu-tools	/usr/bin/code_cov_gather_on_build
igt-gpu-tools	/usr/bin/code_cov_gather_on_test
igt-gpu-tools	/usr/bin/code_cov_gen_report
igt-gpu-tools	/usr/bin/code_cov_parse_info
igt-gpu-tools	/usr/bin/dpcd_reg
igt-gpu-tools	/usr/bin/gputop
igt-gpu-tools	/usr/bin/i915-perf-configs
igt-gpu-tools	/usr/bin/i915-perf-control
igt-gpu-tools	/usr/bin/i915-perf-reader
igt-gpu-tools	/usr/bin/i915-perf-recorder
igt-gpu-tools	/usr/bin/igt_comms_decoder
igt-gpu-tools	/usr/bin/igt_facts
igt-gpu-tools	/usr/bin/igt_power
igt-gpu-tools	/usr/bin/igt_results
igt-gpu-tools	/usr/bin/igt_resume
igt-gpu-tools	/usr/bin/igt_runner
igt-gpu-tools	/usr/bin/igt_stats
igt-gpu-tools	/usr/bin/intel-gen4asm
igt-gpu-tools	/usr/bin/intel-gen4disasm
igt-gpu-tools	/usr/bin/intel-gfx-fw-info
igt-gpu-tools	/usr/bin/intel_audio_dump
igt-gpu-tools	/usr/bin/intel_backlight
igt-gpu-tools	/usr/bin/intel_bios_dumper
igt-gpu-tools	/usr/bin/intel_display_bandwidth
igt-gpu-tools	/usr/bin/intel_display_crc
igt-gpu-tools	/usr/bin/intel_display_poller
igt-gpu-tools	/usr/bin/intel_dp_compliance
igt-gpu-tools	/usr/bin/intel_dump_decode
igt-gpu-tools	/usr/bin/intel_error_decode
igt-gpu-tools	/usr/bin/intel_firmware_decode
igt-gpu-tools	/usr/bin/intel_forcewaked
igt-gpu-tools	/usr/bin/intel_framebuffer_dump
igt-gpu-tools	/usr/bin/intel_gem_info
igt-gpu-tools	/usr/bin/intel_gpu_abrt
igt-gpu-tools	/usr/bin/intel_gpu_frequency
igt-gpu-tools	/usr/bin/intel_gpu_time
igt-gpu-tools	/usr/bin/intel_gpu_top
igt-gpu-tools	/usr/bin/intel_gtt
igt-gpu-tools	/usr/bin/intel_guc_logger
igt-gpu-tools	/usr/bin/intel_gvtg_test
igt-gpu-tools	/usr/bin/intel_hdcp
igt-gpu-tools	/usr/bin/intel_infoframes
igt-gpu-tools	/usr/bin/intel_l3_parity
igt-gpu-tools	/usr/bin/intel_lid
igt-gpu-tools	/usr/bin/intel_opregion_decode
igt-gpu-tools	/usr/bin/intel_panel_fitter
igt-gpu-tools	/usr/bin/intel_perf_counters
igt-gpu-tools	/usr/bin/intel_pm_rpm
igt-gpu-tools	/usr/bin/intel_reg
igt-gpu-tools	/usr/bin/intel_reg_checker
igt-gpu-tools	/usr/bin/intel_residency
igt-gpu-tools	/usr/bin/intel_stepping
igt-gpu-tools	/usr/bin/intel_tiling_detect
igt-gpu-tools	/usr/bin/intel_vbt_decode
igt-gpu-tools	/usr/bin/intel_watermark
igt-gpu-tools	/usr/bin/lsgpu
igt-gpu-tools	/usr/bin/msm_dp_compliance
igt-gpu-tools	/usr/bin/xe-perf-configs
igt-gpu-tools	/usr/bin/xe-perf-control
igt-gpu-tools	/usr/bin/xe-perf-reader
igt-gpu-tools	/usr/bin/xe-perf-recorder
igt-gpu-tools	/usr/sbin/amd_hdmi_compliance
igt-gpu-tools	/usr/sbin/code_cov_capture
igt-gpu-tools	/usr/sbin/code_cov_gather_on_build
igt-gpu-tools	/usr/sbin/code_cov_gather_on_test
igt-gpu-tools	/usr/sbin/code_cov_gen_report
igt-gpu-tools	/usr/sbin/code_cov_parse_info
igt-gpu-tools	/usr/sbin/dpcd_reg
igt-gpu-tools	/usr/sbin/gputop
igt-gpu-tools	/usr/sbin/i915-perf-configs
igt-gpu-tools	/usr/sbin/i915-perf-control
igt-gpu-tools	/usr/sbin/i915-perf-reader
igt-gpu-tools	/usr/sbin/i915-perf-recorder
igt-gpu-tools	/usr/sbin/igt_comms_decoder
igt-gpu-tools	/usr/sbin/igt_facts
igt-gpu-tools	/usr/sbin/igt_power
igt-gpu-tools	/usr/sbin/igt_results
igt-gpu-tools	/usr/sbin/igt_resume
igt-gpu-tools	/usr/sbin/igt_runner
igt-gpu-tools	/usr/sbin/igt_stats
igt-gpu-tools	/usr/sbin/intel-gen4asm
igt-gpu-tools	/usr/sbin/intel-gen4disasm
igt-gpu-tools	/usr/sbin/intel-gfx-fw-info
igt-gpu-tools	/usr/sbin/intel_audio_dump
igt-gpu-tools	/usr/sbin/intel_backlight
igt-gpu-tools	/usr/sbin/intel_bios_dumper
igt-gpu-tools	/usr/sbin/intel_display_bandwidth
igt-gpu-tools	/usr/sbin/intel_display_crc
igt-gpu-tools	/usr/sbin/intel_display_poller
igt-gpu-tools	/usr/sbin/intel_dp_compliance
igt-gpu-tools	/usr/sbin/intel_dump_decode
igt-gpu-tools	/usr/sbin/intel_error_decode
igt-gpu-tools	/usr/sbin/intel_firmware_decode
igt-gpu-tools	/usr/sbin/intel_forcewaked
igt-gpu-tools	/usr/sbin/intel_framebuffer_dump
igt-gpu-tools	/usr/sbin/intel_gem_info
igt-gpu-tools	/usr/sbin/intel_gpu_abrt
igt-gpu-tools	/usr/sbin/intel_gpu_frequency
igt-gpu-tools	/usr/sbin/intel_gpu_time
igt-gpu-tools	/usr/sbin/intel_gpu_top
igt-gpu-tools	/usr/sbin/intel_gtt
igt-gpu-tools	/usr/sbin/intel_guc_logger
igt-gpu-tools	/usr/sbin/intel_gvtg_test
igt-gpu-tools	/usr/sbin/intel_hdcp
igt-gpu-tools	/usr/sbin/intel_infoframes
igt-gpu-tools	/usr/sbin/intel_l3_parity
igt-gpu-tools	/usr/sbin/intel_lid
igt-gpu-tools	/usr/sbin/intel_opregion_decode
igt-gpu-tools	/usr/sbin/intel_panel_fitter
igt-gpu-tools	/usr/sbin/intel_perf_counters
igt-gpu-tools	/usr/sbin/intel_pm_rpm
igt-gpu-tools	/usr/sbin/intel_reg
igt-gpu-tools	/usr/sbin/intel_reg_checker
igt-gpu-tools	/usr/sbin/intel_residency
igt-gpu-tools	/usr/sbin/intel_stepping
igt-gpu-tools	/usr/sbin/intel_tiling_detect
igt-gpu-tools	/usr/sbin/intel_vbt_decode
igt-gpu-tools	/usr/sbin/intel_watermark
igt-gpu-tools	/usr/sbin/lsgpu
igt-gpu-tools	/usr/sbin/msm_dp_compliance
igt-gpu-tools	/usr/sbin/xe-perf-configs
igt-gpu-tools	/usr/sbin/xe-perf-control
igt-gpu-tools	/usr/sbin/xe-perf-reader
igt-gpu-tools	/usr/sbin/xe-perf-recorder
iio-sensor-proxy	/usr/bin/monitor-sensor
iio-sensor-proxy	/usr/lib/systemd/system/iio-sensor-proxy.service
iio-sensor-proxy	/usr/sbin/monitor-sensor
initscripts-service	/usr/bin/service
initscripts-service	/usr/sbin/service
input-remapper	/etc/xdg/autostart/input-remapper-autoload.desktop
input-remapper	/usr/bin/input-remapper-control
input-remapper	/usr/bin/input-remapper-gtk
input-remapper	/usr/bin/input-remapper-reader-service
input-remapper	/usr/bin/input-remapper-service
input-remapper	/usr/lib/systemd/system/input-remapper.service
input-remapper	/usr/sbin/input-remapper-control
input-remapper	/usr/sbin/input-remapper-gtk
input-remapper	/usr/sbin/input-remapper-reader-service
input-remapper	/usr/sbin/input-remapper-service
input-remapper	/usr/share/applications/input-remapper-gtk.desktop
intel-lpmd	/usr/bin/intel_lpmd
intel-lpmd	/usr/bin/intel_lpmd_control
intel-lpmd	/usr/lib/systemd/system/intel_lpmd.service
intel-lpmd	/usr/sbin/intel_lpmd
intel-lpmd	/usr/sbin/intel_lpmd_control
ipp-usb	/usr/bin/ipp-usb
ipp-usb	/usr/lib/systemd/system/ipp-usb.service
ipp-usb	/usr/sbin/ipp-usb
iproute	/usr/bin/bridge
iproute	/usr/bin/ctstat
iproute	/usr/bin/dcb
iproute	/usr/bin/devlink
iproute	/usr/bin/genl
iproute	/usr/bin/ifstat
iproute	/usr/bin/ip
iproute	/usr/bin/lnstat
iproute	/usr/bin/nstat
iproute	/usr/bin/rdma
iproute	/usr/bin/rtacct
iproute	/usr/bin/rtmon
iproute	/usr/bin/rtstat
iproute	/usr/bin/ss
iproute	/usr/bin/tipc
iproute	/usr/bin/vdpa
iproute	/usr/sbin/bridge
iproute	/usr/sbin/ctstat
iproute	/usr/sbin/dcb
iproute	/usr/sbin/devlink
iproute	/usr/sbin/genl
iproute	/usr/sbin/ifstat
iproute	/usr/sbin/ip
iproute	/usr/sbin/lnstat
iproute	/usr/sbin/nstat
iproute	/usr/sbin/rdma
iproute	/usr/sbin/rtacct
iproute	/usr/sbin/rtmon
iproute	/usr/sbin/rtstat
iproute	/usr/sbin/ss
iproute	/usr/sbin/tipc
iproute	/usr/sbin/vdpa
ipset	/usr/bin/ipset
ipset	/usr/bin/ipset-translate
ipset	/usr/sbin/ipset
ipset	/usr/sbin/ipset-translate
iptables-nft	/usr/bin/arptables
iptables-nft	/usr/bin/arptables-nft
iptables-nft	/usr/bin/arptables-nft-restore
iptables-nft	/usr/bin/arptables-nft-save
iptables-nft	/usr/bin/arptables-restore
iptables-nft	/usr/bin/arptables-save
iptables-nft	/usr/bin/arptables-translate
iptables-nft	/usr/bin/ebtables
iptables-nft	/usr/bin/ebtables-nft
iptables-nft	/usr/bin/ebtables-nft-restore
iptables-nft	/usr/bin/ebtables-nft-save
iptables-nft	/usr/bin/ebtables-restore
iptables-nft	/usr/bin/ebtables-save
iptables-nft	/usr/bin/ebtables-translate
iptables-nft	/usr/bin/ip6tables
iptables-nft	/usr/bin/ip6tables-nft
iptables-nft	/usr/bin/ip6tables-nft-restore
iptables-nft	/usr/bin/ip6tables-nft-save
iptables-nft	/usr/bin/ip6tables-restore
iptables-nft	/usr/bin/ip6tables-restore-translate
iptables-nft	/usr/bin/ip6tables-save
iptables-nft	/usr/bin/ip6tables-translate
iptables-nft	/usr/bin/iptables
iptables-nft	/usr/bin/iptables-nft
iptables-nft	/usr/bin/iptables-nft-restore
iptables-nft	/usr/bin/iptables-nft-save
iptables-nft	/usr/bin/iptables-restore
iptables-nft	/usr/bin/iptables-restore-translate
iptables-nft	/usr/bin/iptables-save
iptables-nft	/usr/bin/iptables-translate
iptables-nft	/usr/bin/xtables-monitor
iptables-nft	/usr/bin/xtables-nft-multi
iptables-nft	/usr/sbin/arptables
iptables-nft	/usr/sbin/arptables-nft
iptables-nft	/usr/sbin/arptables-nft-restore
iptables-nft	/usr/sbin/arptables-nft-save
iptables-nft	/usr/sbin/arptables-restore
iptables-nft	/usr/sbin/arptables-save
iptables-nft	/usr/sbin/arptables-translate
iptables-nft	/usr/sbin/ebtables
iptables-nft	/usr/sbin/ebtables-nft
iptables-nft	/usr/sbin/ebtables-nft-restore
iptables-nft	/usr/sbin/ebtables-nft-save
iptables-nft	/usr/sbin/ebtables-restore
iptables-nft	/usr/sbin/ebtables-save
iptables-nft	/usr/sbin/ebtables-translate
iptables-nft	/usr/sbin/ip6tables
iptables-nft	/usr/sbin/ip6tables-nft
iptables-nft	/usr/sbin/ip6tables-nft-restore
iptables-nft	/usr/sbin/ip6tables-nft-save
iptables-nft	/usr/sbin/ip6tables-restore
iptables-nft	/usr/sbin/ip6tables-restore-translate
iptables-nft	/usr/sbin/ip6tables-save
iptables-nft	/usr/sbin/ip6tables-translate
iptables-nft	/usr/sbin/iptables
iptables-nft	/usr/sbin/iptables-nft
iptables-nft	/usr/sbin/iptables-nft-restore
iptables-nft	/usr/sbin/iptables-nft-save
iptables-nft	/usr/sbin/iptables-restore
iptables-nft	/usr/sbin/iptables-restore-translate
iptables-nft	/usr/sbin/iptables-save
iptables-nft	/usr/sbin/iptables-translate
iptables-nft	/usr/sbin/xtables-monitor
iptables-nft	/usr/sbin/xtables-nft-multi
iptstate	/usr/bin/iptstate
iptstate	/usr/sbin/iptstate
iputils	/usr/bin/arping
iputils	/usr/bin/clockdiff
iputils	/usr/bin/ifenslave
iputils	/usr/bin/ping
iputils	/usr/bin/ping6
iputils	/usr/bin/tracepath
iputils	/usr/bin/tracepath6
iputils	/usr/sbin/arping
iputils	/usr/sbin/clockdiff
iputils	/usr/sbin/ifenslave
iputils	/usr/sbin/ping
iputils	/usr/sbin/ping6
iputils	/usr/sbin/tracepath
iputils	/usr/sbin/tracepath6
iw	/usr/bin/iw
iw	/usr/sbin/iw
iwd	/usr/bin/hwsim
iwd	/usr/bin/iwctl
iwd	/usr/bin/iwmon
iwd	/usr/lib/systemd/system/ead.service
iwd	/usr/lib/systemd/system/iwd.service
iwd	/usr/sbin/hwsim
iwd	/usr/sbin/iwctl
iwd	/usr/sbin/iwmon
jq	/usr/bin/jq
jq	/usr/sbin/jq
just	/usr/bin/just
just	/usr/sbin/just
kasumi-unicode	/usr/bin/kasumi-unicode
kasumi-unicode	/usr/sbin/kasumi-unicode
kbd	/usr/bin/chvt
kbd	/usr/bin/deallocvt
kbd	/usr/bin/dumpkeys
kbd	/usr/bin/fgconsole
kbd	/usr/bin/getkeycodes
kbd	/usr/bin/kbd_mode
kbd	/usr/bin/kbdinfo
kbd	/usr/bin/kbdrate
kbd	/usr/bin/loadkeys
kbd	/usr/bin/loadunimap
kbd	/usr/bin/mapscrn
kbd	/usr/bin/openvt
kbd	/usr/bin/psfaddtable
kbd	/usr/bin/psfgettable
kbd	/usr/bin/psfstriptable
kbd	/usr/bin/psfxtable
kbd	/usr/bin/resizecons
kbd	/usr/bin/setfont
kbd	/usr/bin/setkeycodes
kbd	/usr/bin/setleds
kbd	/usr/bin/setmetamode
kbd	/usr/bin/setvtrgb
kbd	/usr/bin/showconsolefont
kbd	/usr/bin/showkey
kbd	/usr/bin/unicode_start
kbd	/usr/bin/unicode_stop
kbd	/usr/bin/vlock
kbd	/usr/sbin/chvt
kbd	/usr/sbin/deallocvt
kbd	/usr/sbin/dumpkeys
kbd	/usr/sbin/fgconsole
kbd	/usr/sbin/getkeycodes
kbd	/usr/sbin/kbd_mode
kbd	/usr/sbin/kbdinfo
kbd	/usr/sbin/kbdrate
kbd	/usr/sbin/loadkeys
kbd	/usr/sbin/loadunimap
kbd	/usr/sbin/mapscrn
kbd	/usr/sbin/openvt
kbd	/usr/sbin/psfaddtable
kbd	/usr/sbin/psfgettable
kbd	/usr/sbin/psfstriptable
kbd	/usr/sbin/psfxtable
kbd	/usr/sbin/resizecons
kbd	/usr/sbin/setfont
kbd	/usr/sbin/setkeycodes
kbd	/usr/sbin/setleds
kbd	/usr/sbin/setmetamode
kbd	/usr/sbin/setvtrgb
kbd	/usr/sbin/showconsolefont
kbd	/usr/sbin/showkey
kbd	/usr/sbin/unicode_start
kbd	/usr/sbin/unicode_stop
kbd	/usr/sbin/vlock
kernel-tools	/usr/bin/bootconfig
kernel-tools	/usr/bin/centrino-decode
kernel-tools	/usr/bin/cpupower
kernel-tools	/usr/bin/gpio-event-mon
kernel-tools	/usr/bin/gpio-hammer
kernel-tools	/usr/bin/gpio-watch
kernel-tools	/usr/bin/iio_event_monitor
kernel-tools	/usr/bin/iio_generic_buffer
kernel-tools	/usr/bin/intel-speed-select
kernel-tools	/usr/bin/intel_sdsi
kernel-tools	/usr/bin/kvm_stat
kernel-tools	/usr/bin/lsgpio
kernel-tools	/usr/bin/lsiio
kernel-tools	/usr/bin/page_owner_sort
kernel-tools	/usr/bin/powernow-k8-decode
kernel-tools	/usr/bin/slabinfo
kernel-tools	/usr/bin/tmon
kernel-tools	/usr/bin/turbostat
kernel-tools	/usr/bin/x86_energy_perf_policy
kernel-tools	/usr/lib/systemd/system/cpupower.service
kernel-tools	/usr/lib/systemd/system/kvm_stat.service
kernel-tools	/usr/sbin/bootconfig
kernel-tools	/usr/sbin/centrino-decode
kernel-tools	/usr/sbin/cpupower
kernel-tools	/usr/sbin/gpio-event-mon
kernel-tools	/usr/sbin/gpio-hammer
kernel-tools	/usr/sbin/gpio-watch
kernel-tools	/usr/sbin/iio_event_monitor
kernel-tools	/usr/sbin/iio_generic_buffer
kernel-tools	/usr/sbin/intel-speed-select
kernel-tools	/usr/sbin/intel_sdsi
kernel-tools	/usr/sbin/kvm_stat
kernel-tools	/usr/sbin/lsgpio
kernel-tools	/usr/sbin/lsiio
kernel-tools	/usr/sbin/page_owner_sort
kernel-tools	/usr/sbin/powernow-k8-decode
kernel-tools	/usr/sbin/slabinfo
kernel-tools	/usr/sbin/tmon
kernel-tools	/usr/sbin/turbostat
kernel-tools	/usr/sbin/x86_energy_perf_policy
keyutils	/usr/bin/key.dns_resolver
keyutils	/usr/bin/keyctl
keyutils	/usr/bin/request-key
keyutils	/usr/sbin/key.dns_resolver
keyutils	/usr/sbin/keyctl
keyutils	/usr/sbin/request-key
kmod	/usr/bin/depmod
kmod	/usr/bin/insmod
kmod	/usr/bin/kmod
kmod	/usr/bin/lsmod
kmod	/usr/bin/modinfo
kmod	/usr/bin/modprobe
kmod	/usr/bin/rmmod
kmod	/usr/sbin/depmod
kmod	/usr/sbin/insmod
kmod	/usr/sbin/kmod
kmod	/usr/sbin/lsmod
kmod	/usr/sbin/modinfo
kmod	/usr/sbin/modprobe
kmod	/usr/sbin/rmmod
kpartx	/usr/bin/kpartx
kpartx	/usr/sbin/kpartx
krb5-workstation	/usr/bin/k5srvutil
krb5-workstation	/usr/bin/kadmin
krb5-workstation	/usr/bin/kdestroy
krb5-workstation	/usr/bin/kinit
krb5-workstation	/usr/bin/klist
krb5-workstation	/usr/bin/kpasswd
krb5-workstation	/usr/bin/ksu
krb5-workstation	/usr/bin/kswitch
krb5-workstation	/usr/bin/ktutil
krb5-workstation	/usr/bin/kvno
krb5-workstation	/usr/sbin/k5srvutil
krb5-workstation	/usr/sbin/kadmin
krb5-workstation	/usr/sbin/kdestroy
krb5-workstation	/usr/sbin/kinit
krb5-workstation	/usr/sbin/klist
krb5-workstation	/usr/sbin/kpasswd
krb5-workstation	/usr/sbin/ksu
krb5-workstation	/usr/sbin/kswitch
krb5-workstation	/usr/sbin/ktutil
krb5-workstation	/usr/sbin/kvno
lcms	/usr/bin/icc2ps
lcms	/usr/bin/icclink
lcms	/usr/bin/icctrans
lcms	/usr/bin/jpegicc
lcms	/usr/bin/tiffdiff
lcms	/usr/bin/tifficc
lcms	/usr/bin/wtpt
lcms	/usr/sbin/icc2ps
lcms	/usr/sbin/icclink
lcms	/usr/sbin/icctrans
lcms	/usr/sbin/jpegicc
lcms	/usr/sbin/tiffdiff
lcms	/usr/sbin/tifficc
lcms	/usr/sbin/wtpt
less	/usr/bin/less
less	/usr/bin/lesskey
less	/usr/bin/lesspipe.sh
less	/usr/sbin/less
less	/usr/sbin/lesskey
less	/usr/sbin/lesspipe.sh
libadwaita	/usr/bin/adwaita-1-demo
libadwaita	/usr/sbin/adwaita-1-demo
libatasmart	/usr/bin/skdump
libatasmart	/usr/bin/sktest
libatasmart	/usr/sbin/skdump
libatasmart	/usr/sbin/sktest
libavc1394	/usr/bin/dvcont
libavc1394	/usr/bin/mkrfc2734
libavc1394	/usr/bin/panelctl
libavc1394	/usr/sbin/dvcont
libavc1394	/usr/sbin/mkrfc2734
libavc1394	/usr/sbin/panelctl
libbs2b	/usr/bin/bs2bconvert
libbs2b	/usr/bin/bs2bstream
libbs2b	/usr/sbin/bs2bconvert
libbs2b	/usr/sbin/bs2bstream
libcamera-tools	/usr/bin/cam
libcamera-tools	/usr/bin/libcamera-bug-report
libcamera-tools	/usr/sbin/cam
libcamera-tools	/usr/sbin/libcamera-bug-report
libcanberra	/usr/bin/canberra-boot
libcanberra	/usr/lib/systemd/system/canberra-system-bootup.service
libcanberra	/usr/lib/systemd/system/canberra-system-shutdown-reboot.service
libcanberra	/usr/lib/systemd/system/canberra-system-shutdown.service
libcanberra	/usr/sbin/canberra-boot
libcanberra-gtk3	/usr/bin/canberra-gtk-play
libcanberra-gtk3	/usr/sbin/canberra-gtk-play
libcap	/usr/bin/capsh
libcap	/usr/bin/getcap
libcap	/usr/bin/getpcaps
libcap	/usr/bin/setcap
libcap	/usr/sbin/capsh
libcap	/usr/sbin/getcap
libcap	/usr/sbin/getpcaps
libcap	/usr/sbin/setcap
libcdio	/usr/bin/cd-drive
libcdio	/usr/bin/cd-info
libcdio	/usr/bin/cd-read
libcdio	/usr/bin/cdda-player
libcdio	/usr/bin/iso-info
libcdio	/usr/bin/iso-read
libcdio	/usr/bin/mmc-tool
libcdio	/usr/sbin/cd-drive
libcdio	/usr/sbin/cd-info
libcdio	/usr/sbin/cd-read
libcdio	/usr/sbin/cdda-player
libcdio	/usr/sbin/iso-info
libcdio	/usr/sbin/iso-read
libcdio	/usr/sbin/mmc-tool
libcdio-paranoia	/usr/bin/cd-paranoia
libcdio-paranoia	/usr/sbin/cd-paranoia
libchewing	/usr/bin/chewing-cli
libchewing	/usr/sbin/chewing-cli
libgpg-error	/usr/bin/gpg-error
libgpg-error	/usr/sbin/gpg-error
libgsf	/usr/bin/gsf-office-thumbnailer
libgsf	/usr/sbin/gsf-office-thumbnailer
libhangul	/usr/bin/hangul
libhangul	/usr/sbin/hangul
libieee1284	/usr/bin/libieee1284_test
libieee1284	/usr/sbin/libieee1284_test
libimobiledevice-utils	/usr/bin/afcclient
libimobiledevice-utils	/usr/bin/idevice_id
libimobiledevice-utils	/usr/bin/idevicebackup
libimobiledevice-utils	/usr/bin/idevicebackup2
libimobiledevice-utils	/usr/bin/idevicebtlogger
libimobiledevice-utils	/usr/bin/idevicecrashreport
libimobiledevice-utils	/usr/bin/idevicedate
libimobiledevice-utils	/usr/bin/idevicedebug
libimobiledevice-utils	/usr/bin/idevicedebugserverproxy
libimobiledevice-utils	/usr/bin/idevicedevmodectl
libimobiledevice-utils	/usr/bin/idevicediagnostics
libimobiledevice-utils	/usr/bin/ideviceenterrecovery
libimobiledevice-utils	/usr/bin/ideviceimagemounter
libimobiledevice-utils	/usr/bin/ideviceinfo
libimobiledevice-utils	/usr/bin/idevicename
libimobiledevice-utils	/usr/bin/idevicenotificationproxy
libimobiledevice-utils	/usr/bin/idevicepair
libimobiledevice-utils	/usr/bin/ideviceprovision
libimobiledevice-utils	/usr/bin/idevicescreenshot
libimobiledevice-utils	/usr/bin/idevicesetlocation
libimobiledevice-utils	/usr/bin/idevicesyslog
libimobiledevice-utils	/usr/sbin/afcclient
libimobiledevice-utils	/usr/sbin/idevice_id
libimobiledevice-utils	/usr/sbin/idevicebackup
libimobiledevice-utils	/usr/sbin/idevicebackup2
libimobiledevice-utils	/usr/sbin/idevicebtlogger
libimobiledevice-utils	/usr/sbin/idevicecrashreport
libimobiledevice-utils	/usr/sbin/idevicedate
libimobiledevice-utils	/usr/sbin/idevicedebug
libimobiledevice-utils	/usr/sbin/idevicedebugserverproxy
libimobiledevice-utils	/usr/sbin/idevicedevmodectl
libimobiledevice-utils	/usr/sbin/idevicediagnostics
libimobiledevice-utils	/usr/sbin/ideviceenterrecovery
libimobiledevice-utils	/usr/sbin/ideviceimagemounter
libimobiledevice-utils	/usr/sbin/ideviceinfo
libimobiledevice-utils	/usr/sbin/idevicename
libimobiledevice-utils	/usr/sbin/idevicenotificationproxy
libimobiledevice-utils	/usr/sbin/idevicepair
libimobiledevice-utils	/usr/sbin/ideviceprovision
libimobiledevice-utils	/usr/sbin/idevicescreenshot
libimobiledevice-utils	/usr/sbin/idevicesetlocation
libimobiledevice-utils	/usr/sbin/idevicesyslog
libinput	/usr/bin/libinput
libinput	/usr/sbin/libinput
libkcapi-hasher	/usr/bin/kcapi-hasher
libkcapi-hasher	/usr/sbin/kcapi-hasher
libkcapi-hmaccalc	/usr/bin/sha1hmac
libkcapi-hmaccalc	/usr/bin/sha224hmac
libkcapi-hmaccalc	/usr/bin/sha256hmac
libkcapi-hmaccalc	/usr/bin/sha384hmac
libkcapi-hmaccalc	/usr/bin/sha512hmac
libkcapi-hmaccalc	/usr/bin/sm3hmac
libkcapi-hmaccalc	/usr/sbin/sha1hmac
libkcapi-hmaccalc	/usr/sbin/sha224hmac
libkcapi-hmaccalc	/usr/sbin/sha256hmac
libkcapi-hmaccalc	/usr/sbin/sha384hmac
libkcapi-hmaccalc	/usr/sbin/sha512hmac
libkcapi-hmaccalc	/usr/sbin/sm3hmac
liblastlog2	/usr/lib/systemd/system/lastlog2-import.service
liblouisutdml-utils	/usr/bin/file2brl
liblouisutdml-utils	/usr/sbin/file2brl
libmaxminddb	/usr/bin/mmdblookup
libmaxminddb	/usr/sbin/mmdblookup
libmbim-utils	/usr/bin/mbim-network
libmbim-utils	/usr/bin/mbimcli
libmbim-utils	/usr/sbin/mbim-network
libmbim-utils	/usr/sbin/mbimcli
libmodulemd	/usr/bin/modulemd-validator
libmodulemd	/usr/sbin/modulemd-validator
libndp	/usr/bin/ndptool
libndp	/usr/sbin/ndptool
libnice	/usr/bin/stunbdc
libnice	/usr/bin/stund
libnice	/usr/sbin/stunbdc
libnice	/usr/sbin/stund
libnotify	/usr/bin/notify-send
libnotify	/usr/sbin/notify-send
liboping	/usr/bin/noping
liboping	/usr/bin/oping
liboping	/usr/sbin/noping
liboping	/usr/sbin/oping
libosinfo	/usr/bin/osinfo-detect
libosinfo	/usr/bin/osinfo-install-script
libosinfo	/usr/bin/osinfo-query
libosinfo	/usr/sbin/osinfo-detect
libosinfo	/usr/sbin/osinfo-install-script
libosinfo	/usr/sbin/osinfo-query
libplist	/usr/bin/plistutil
libplist	/usr/sbin/plistutil
libpwquality	/usr/bin/pwmake
libpwquality	/usr/bin/pwscore
libpwquality	/usr/sbin/pwmake
libpwquality	/usr/sbin/pwscore
libqmi-utils	/usr/bin/qmi-firmware-update
libqmi-utils	/usr/bin/qmi-network
libqmi-utils	/usr/bin/qmicli
libqmi-utils	/usr/sbin/qmi-firmware-update
libqmi-utils	/usr/sbin/qmi-network
libqmi-utils	/usr/sbin/qmicli
libratbag-ratbagd	/usr/bin/ratbagctl
libratbag-ratbagd	/usr/bin/ratbagd
libratbag-ratbagd	/usr/lib/systemd/system/ratbagd.service
libratbag-ratbagd	/usr/sbin/ratbagctl
libratbag-ratbagd	/usr/sbin/ratbagd
libraw1394	/usr/bin/dumpiso
libraw1394	/usr/bin/sendiso
libraw1394	/usr/bin/testlibraw
libraw1394	/usr/sbin/dumpiso
libraw1394	/usr/sbin/sendiso
libraw1394	/usr/sbin/testlibraw
libsecret	/usr/bin/secret-tool
libsecret	/usr/sbin/secret-tool
libselinux-utils	/usr/bin/avcstat
libselinux-utils	/usr/bin/getenforce
libselinux-utils	/usr/bin/getpidprevcon
libselinux-utils	/usr/bin/getpolicyload
libselinux-utils	/usr/bin/getsebool
libselinux-utils	/usr/bin/matchpathcon
libselinux-utils	/usr/bin/sefcontext_compile
libselinux-utils	/usr/bin/selabel_compare
libselinux-utils	/usr/bin/selabel_digest
libselinux-utils	/usr/bin/selabel_get_digests_all_partial_matches
libselinux-utils	/usr/bin/selabel_lookup
libselinux-utils	/usr/bin/selabel_lookup_best_match
libselinux-utils	/usr/bin/selabel_partial_match
libselinux-utils	/usr/bin/selinux_check_access
libselinux-utils	/usr/bin/selinuxconlist
libselinux-utils	/usr/bin/selinuxdefcon
libselinux-utils	/usr/bin/selinuxenabled
libselinux-utils	/usr/bin/selinuxexeccon
libselinux-utils	/usr/bin/setenforce
libselinux-utils	/usr/bin/validatetrans
libselinux-utils	/usr/sbin/avcstat
libselinux-utils	/usr/sbin/getenforce
libselinux-utils	/usr/sbin/getpidprevcon
libselinux-utils	/usr/sbin/getpolicyload
libselinux-utils	/usr/sbin/getsebool
libselinux-utils	/usr/sbin/matchpathcon
libselinux-utils	/usr/sbin/sefcontext_compile
libselinux-utils	/usr/sbin/selabel_compare
libselinux-utils	/usr/sbin/selabel_digest
libselinux-utils	/usr/sbin/selabel_get_digests_all_partial_matches
libselinux-utils	/usr/sbin/selabel_lookup
libselinux-utils	/usr/sbin/selabel_lookup_best_match
libselinux-utils	/usr/sbin/selabel_partial_match
libselinux-utils	/usr/sbin/selinux_check_access
libselinux-utils	/usr/sbin/selinuxconlist
libselinux-utils	/usr/sbin/selinuxdefcon
libselinux-utils	/usr/sbin/selinuxenabled
libselinux-utils	/usr/sbin/selinuxexeccon
libselinux-utils	/usr/sbin/setenforce
libselinux-utils	/usr/sbin/validatetrans
libshout	/usr/bin/shout
libshout	/usr/sbin/shout
libuser	/usr/bin/lchage
libuser	/usr/bin/lchfn
libuser	/usr/bin/lgroupadd
libuser	/usr/bin/lgroupdel
libuser	/usr/bin/lgroupmod
libuser	/usr/bin/lid
libuser	/usr/bin/lnewusers
libuser	/usr/bin/lpasswd
libuser	/usr/bin/luseradd
libuser	/usr/bin/luserdel
libuser	/usr/bin/lusermod
libuser	/usr/sbin/lchage
libuser	/usr/sbin/lchfn
libuser	/usr/sbin/lgroupadd
libuser	/usr/sbin/lgroupdel
libuser	/usr/sbin/lgroupmod
libuser	/usr/sbin/lid
libuser	/usr/sbin/lnewusers
libuser	/usr/sbin/lpasswd
libuser	/usr/sbin/luseradd
libuser	/usr/sbin/luserdel
libuser	/usr/sbin/lusermod
libva-utils	/usr/bin/av1encode
libva-utils	/usr/bin/avcenc
libva-utils	/usr/bin/avcstreamoutdemo
libva-utils	/usr/bin/h264encode
libva-utils	/usr/bin/hevcencode
libva-utils	/usr/bin/jpegenc
libva-utils	/usr/bin/loadjpeg
libva-utils	/usr/bin/mpeg2vaenc
libva-utils	/usr/bin/mpeg2vldemo
libva-utils	/usr/bin/putsurface
libva-utils	/usr/bin/putsurface_wayland
libva-utils	/usr/bin/sfcsample
libva-utils	/usr/bin/vacopy
libva-utils	/usr/bin/vainfo
libva-utils	/usr/bin/vavpp
libva-utils	/usr/bin/vp8enc
libva-utils	/usr/bin/vp9enc
libva-utils	/usr/bin/vpp3dlut
libva-utils	/usr/bin/vppblending
libva-utils	/usr/bin/vppchromasitting
libva-utils	/usr/bin/vppdenoise
libva-utils	/usr/bin/vpphdr_tm
libva-utils	/usr/bin/vppscaling_csc
libva-utils	/usr/bin/vppscaling_n_out_usrptr
libva-utils	/usr/bin/vppsharpness
libva-utils	/usr/sbin/av1encode
libva-utils	/usr/sbin/avcenc
libva-utils	/usr/sbin/avcstreamoutdemo
libva-utils	/usr/sbin/h264encode
libva-utils	/usr/sbin/hevcencode
libva-utils	/usr/sbin/jpegenc
libva-utils	/usr/sbin/loadjpeg
libva-utils	/usr/sbin/mpeg2vaenc
libva-utils	/usr/sbin/mpeg2vldemo
libva-utils	/usr/sbin/putsurface
libva-utils	/usr/sbin/putsurface_wayland
libva-utils	/usr/sbin/sfcsample
libva-utils	/usr/sbin/vacopy
libva-utils	/usr/sbin/vainfo
libva-utils	/usr/sbin/vavpp
libva-utils	/usr/sbin/vp8enc
libva-utils	/usr/sbin/vp9enc
libva-utils	/usr/sbin/vpp3dlut
libva-utils	/usr/sbin/vppblending
libva-utils	/usr/sbin/vppchromasitting
libva-utils	/usr/sbin/vppdenoise
libva-utils	/usr/sbin/vpphdr_tm
libva-utils	/usr/sbin/vppscaling_csc
libva-utils	/usr/sbin/vppscaling_n_out_usrptr
libva-utils	/usr/sbin/vppsharpness
libwacom	/usr/bin/libwacom-list-local-devices
libwacom	/usr/bin/libwacom-update-db
libwacom	/usr/sbin/libwacom-list-local-devices
libwacom	/usr/sbin/libwacom-update-db
libwnck3	/usr/bin/wnck-urgency-monitor
libwnck3	/usr/sbin/wnck-urgency-monitor
libxml2	/usr/bin/xmlcatalog
libxml2	/usr/bin/xmllint
libxml2	/usr/sbin/xmlcatalog
libxml2	/usr/sbin/xmllint
libxmlb	/usr/bin/xb-tool
libxmlb	/usr/sbin/xb-tool
libxslt	/usr/bin/xsltproc
libxslt	/usr/sbin/xsltproc
libyubikey	/usr/bin/modhex
libyubikey	/usr/bin/ykgenerate
libyubikey	/usr/bin/ykparse
libyubikey	/usr/sbin/modhex
libyubikey	/usr/sbin/ykgenerate
libyubikey	/usr/sbin/ykparse
lm_sensors	/usr/bin/fancontrol
lm_sensors	/usr/bin/isadump
lm_sensors	/usr/bin/isaset
lm_sensors	/usr/bin/pwmconfig
lm_sensors	/usr/bin/sensors
lm_sensors	/usr/bin/sensors-conf-convert
lm_sensors	/usr/bin/sensors-detect
lm_sensors	/usr/lib/systemd/system/fancontrol.service
lm_sensors	/usr/lib/systemd/system/lm_sensors.service
lm_sensors	/usr/sbin/fancontrol
lm_sensors	/usr/sbin/isadump
lm_sensors	/usr/sbin/isaset
lm_sensors	/usr/sbin/pwmconfig
lm_sensors	/usr/sbin/sensors
lm_sensors	/usr/sbin/sensors-conf-convert
lm_sensors	/usr/sbin/sensors-detect
localsearch	/etc/xdg/autostart/localsearch-3.desktop
localsearch	/usr/bin/localsearch
localsearch	/usr/lib/systemd/user/localsearch-3.service
localsearch	/usr/lib/systemd/user/localsearch-control-3.service
localsearch	/usr/lib/systemd/user/localsearch-writeback-3.service
localsearch	/usr/sbin/localsearch
lockdev	/usr/bin/lockdev
lockdev	/usr/sbin/lockdev
logrotate	/usr/bin/logrotate
logrotate	/usr/lib/systemd/system/logrotate.service
logrotate	/usr/lib/systemd/system/logrotate.timer
logrotate	/usr/sbin/logrotate
lrzsz	/usr/bin/rb
lrzsz	/usr/bin/rx
lrzsz	/usr/bin/rz
lrzsz	/usr/bin/sb
lrzsz	/usr/bin/sx
lrzsz	/usr/bin/sz
lrzsz	/usr/sbin/rb
lrzsz	/usr/sbin/rx
lrzsz	/usr/sbin/rz
lrzsz	/usr/sbin/sb
lrzsz	/usr/sbin/sx
lrzsz	/usr/sbin/sz
lsb_release	/usr/bin/lsb-release
lsb_release	/usr/bin/lsb_release
lsb_release	/usr/sbin/lsb-release
lsb_release	/usr/sbin/lsb_release
lshw	/usr/bin/lshw
lshw	/usr/sbin/lshw
lsof	/usr/bin/lsof
lsof	/usr/sbin/lsof
lvm2	/usr/bin/fsadm
lvm2	/usr/bin/lvchange
lvm2	/usr/bin/lvconvert
lvm2	/usr/bin/lvcreate
lvm2	/usr/bin/lvdisplay
lvm2	/usr/bin/lvextend
lvm2	/usr/bin/lvm
lvm2	/usr/bin/lvm_import_vdo
lvm2	/usr/bin/lvmconfig
lvm2	/usr/bin/lvmdevices
lvm2	/usr/bin/lvmdiskscan
lvm2	/usr/bin/lvmdump
lvm2	/usr/bin/lvmpersist
lvm2	/usr/bin/lvmpolld
lvm2	/usr/bin/lvmsadc
lvm2	/usr/bin/lvmsar
lvm2	/usr/bin/lvreduce
lvm2	/usr/bin/lvremove
lvm2	/usr/bin/lvrename
lvm2	/usr/bin/lvresize
lvm2	/usr/bin/lvs
lvm2	/usr/bin/lvscan
lvm2	/usr/bin/pvchange
lvm2	/usr/bin/pvck
lvm2	/usr/bin/pvcreate
lvm2	/usr/bin/pvdisplay
lvm2	/usr/bin/pvmove
lvm2	/usr/bin/pvremove
lvm2	/usr/bin/pvresize
lvm2	/usr/bin/pvs
lvm2	/usr/bin/pvscan
lvm2	/usr/bin/vgcfgbackup
lvm2	/usr/bin/vgcfgrestore
lvm2	/usr/bin/vgchange
lvm2	/usr/bin/vgck
lvm2	/usr/bin/vgconvert
lvm2	/usr/bin/vgcreate
lvm2	/usr/bin/vgdisplay
lvm2	/usr/bin/vgexport
lvm2	/usr/bin/vgextend
lvm2	/usr/bin/vgimport
lvm2	/usr/bin/vgimportclone
lvm2	/usr/bin/vgimportdevices
lvm2	/usr/bin/vgmerge
lvm2	/usr/bin/vgmknodes
lvm2	/usr/bin/vgreduce
lvm2	/usr/bin/vgremove
lvm2	/usr/bin/vgrename
lvm2	/usr/bin/vgs
lvm2	/usr/bin/vgscan
lvm2	/usr/bin/vgsplit
lvm2	/usr/lib/systemd/system/blk-availability.service
lvm2	/usr/lib/systemd/system/lvm-devices-import.service
lvm2	/usr/lib/systemd/system/lvm2-lvmpolld.service
lvm2	/usr/lib/systemd/system/lvm2-lvmpolld.socket
lvm2	/usr/lib/systemd/system/lvm2-monitor.service
lvm2	/usr/sbin/fsadm
lvm2	/usr/sbin/lvchange
lvm2	/usr/sbin/lvconvert
lvm2	/usr/sbin/lvcreate
lvm2	/usr/sbin/lvdisplay
lvm2	/usr/sbin/lvextend
lvm2	/usr/sbin/lvm
lvm2	/usr/sbin/lvm_import_vdo
lvm2	/usr/sbin/lvmconfig
lvm2	/usr/sbin/lvmdevices
lvm2	/usr/sbin/lvmdiskscan
lvm2	/usr/sbin/lvmdump
lvm2	/usr/sbin/lvmpersist
lvm2	/usr/sbin/lvmpolld
lvm2	/usr/sbin/lvmsadc
lvm2	/usr/sbin/lvmsar
lvm2	/usr/sbin/lvreduce
lvm2	/usr/sbin/lvremove
lvm2	/usr/sbin/lvrename
lvm2	/usr/sbin/lvresize
lvm2	/usr/sbin/lvs
lvm2	/usr/sbin/lvscan
lvm2	/usr/sbin/pvchange
lvm2	/usr/sbin/pvck
lvm2	/usr/sbin/pvcreate
lvm2	/usr/sbin/pvdisplay
lvm2	/usr/sbin/pvmove
lvm2	/usr/sbin/pvremove
lvm2	/usr/sbin/pvresize
lvm2	/usr/sbin/pvs
lvm2	/usr/sbin/pvscan
lvm2	/usr/sbin/vgcfgbackup
lvm2	/usr/sbin/vgcfgrestore
lvm2	/usr/sbin/vgchange
lvm2	/usr/sbin/vgck
lvm2	/usr/sbin/vgconvert
lvm2	/usr/sbin/vgcreate
lvm2	/usr/sbin/vgdisplay
lvm2	/usr/sbin/vgexport
lvm2	/usr/sbin/vgextend
lvm2	/usr/sbin/vgimport
lvm2	/usr/sbin/vgimportclone
lvm2	/usr/sbin/vgimportdevices
lvm2	/usr/sbin/vgmerge
lvm2	/usr/sbin/vgmknodes
lvm2	/usr/sbin/vgreduce
lvm2	/usr/sbin/vgremove
lvm2	/usr/sbin/vgrename
lvm2	/usr/sbin/vgs
lvm2	/usr/sbin/vgscan
lvm2	/usr/sbin/vgsplit
m17n-lib	/usr/bin/m17n-conv
m17n-lib	/usr/sbin/m17n-conv
m4	/usr/bin/m4
m4	/usr/sbin/m4
make	/usr/bin/gmake
make	/usr/bin/make
make	/usr/sbin/gmake
make	/usr/sbin/make
malcontent	/usr/lib/systemd/system/malcontent-timer-extension-agent.service
malcontent	/usr/lib/systemd/system/malcontent-timerd.service
malcontent	/usr/lib/systemd/system/malcontent-webd-update.service
malcontent	/usr/lib/systemd/system/malcontent-webd-update.timer
malcontent	/usr/lib/systemd/system/malcontent-webd.service
malcontent-control	/usr/bin/malcontent-control
malcontent-control	/usr/sbin/malcontent-control
malcontent-control	/usr/share/applications/org.freedesktop.MalcontentControl.desktop
man-db	/usr/bin/accessdb
man-db	/usr/bin/apropos
man-db	/usr/bin/apropos.man-db
man-db	/usr/bin/catman
man-db	/usr/bin/lexgrog
man-db	/usr/bin/man
man-db	/usr/bin/man-recode
man-db	/usr/bin/man.man-db
man-db	/usr/bin/mandb
man-db	/usr/bin/manpath
man-db	/usr/bin/whatis
man-db	/usr/bin/whatis.man-db
man-db	/usr/lib/systemd/system/man-db-cache-update.service
man-db	/usr/lib/systemd/system/man-db-restart-cache-update.service
man-db	/usr/sbin/accessdb
man-db	/usr/sbin/apropos
man-db	/usr/sbin/apropos.man-db
man-db	/usr/sbin/catman
man-db	/usr/sbin/lexgrog
man-db	/usr/sbin/man
man-db	/usr/sbin/man-recode
man-db	/usr/sbin/man.man-db
man-db	/usr/sbin/mandb
man-db	/usr/sbin/manpath
man-db	/usr/sbin/whatis
man-db	/usr/sbin/whatis.man-db
mcelog	/usr/bin/mcelog
mcelog	/usr/lib/systemd/system/mcelog.service
mcelog	/usr/sbin/mcelog
mdadm	/usr/bin/mdadm
mdadm	/usr/bin/mdmon
mdadm	/usr/bin/raid-check
mdadm	/usr/bin/raid6check
mdadm	/usr/lib/systemd/system/mdadm-grow-continue@.service
mdadm	/usr/lib/systemd/system/mdadm-last-resort@.service
mdadm	/usr/lib/systemd/system/mdadm-last-resort@.timer
mdadm	/usr/lib/systemd/system/mdcheck_continue.service
mdadm	/usr/lib/systemd/system/mdcheck_continue.timer
mdadm	/usr/lib/systemd/system/mdcheck_start.service
mdadm	/usr/lib/systemd/system/mdcheck_start.timer
mdadm	/usr/lib/systemd/system/mdmon@.service
mdadm	/usr/lib/systemd/system/mdmonitor-oneshot.service
mdadm	/usr/lib/systemd/system/mdmonitor-oneshot.timer
mdadm	/usr/lib/systemd/system/mdmonitor.service
mdadm	/usr/lib/systemd/system/raid-check.service
mdadm	/usr/lib/systemd/system/raid-check.timer
mdadm	/usr/sbin/mdadm
mdadm	/usr/sbin/mdmon
mdadm	/usr/sbin/raid-check
mdadm	/usr/sbin/raid6check
memstrack	/usr/bin/memstrack
memstrack	/usr/sbin/memstrack
mkpasswd	/usr/bin/mkpasswd
mkpasswd	/usr/sbin/mkpasswd
mokutil	/usr/bin/mokutil
mokutil	/usr/sbin/mokutil
mozc	/usr/bin/mozc_emacs_helper
mozc	/usr/sbin/mozc_emacs_helper
mpage	/usr/bin/mpage
mpage	/usr/sbin/mpage
mtools	/usr/bin/amuFormat.sh
mtools	/usr/bin/lz
mtools	/usr/bin/mattrib
mtools	/usr/bin/mbadblocks
mtools	/usr/bin/mcat
mtools	/usr/bin/mcd
mtools	/usr/bin/mcheck
mtools	/usr/bin/mcomp
mtools	/usr/bin/mcopy
mtools	/usr/bin/mdel
mtools	/usr/bin/mdeltree
mtools	/usr/bin/mdir
mtools	/usr/bin/mdoctorfat
mtools	/usr/bin/mdu
mtools	/usr/bin/mformat
mtools	/usr/bin/minfo
mtools	/usr/bin/mkmanifest
mtools	/usr/bin/mlabel
mtools	/usr/bin/mmd
mtools	/usr/bin/mmount
mtools	/usr/bin/mmove
mtools	/usr/bin/mpartition
mtools	/usr/bin/mrd
mtools	/usr/bin/mren
mtools	/usr/bin/mshortname
mtools	/usr/bin/mshowfat
mtools	/usr/bin/mtools
mtools	/usr/bin/mtoolstest
mtools	/usr/bin/mtype
mtools	/usr/bin/mxtar
mtools	/usr/bin/mzip
mtools	/usr/bin/tgz
mtools	/usr/bin/uz
mtools	/usr/sbin/amuFormat.sh
mtools	/usr/sbin/lz
mtools	/usr/sbin/mattrib
mtools	/usr/sbin/mbadblocks
mtools	/usr/sbin/mcat
mtools	/usr/sbin/mcd
mtools	/usr/sbin/mcheck
mtools	/usr/sbin/mcomp
mtools	/usr/sbin/mcopy
mtools	/usr/sbin/mdel
mtools	/usr/sbin/mdeltree
mtools	/usr/sbin/mdir
mtools	/usr/sbin/mdoctorfat
mtools	/usr/sbin/mdu
mtools	/usr/sbin/mformat
mtools	/usr/sbin/minfo
mtools	/usr/sbin/mkmanifest
mtools	/usr/sbin/mlabel
mtools	/usr/sbin/mmd
mtools	/usr/sbin/mmount
mtools	/usr/sbin/mmove
mtools	/usr/sbin/mpartition
mtools	/usr/sbin/mrd
mtools	/usr/sbin/mren
mtools	/usr/sbin/mshortname
mtools	/usr/sbin/mshowfat
mtools	/usr/sbin/mtools
mtools	/usr/sbin/mtoolstest
mtools	/usr/sbin/mtype
mtools	/usr/sbin/mxtar
mtools	/usr/sbin/mzip
mtools	/usr/sbin/tgz
mtools	/usr/sbin/uz
mtr	/usr/bin/mtr
mtr	/usr/bin/mtr-packet
mtr	/usr/sbin/mtr
mtr	/usr/sbin/mtr-packet
mutter	/usr/bin/gdctl
mutter	/usr/bin/gnome-service-client
mutter	/usr/bin/mutter
mutter	/usr/sbin/gdctl
mutter	/usr/sbin/gnome-service-client
mutter	/usr/sbin/mutter
nano	/usr/bin/nano
nano	/usr/bin/rnano
nano	/usr/sbin/nano
nano	/usr/sbin/rnano
nautilus	/usr/bin/nautilus
nautilus	/usr/bin/nautilus-autorun-software
nautilus	/usr/sbin/nautilus
nautilus	/usr/sbin/nautilus-autorun-software
nautilus	/usr/share/applications/nautilus-autorun-software.desktop
nautilus	/usr/share/applications/org.gnome.Nautilus.desktop
ncurses	/usr/bin/captoinfo
ncurses	/usr/bin/clear
ncurses	/usr/bin/infocmp
ncurses	/usr/bin/infotocap
ncurses	/usr/bin/reset
ncurses	/usr/bin/tabs
ncurses	/usr/bin/tic
ncurses	/usr/bin/toe
ncurses	/usr/bin/tput
ncurses	/usr/bin/tset
ncurses	/usr/sbin/captoinfo
ncurses	/usr/sbin/clear
ncurses	/usr/sbin/infocmp
ncurses	/usr/sbin/infotocap
ncurses	/usr/sbin/reset
ncurses	/usr/sbin/tabs
ncurses	/usr/sbin/tic
ncurses	/usr/sbin/toe
ncurses	/usr/sbin/tput
ncurses	/usr/sbin/tset
net-tools	/usr/bin/arp
net-tools	/usr/bin/ether-wake
net-tools	/usr/bin/ifconfig
net-tools	/usr/bin/ipmaddr
net-tools	/usr/bin/iptunnel
net-tools	/usr/bin/mii-diag
net-tools	/usr/bin/mii-tool
net-tools	/usr/bin/nameif
net-tools	/usr/bin/netstat
net-tools	/usr/bin/plipconfig
net-tools	/usr/bin/route
net-tools	/usr/bin/slattach
net-tools	/usr/lib/systemd/system/arp-ethers.service
net-tools	/usr/sbin/arp
net-tools	/usr/sbin/ether-wake
net-tools	/usr/sbin/ifconfig
net-tools	/usr/sbin/ipmaddr
net-tools	/usr/sbin/iptunnel
net-tools	/usr/sbin/mii-diag
net-tools	/usr/sbin/mii-tool
net-tools	/usr/sbin/nameif
net-tools	/usr/sbin/netstat
net-tools	/usr/sbin/plipconfig
net-tools	/usr/sbin/route
net-tools	/usr/sbin/slattach
netavark	/usr/lib/systemd/system/netavark-dhcp-proxy.service
netavark	/usr/lib/systemd/system/netavark-dhcp-proxy.socket
netavark	/usr/lib/systemd/system/netavark-firewalld-reload.service
netavark	/usr/lib/systemd/system/netavark-nftables-reload.service
nfs-common-utils	/usr/bin/mount.nfs
nfs-common-utils	/usr/bin/nfsconf
nfs-common-utils	/usr/bin/nfsstat
nfs-common-utils	/usr/bin/rpc.gssd
nfs-common-utils	/usr/bin/rpcdebug
nfs-common-utils	/usr/bin/showmount
nfs-common-utils	/usr/bin/umount.nfs
nfs-common-utils	/usr/lib/systemd/system/auth-rpcgss-module.service
nfs-common-utils	/usr/lib/systemd/system/rpc-gssd.service
nfs-common-utils	/usr/lib/systemd/system/rpc-statd-notify.service
nfs-common-utils	/usr/sbin/mount.nfs
nfs-common-utils	/usr/sbin/nfsconf
nfs-common-utils	/usr/sbin/nfsstat
nfs-common-utils	/usr/sbin/rpc.gssd
nfs-common-utils	/usr/sbin/rpcdebug
nfs-common-utils	/usr/sbin/showmount
nfs-common-utils	/usr/sbin/umount.nfs
nfs-utils	/usr/bin/exportfs
nfs-utils	/usr/bin/fsidd
nfs-utils	/usr/bin/nfsdcld
nfs-utils	/usr/bin/nfsdctl
nfs-utils	/usr/bin/nfsref
nfs-utils	/usr/bin/rpc.idmapd
nfs-utils	/usr/bin/rpc.mountd
nfs-utils	/usr/bin/rpc.nfsd
nfs-utils	/usr/lib/systemd/system/fsidd.service
nfs-utils	/usr/lib/systemd/system/nfs-idmapd.service
nfs-utils	/usr/lib/systemd/system/nfs-mountd.service
nfs-utils	/usr/lib/systemd/system/nfs-server.service
nfs-utils	/usr/lib/systemd/system/nfs-utils.service
nfs-utils	/usr/lib/systemd/system/nfsdcld.service
nfs-utils	/usr/sbin/exportfs
nfs-utils	/usr/sbin/fsidd
nfs-utils	/usr/sbin/nfsdcld
nfs-utils	/usr/sbin/nfsdctl
nfs-utils	/usr/sbin/nfsref
nfs-utils	/usr/sbin/rpc.idmapd
nfs-utils	/usr/sbin/rpc.mountd
nfs-utils	/usr/sbin/rpc.nfsd
nfsv3-client-utils	/usr/bin/rpc.statd
nfsv3-client-utils	/usr/bin/sm-notify
nfsv3-client-utils	/usr/bin/start-statd
nfsv3-client-utils	/usr/lib/systemd/system/rpc-statd.service
nfsv3-client-utils	/usr/sbin/rpc.statd
nfsv3-client-utils	/usr/sbin/sm-notify
nfsv3-client-utils	/usr/sbin/start-statd
nfsv4-client-utils	/usr/bin/mount.nfs4
nfsv4-client-utils	/usr/bin/nfsidmap
nfsv4-client-utils	/usr/bin/umount.nfs4
nfsv4-client-utils	/usr/sbin/mount.nfs4
nfsv4-client-utils	/usr/sbin/nfsidmap
nfsv4-client-utils	/usr/sbin/umount.nfs4
nftables	/usr/bin/nft
nftables	/usr/sbin/nft
nftables-services	/usr/lib/systemd/system/nftables.service
nilfs-utils	/usr/bin/chcp
nilfs-utils	/usr/bin/dumpseg
nilfs-utils	/usr/bin/lscp
nilfs-utils	/usr/bin/lssu
nilfs-utils	/usr/bin/mkcp
nilfs-utils	/usr/bin/mkfs.nilfs2
nilfs-utils	/usr/bin/mount.nilfs2
nilfs-utils	/usr/bin/nilfs-clean
nilfs-utils	/usr/bin/nilfs-resize
nilfs-utils	/usr/bin/nilfs-tune
nilfs-utils	/usr/bin/nilfs_cleanerd
nilfs-utils	/usr/bin/rmcp
nilfs-utils	/usr/bin/umount.nilfs2
nilfs-utils	/usr/sbin/chcp
nilfs-utils	/usr/sbin/dumpseg
nilfs-utils	/usr/sbin/lscp
nilfs-utils	/usr/sbin/lssu
nilfs-utils	/usr/sbin/mkcp
nilfs-utils	/usr/sbin/mkfs.nilfs2
nilfs-utils	/usr/sbin/mount.nilfs2
nilfs-utils	/usr/sbin/nilfs-clean
nilfs-utils	/usr/sbin/nilfs-resize
nilfs-utils	/usr/sbin/nilfs-tune
nilfs-utils	/usr/sbin/nilfs_cleanerd
nilfs-utils	/usr/sbin/rmcp
nilfs-utils	/usr/sbin/umount.nilfs2
nm-connection-editor	/usr/bin/nm-connection-editor
nm-connection-editor	/usr/sbin/nm-connection-editor
nss-sysinit	/usr/bin/setup-nsssysinit
nss-sysinit	/usr/bin/setup-nsssysinit.sh
nss-sysinit	/usr/sbin/setup-nsssysinit
nss-sysinit	/usr/sbin/setup-nsssysinit.sh
ntfs-3g	/usr/bin/lowntfs-3g
ntfs-3g	/usr/bin/mount.lowntfs-3g
ntfs-3g	/usr/bin/mount.ntfs
ntfs-3g	/usr/bin/mount.ntfs-3g
ntfs-3g	/usr/bin/mount.ntfs-fuse
ntfs-3g	/usr/bin/ntfs-3g
ntfs-3g	/usr/bin/ntfs-3g.probe
ntfs-3g	/usr/bin/ntfsmount
ntfs-3g	/usr/sbin/lowntfs-3g
ntfs-3g	/usr/sbin/mount.lowntfs-3g
ntfs-3g	/usr/sbin/mount.ntfs
ntfs-3g	/usr/sbin/mount.ntfs-3g
ntfs-3g	/usr/sbin/mount.ntfs-fuse
ntfs-3g	/usr/sbin/ntfs-3g
ntfs-3g	/usr/sbin/ntfs-3g.probe
ntfs-3g	/usr/sbin/ntfsmount
ntfsprogs	/usr/bin/fsck.ntfs
ntfsprogs	/usr/bin/mkfs.ntfs
ntfsprogs	/usr/bin/mkntfs
ntfsprogs	/usr/bin/ntfscat
ntfsprogs	/usr/bin/ntfsck
ntfsprogs	/usr/bin/ntfsclone
ntfsprogs	/usr/bin/ntfscluster
ntfsprogs	/usr/bin/ntfscmp
ntfsprogs	/usr/bin/ntfscp
ntfsprogs	/usr/bin/ntfsdecrypt
ntfsprogs	/usr/bin/ntfsdump_logfile
ntfsprogs	/usr/bin/ntfsfallocate
ntfsprogs	/usr/bin/ntfsfix
ntfsprogs	/usr/bin/ntfsinfo
ntfsprogs	/usr/bin/ntfslabel
ntfsprogs	/usr/bin/ntfsls
ntfsprogs	/usr/bin/ntfsmftalloc
ntfsprogs	/usr/bin/ntfsmove
ntfsprogs	/usr/bin/ntfsrecover
ntfsprogs	/usr/bin/ntfsresize
ntfsprogs	/usr/bin/ntfssecaudit
ntfsprogs	/usr/bin/ntfstruncate
ntfsprogs	/usr/bin/ntfsundelete
ntfsprogs	/usr/bin/ntfsusermap
ntfsprogs	/usr/bin/ntfswipe
ntfsprogs	/usr/sbin/fsck.ntfs
ntfsprogs	/usr/sbin/mkfs.ntfs
ntfsprogs	/usr/sbin/mkntfs
ntfsprogs	/usr/sbin/ntfscat
ntfsprogs	/usr/sbin/ntfsck
ntfsprogs	/usr/sbin/ntfsclone
ntfsprogs	/usr/sbin/ntfscluster
ntfsprogs	/usr/sbin/ntfscmp
ntfsprogs	/usr/sbin/ntfscp
ntfsprogs	/usr/sbin/ntfsdecrypt
ntfsprogs	/usr/sbin/ntfsdump_logfile
ntfsprogs	/usr/sbin/ntfsfallocate
ntfsprogs	/usr/sbin/ntfsfix
ntfsprogs	/usr/sbin/ntfsinfo
ntfsprogs	/usr/sbin/ntfslabel
ntfsprogs	/usr/sbin/ntfsls
ntfsprogs	/usr/sbin/ntfsmftalloc
ntfsprogs	/usr/sbin/ntfsmove
ntfsprogs	/usr/sbin/ntfsrecover
ntfsprogs	/usr/sbin/ntfsresize
ntfsprogs	/usr/sbin/ntfssecaudit
ntfsprogs	/usr/sbin/ntfstruncate
ntfsprogs	/usr/sbin/ntfsundelete
ntfsprogs	/usr/sbin/ntfsusermap
ntfsprogs	/usr/sbin/ntfswipe
nvme-cli	/usr/bin/nvme
nvme-cli	/usr/lib/systemd/system/nvmefc-boot-connections.service
nvme-cli	/usr/lib/systemd/system/nvmf-autoconnect.service
nvme-cli	/usr/lib/systemd/system/nvmf-connect-nbft.service
nvme-cli	/usr/lib/systemd/system/nvmf-connect@.service
nvme-cli	/usr/sbin/nvme
nvtop	/usr/bin/nvtop
nvtop	/usr/sbin/nvtop
nvtop	/usr/share/applications/nvtop.desktop
oddjob	/usr/bin/oddjob_request
oddjob	/usr/bin/oddjobd
oddjob	/usr/lib/systemd/system/oddjobd.service
oddjob	/usr/sbin/oddjob_request
oddjob	/usr/sbin/oddjobd
open-vm-tools	/usr/bin/VGAuthService
open-vm-tools	/usr/bin/vm-support
open-vm-tools	/usr/bin/vmhgfs-fuse
open-vm-tools	/usr/bin/vmtoolsd
open-vm-tools	/usr/bin/vmware-alias-import
open-vm-tools	/usr/bin/vmware-checkvm
open-vm-tools	/usr/bin/vmware-hgfsclient
open-vm-tools	/usr/bin/vmware-namespace-cmd
open-vm-tools	/usr/bin/vmware-rpctool
open-vm-tools	/usr/bin/vmware-toolbox-cmd
open-vm-tools	/usr/bin/vmware-vgauth-cmd
open-vm-tools	/usr/bin/vmware-xferlogs
open-vm-tools	/usr/lib/systemd/system/vgauthd.service
open-vm-tools	/usr/lib/systemd/system/vmtoolsd.service
open-vm-tools	/usr/sbin/VGAuthService
open-vm-tools	/usr/sbin/vm-support
open-vm-tools	/usr/sbin/vmhgfs-fuse
open-vm-tools	/usr/sbin/vmtoolsd
open-vm-tools	/usr/sbin/vmware-alias-import
open-vm-tools	/usr/sbin/vmware-checkvm
open-vm-tools	/usr/sbin/vmware-hgfsclient
open-vm-tools	/usr/sbin/vmware-namespace-cmd
open-vm-tools	/usr/sbin/vmware-rpctool
open-vm-tools	/usr/sbin/vmware-toolbox-cmd
open-vm-tools	/usr/sbin/vmware-vgauth-cmd
open-vm-tools	/usr/sbin/vmware-xferlogs
open-vm-tools-desktop	/etc/xdg/autostart/vmware-user.desktop
open-vm-tools-desktop	/usr/bin/vmware-user
open-vm-tools-desktop	/usr/bin/vmware-user-suid-wrapper
open-vm-tools-desktop	/usr/bin/vmware-vmblock-fuse
open-vm-tools-desktop	/usr/bin/vmwgfxctrl
open-vm-tools-desktop	/usr/sbin/vmware-user
open-vm-tools-desktop	/usr/sbin/vmware-user-suid-wrapper
open-vm-tools-desktop	/usr/sbin/vmware-vmblock-fuse
open-vm-tools-desktop	/usr/sbin/vmwgfxctrl
openal-soft	/usr/bin/openal-info
openal-soft	/usr/sbin/openal-info
openconnect	/usr/bin/openconnect
openconnect	/usr/sbin/openconnect
openpace	/usr/bin/cvc-create
openpace	/usr/bin/cvc-print
openpace	/usr/sbin/cvc-create
openpace	/usr/sbin/cvc-print
opensc	/usr/bin/cardos-tool
opensc	/usr/bin/cryptoflex-tool
opensc	/usr/bin/dnie-tool
opensc	/usr/bin/dtrust-tool
opensc	/usr/bin/egk-tool
opensc	/usr/bin/eidenv
opensc	/usr/bin/gids-tool
opensc	/usr/bin/goid-tool
opensc	/usr/bin/iasecc-tool
opensc	/usr/bin/netkey-tool
opensc	/usr/bin/npa-tool
opensc	/usr/bin/openpgp-tool
opensc	/usr/bin/opensc-asn1
opensc	/usr/bin/opensc-explorer
opensc	/usr/bin/opensc-tool
opensc	/usr/bin/piv-tool
opensc	/usr/bin/pkcs11-tool
opensc	/usr/bin/pkcs15-crypt
opensc	/usr/bin/pkcs15-init
opensc	/usr/bin/pkcs15-tool
opensc	/usr/bin/sc-hsm-tool
opensc	/usr/bin/westcos-tool
opensc	/usr/sbin/cardos-tool
opensc	/usr/sbin/cryptoflex-tool
opensc	/usr/sbin/dnie-tool
opensc	/usr/sbin/dtrust-tool
opensc	/usr/sbin/egk-tool
opensc	/usr/sbin/eidenv
opensc	/usr/sbin/gids-tool
opensc	/usr/sbin/goid-tool
opensc	/usr/sbin/iasecc-tool
opensc	/usr/sbin/netkey-tool
opensc	/usr/sbin/npa-tool
opensc	/usr/sbin/openpgp-tool
opensc	/usr/sbin/opensc-asn1
opensc	/usr/sbin/opensc-explorer
opensc	/usr/sbin/opensc-tool
opensc	/usr/sbin/piv-tool
opensc	/usr/sbin/pkcs11-tool
opensc	/usr/sbin/pkcs15-crypt
opensc	/usr/sbin/pkcs15-init
opensc	/usr/sbin/pkcs15-tool
opensc	/usr/sbin/sc-hsm-tool
opensc	/usr/sbin/westcos-tool
openssh	/usr/bin/ssh-keygen
openssh	/usr/sbin/ssh-keygen
openssh-clients	/usr/bin/scp
openssh-clients	/usr/bin/sftp
openssh-clients	/usr/bin/ssh
openssh-clients	/usr/bin/ssh-add
openssh-clients	/usr/bin/ssh-agent
openssh-clients	/usr/bin/ssh-copy-id
openssh-clients	/usr/bin/ssh-keyscan
openssh-clients	/usr/lib/systemd/user/ssh-agent.service
openssh-clients	/usr/lib/systemd/user/ssh-agent.socket
openssh-clients	/usr/sbin/scp
openssh-clients	/usr/sbin/sftp
openssh-clients	/usr/sbin/ssh
openssh-clients	/usr/sbin/ssh-add
openssh-clients	/usr/sbin/ssh-agent
openssh-clients	/usr/sbin/ssh-copy-id
openssh-clients	/usr/sbin/ssh-keyscan
openssh-server	/usr/bin/sshd
openssh-server	/usr/lib/systemd/system/ssh-host-keys-migration.service
openssh-server	/usr/lib/systemd/system/sshd-keygen@.service
openssh-server	/usr/lib/systemd/system/sshd.service
openssh-server	/usr/lib/systemd/system/sshd.socket
openssh-server	/usr/lib/systemd/system/sshd@.service
openssh-server	/usr/sbin/sshd
openssl	/usr/bin/openssl
openssl	/usr/sbin/openssl
openvpn	/usr/bin/openvpn
openvpn	/usr/lib/systemd/system/openvpn-client@.service
openvpn	/usr/lib/systemd/system/openvpn-server@.service
openvpn	/usr/sbin/openvpn
orc	/usr/bin/orc-bugreport
orc	/usr/sbin/orc-bugreport
orca	/etc/xdg/autostart/orca-autostart.desktop
orca	/usr/bin/orca
orca	/usr/lib/systemd/user/orca.service
orca	/usr/sbin/orca
orca	/usr/share/applications/orca.desktop
os-prober	/usr/bin/linux-boot-prober
os-prober	/usr/bin/os-prober
os-prober	/usr/sbin/linux-boot-prober
os-prober	/usr/sbin/os-prober
osinfo-db-tools	/usr/bin/osinfo-db-export
osinfo-db-tools	/usr/bin/osinfo-db-import
osinfo-db-tools	/usr/bin/osinfo-db-path
osinfo-db-tools	/usr/bin/osinfo-db-validate
osinfo-db-tools	/usr/sbin/osinfo-db-export
osinfo-db-tools	/usr/sbin/osinfo-db-import
osinfo-db-tools	/usr/sbin/osinfo-db-path
osinfo-db-tools	/usr/sbin/osinfo-db-validate
ostree	/usr/bin/ostree
ostree	/usr/bin/rofiles-fuse
ostree	/usr/lib/systemd/system/ostree-boot-complete.service
ostree	/usr/lib/systemd/system/ostree-finalize-staged-hold.service
ostree	/usr/lib/systemd/system/ostree-finalize-staged.service
ostree	/usr/lib/systemd/system/ostree-prepare-root.service
ostree	/usr/lib/systemd/system/ostree-remount.service
ostree	/usr/lib/systemd/system/ostree-state-overlay@.service
ostree	/usr/sbin/ostree
ostree	/usr/sbin/rofiles-fuse
p11-kit	/usr/bin/p11-kit
p11-kit	/usr/sbin/p11-kit
p11-kit-server	/usr/lib/systemd/user/p11-kit-server.service
p11-kit-server	/usr/lib/systemd/user/p11-kit-server.socket
p11-kit-trust	/usr/bin/trust
p11-kit-trust	/usr/sbin/trust
pam	/usr/bin/faillock
pam	/usr/bin/mkhomedir_helper
pam	/usr/bin/pam_namespace_helper
pam	/usr/bin/pam_timestamp_check
pam	/usr/bin/pwhistory_helper
pam	/usr/bin/unix_chkpwd
pam	/usr/bin/unix_update
pam	/usr/lib/systemd/system/pam_namespace.service
pam	/usr/sbin/faillock
pam	/usr/sbin/mkhomedir_helper
pam	/usr/sbin/pam_namespace_helper
pam	/usr/sbin/pam_timestamp_check
pam	/usr/sbin/pwhistory_helper
pam	/usr/sbin/unix_chkpwd
pam	/usr/sbin/unix_update
pam_yubico	/usr/bin/ykpamcfg
pam_yubico	/usr/sbin/ykpamcfg
pamu2fcfg	/usr/bin/pamu2fcfg
pamu2fcfg	/usr/sbin/pamu2fcfg
pango	/usr/bin/pango-list
pango	/usr/bin/pango-segmentation
pango	/usr/bin/pango-view
pango	/usr/sbin/pango-list
pango	/usr/sbin/pango-segmentation
pango	/usr/sbin/pango-view
papers-previewer	/usr/bin/papers-previewer
papers-previewer	/usr/sbin/papers-previewer
papers-previewer	/usr/share/applications/org.gnome.Papers-previewer.desktop
papers-thumbnailer	/usr/bin/papers-thumbnailer
papers-thumbnailer	/usr/sbin/papers-thumbnailer
paps	/usr/bin/paps
paps	/usr/bin/src-to-paps
paps	/usr/sbin/paps
paps	/usr/sbin/src-to-paps
passim	/usr/bin/passim
passim	/usr/lib/systemd/system/passim.service
passim	/usr/sbin/passim
passt	/usr/bin/passt
passt	/usr/bin/passt-repair
passt	/usr/bin/passt.avx2
passt	/usr/bin/pasta
passt	/usr/bin/pasta.avx2
passt	/usr/bin/pesto
passt	/usr/sbin/passt
passt	/usr/sbin/passt-repair
passt	/usr/sbin/passt.avx2
passt	/usr/sbin/pasta
passt	/usr/sbin/pasta.avx2
passt	/usr/sbin/pesto
passwdqc-utils	/usr/bin/pwqcheck
passwdqc-utils	/usr/bin/pwqfilter
passwdqc-utils	/usr/bin/pwqgen
passwdqc-utils	/usr/sbin/pwqcheck
passwdqc-utils	/usr/sbin/pwqfilter
passwdqc-utils	/usr/sbin/pwqgen
pciutils	/usr/bin/lspci
pciutils	/usr/bin/pcilmr
pciutils	/usr/bin/setpci
pciutils	/usr/bin/update-pciids
pciutils	/usr/sbin/lspci
pciutils	/usr/sbin/pcilmr
pciutils	/usr/sbin/setpci
pciutils	/usr/sbin/update-pciids
pcsc-lite	/usr/bin/pcscd
pcsc-lite	/usr/lib/systemd/system/pcscd.service
pcsc-lite	/usr/lib/systemd/system/pcscd.socket
pcsc-lite	/usr/sbin/pcscd
perl-Encode	/usr/bin/encguess
perl-Encode	/usr/bin/piconv
perl-Encode	/usr/sbin/encguess
perl-Encode	/usr/sbin/piconv
perl-Pod-Perldoc	/usr/bin/perldoc
perl-Pod-Perldoc	/usr/sbin/perldoc
perl-Pod-Usage	/usr/bin/pod2usage
perl-Pod-Usage	/usr/sbin/pod2usage
perl-interpreter	/usr/bin/perl
perl-interpreter	/usr/bin/perl5.42.3
perl-interpreter	/usr/sbin/perl
perl-interpreter	/usr/sbin/perl5.42.3
perl-podlators	/usr/bin/pod2man
perl-podlators	/usr/bin/pod2text
perl-podlators	/usr/sbin/pod2man
perl-podlators	/usr/sbin/pod2text
pinentry	/usr/bin/pinentry
pinentry	/usr/bin/pinentry-curses
pinentry	/usr/sbin/pinentry
pinentry	/usr/sbin/pinentry-curses
pinentry-gnome3	/usr/bin/pinentry-gnome3
pinentry-gnome3	/usr/sbin/pinentry-gnome3
pinfo	/usr/bin/pinfo
pinfo	/usr/sbin/pinfo
pipewire	/usr/bin/pipewire
pipewire	/usr/bin/pipewire-aes67
pipewire	/usr/bin/pipewire-avb
pipewire	/usr/bin/pipewire-vulkan
pipewire	/usr/lib/systemd/user/filter-chain.service
pipewire	/usr/lib/systemd/user/pipewire.service
pipewire	/usr/lib/systemd/user/pipewire.socket
pipewire	/usr/sbin/pipewire
pipewire	/usr/sbin/pipewire-aes67
pipewire	/usr/sbin/pipewire-avb
pipewire	/usr/sbin/pipewire-vulkan
pipewire-jack-audio-connection-kit-libs	/usr/bin/pw-jack
pipewire-jack-audio-connection-kit-libs	/usr/sbin/pw-jack
pipewire-pulseaudio	/usr/bin/pipewire-pulse
pipewire-pulseaudio	/usr/lib/systemd/user/pipewire-pulse.service
pipewire-pulseaudio	/usr/lib/systemd/user/pipewire-pulse.socket
pipewire-pulseaudio	/usr/sbin/pipewire-pulse
pipewire-utils	/usr/bin/pw-cat
pipewire-utils	/usr/bin/pw-cli
pipewire-utils	/usr/bin/pw-config
pipewire-utils	/usr/bin/pw-container
pipewire-utils	/usr/bin/pw-dot
pipewire-utils	/usr/bin/pw-dsdplay
pipewire-utils	/usr/bin/pw-dump
pipewire-utils	/usr/bin/pw-encplay
pipewire-utils	/usr/bin/pw-link
pipewire-utils	/usr/bin/pw-loopback
pipewire-utils	/usr/bin/pw-metadata
pipewire-utils	/usr/bin/pw-midi2play
pipewire-utils	/usr/bin/pw-midi2record
pipewire-utils	/usr/bin/pw-mididump
pipewire-utils	/usr/bin/pw-midiplay
pipewire-utils	/usr/bin/pw-midirecord
pipewire-utils	/usr/bin/pw-mon
pipewire-utils	/usr/bin/pw-play
pipewire-utils	/usr/bin/pw-profiler
pipewire-utils	/usr/bin/pw-record
pipewire-utils	/usr/bin/pw-reserve
pipewire-utils	/usr/bin/pw-sysex
pipewire-utils	/usr/bin/pw-top
pipewire-utils	/usr/bin/spa-acp-tool
pipewire-utils	/usr/bin/spa-inspect
pipewire-utils	/usr/bin/spa-json-dump
pipewire-utils	/usr/bin/spa-monitor
pipewire-utils	/usr/bin/spa-resample
pipewire-utils	/usr/sbin/pw-cat
pipewire-utils	/usr/sbin/pw-cli
pipewire-utils	/usr/sbin/pw-config
pipewire-utils	/usr/sbin/pw-container
pipewire-utils	/usr/sbin/pw-dot
pipewire-utils	/usr/sbin/pw-dsdplay
pipewire-utils	/usr/sbin/pw-dump
pipewire-utils	/usr/sbin/pw-encplay
pipewire-utils	/usr/sbin/pw-link
pipewire-utils	/usr/sbin/pw-loopback
pipewire-utils	/usr/sbin/pw-metadata
pipewire-utils	/usr/sbin/pw-midi2play
pipewire-utils	/usr/sbin/pw-midi2record
pipewire-utils	/usr/sbin/pw-mididump
pipewire-utils	/usr/sbin/pw-midiplay
pipewire-utils	/usr/sbin/pw-midirecord
pipewire-utils	/usr/sbin/pw-mon
pipewire-utils	/usr/sbin/pw-play
pipewire-utils	/usr/sbin/pw-profiler
pipewire-utils	/usr/sbin/pw-record
pipewire-utils	/usr/sbin/pw-reserve
pipewire-utils	/usr/sbin/pw-sysex
pipewire-utils	/usr/sbin/pw-top
pipewire-utils	/usr/sbin/spa-acp-tool
pipewire-utils	/usr/sbin/spa-inspect
pipewire-utils	/usr/sbin/spa-json-dump
pipewire-utils	/usr/sbin/spa-monitor
pipewire-utils	/usr/sbin/spa-resample
pkgconf	/usr/bin/pkgconf
pkgconf	/usr/sbin/pkgconf
pkgconf-pkg-config	/usr/bin/pkg-config
pkgconf-pkg-config	/usr/bin/x86_64-redhat-linux-gnu-pkg-config
pkgconf-pkg-config	/usr/sbin/pkg-config
pkgconf-pkg-config	/usr/sbin/x86_64-redhat-linux-gnu-pkg-config
plymouth	/usr/bin/plymouth
plymouth	/usr/bin/plymouthd
plymouth	/usr/lib/systemd/system/plymouth-halt.service
plymouth	/usr/lib/systemd/system/plymouth-kexec.service
plymouth	/usr/lib/systemd/system/plymouth-poweroff.service
plymouth	/usr/lib/systemd/system/plymouth-quit-wait.service
plymouth	/usr/lib/systemd/system/plymouth-quit.service
plymouth	/usr/lib/systemd/system/plymouth-read-write.service
plymouth	/usr/lib/systemd/system/plymouth-reboot.service
plymouth	/usr/lib/systemd/system/plymouth-start.service
plymouth	/usr/lib/systemd/system/plymouth-switch-root-initramfs.service
plymouth	/usr/lib/systemd/system/plymouth-switch-root.service
plymouth	/usr/lib/systemd/system/systemd-ask-password-plymouth.service
plymouth	/usr/sbin/plymouth
plymouth	/usr/sbin/plymouthd
plymouth-scripts	/usr/bin/plymouth-set-default-theme
plymouth-scripts	/usr/sbin/plymouth-set-default-theme
podman	/usr/bin/podman
podman	/usr/lib/systemd/system/podman-auto-update.service
podman	/usr/lib/systemd/system/podman-auto-update.timer
podman	/usr/lib/systemd/system/podman-clean-transient.service
podman	/usr/lib/systemd/system/podman-kube@.service
podman	/usr/lib/systemd/system/podman-restart.service
podman	/usr/lib/systemd/system/podman.service
podman	/usr/lib/systemd/system/podman.socket
podman	/usr/lib/systemd/user/podman-auto-update.service
podman	/usr/lib/systemd/user/podman-clean-transient.service
podman	/usr/lib/systemd/user/podman-kube@.service
podman	/usr/lib/systemd/user/podman-restart.service
podman	/usr/lib/systemd/user/podman-user-wait-network-online.service
podman	/usr/lib/systemd/user/podman.service
podman	/usr/lib/systemd/user/podman.socket
podman	/usr/sbin/podman
policycoreutils	/usr/bin/fixfiles
policycoreutils	/usr/bin/genhomedircon
policycoreutils	/usr/bin/load_policy
policycoreutils	/usr/bin/restorecon
policycoreutils	/usr/bin/restorecon_xattr
policycoreutils	/usr/bin/secon
policycoreutils	/usr/bin/semodule
policycoreutils	/usr/bin/semodule_expand
policycoreutils	/usr/bin/semodule_link
policycoreutils	/usr/bin/semodule_package
policycoreutils	/usr/bin/semodule_unpackage
policycoreutils	/usr/bin/sestatus
policycoreutils	/usr/bin/setfiles
policycoreutils	/usr/bin/setsebool
policycoreutils	/usr/bin/unsetfiles
policycoreutils	/usr/lib/systemd/system/selinux-autorelabel-mark.service
policycoreutils	/usr/lib/systemd/system/selinux-autorelabel.service
policycoreutils	/usr/sbin/fixfiles
policycoreutils	/usr/sbin/genhomedircon
policycoreutils	/usr/sbin/load_policy
policycoreutils	/usr/sbin/restorecon
policycoreutils	/usr/sbin/restorecon_xattr
policycoreutils	/usr/sbin/secon
policycoreutils	/usr/sbin/semodule
policycoreutils	/usr/sbin/semodule_expand
policycoreutils	/usr/sbin/semodule_link
policycoreutils	/usr/sbin/semodule_package
policycoreutils	/usr/sbin/semodule_unpackage
policycoreutils	/usr/sbin/sestatus
policycoreutils	/usr/sbin/setfiles
policycoreutils	/usr/sbin/setsebool
policycoreutils	/usr/sbin/unsetfiles
policycoreutils-python-utils	/usr/bin/audit2allow
policycoreutils-python-utils	/usr/bin/audit2why
policycoreutils-python-utils	/usr/bin/chcat
policycoreutils-python-utils	/usr/bin/semanage
policycoreutils-python-utils	/usr/sbin/audit2allow
policycoreutils-python-utils	/usr/sbin/audit2why
policycoreutils-python-utils	/usr/sbin/chcat
policycoreutils-python-utils	/usr/sbin/semanage
polkit	/usr/bin/pkaction
polkit	/usr/bin/pkcheck
polkit	/usr/bin/pkexec
polkit	/usr/bin/pkttyagent
polkit	/usr/lib/systemd/system/polkit-agent-helper.socket
polkit	/usr/lib/systemd/system/polkit-agent-helper@.service
polkit	/usr/lib/systemd/system/polkit.service
polkit	/usr/sbin/pkaction
polkit	/usr/sbin/pkcheck
polkit	/usr/sbin/pkexec
polkit	/usr/sbin/pkttyagent
poppler-utils	/usr/bin/pdfattach
poppler-utils	/usr/bin/pdfdetach
poppler-utils	/usr/bin/pdffonts
poppler-utils	/usr/bin/pdfimages
poppler-utils	/usr/bin/pdfinfo
poppler-utils	/usr/bin/pdfseparate
poppler-utils	/usr/bin/pdfsig
poppler-utils	/usr/bin/pdftocairo
poppler-utils	/usr/bin/pdftohtml
poppler-utils	/usr/bin/pdftoppm
poppler-utils	/usr/bin/pdftops
poppler-utils	/usr/bin/pdftotext
poppler-utils	/usr/bin/pdfunite
poppler-utils	/usr/sbin/pdfattach
poppler-utils	/usr/sbin/pdfdetach
poppler-utils	/usr/sbin/pdffonts
poppler-utils	/usr/sbin/pdfimages
poppler-utils	/usr/sbin/pdfinfo
poppler-utils	/usr/sbin/pdfseparate
poppler-utils	/usr/sbin/pdfsig
poppler-utils	/usr/sbin/pdftocairo
poppler-utils	/usr/sbin/pdftohtml
poppler-utils	/usr/sbin/pdftoppm
poppler-utils	/usr/sbin/pdftops
poppler-utils	/usr/sbin/pdftotext
poppler-utils	/usr/sbin/pdfunite
powerstat	/usr/bin/powerstat
powerstat	/usr/sbin/powerstat
powertop	/usr/bin/powertop
powertop	/usr/lib/systemd/system/powertop.service
powertop	/usr/sbin/powertop
ppp	/usr/bin/chat
ppp	/usr/bin/ppp-watch
ppp	/usr/bin/pppd
ppp	/usr/bin/pppdump
ppp	/usr/bin/pppoe-discovery
ppp	/usr/bin/pppstats
ppp	/usr/sbin/chat
ppp	/usr/sbin/ppp-watch
ppp	/usr/sbin/pppd
ppp	/usr/sbin/pppdump
ppp	/usr/sbin/pppoe-discovery
ppp	/usr/sbin/pppstats
procps-ng	/usr/bin/free
procps-ng	/usr/bin/hugetop
procps-ng	/usr/bin/pgrep
procps-ng	/usr/bin/pidof
procps-ng	/usr/bin/pidwait
procps-ng	/usr/bin/pkill
procps-ng	/usr/bin/pmap
procps-ng	/usr/bin/ps
procps-ng	/usr/bin/pwdx
procps-ng	/usr/bin/skill
procps-ng	/usr/bin/slabtop
procps-ng	/usr/bin/snice
procps-ng	/usr/bin/sysctl
procps-ng	/usr/bin/tload
procps-ng	/usr/bin/top
procps-ng	/usr/bin/uptime
procps-ng	/usr/bin/vmstat
procps-ng	/usr/bin/w
procps-ng	/usr/bin/watch
procps-ng	/usr/sbin/free
procps-ng	/usr/sbin/hugetop
procps-ng	/usr/sbin/pgrep
procps-ng	/usr/sbin/pidof
procps-ng	/usr/sbin/pidwait
procps-ng	/usr/sbin/pkill
procps-ng	/usr/sbin/pmap
procps-ng	/usr/sbin/ps
procps-ng	/usr/sbin/pwdx
procps-ng	/usr/sbin/skill
procps-ng	/usr/sbin/slabtop
procps-ng	/usr/sbin/snice
procps-ng	/usr/sbin/sysctl
procps-ng	/usr/sbin/tload
procps-ng	/usr/sbin/top
procps-ng	/usr/sbin/uptime
procps-ng	/usr/sbin/vmstat
procps-ng	/usr/sbin/w
procps-ng	/usr/sbin/watch
psmisc	/usr/bin/fuser
psmisc	/usr/bin/killall
psmisc	/usr/bin/peekfd
psmisc	/usr/bin/prtstat
psmisc	/usr/bin/pslog
psmisc	/usr/bin/pstree
psmisc	/usr/bin/pstree.x11
psmisc	/usr/sbin/fuser
psmisc	/usr/sbin/killall
psmisc	/usr/sbin/peekfd
psmisc	/usr/sbin/prtstat
psmisc	/usr/sbin/pslog
psmisc	/usr/sbin/pstree
psmisc	/usr/sbin/pstree.x11
ptyxis	/usr/bin/ptyxis
ptyxis	/usr/sbin/ptyxis
ptyxis	/usr/share/applications/org.gnome.Ptyxis.desktop
pulseaudio-utils	/usr/bin/pacat
pulseaudio-utils	/usr/bin/pacmd
pulseaudio-utils	/usr/bin/pactl
pulseaudio-utils	/usr/bin/padsp
pulseaudio-utils	/usr/bin/padsp-32
pulseaudio-utils	/usr/bin/pamon
pulseaudio-utils	/usr/bin/paplay
pulseaudio-utils	/usr/bin/parec
pulseaudio-utils	/usr/bin/parecord
pulseaudio-utils	/usr/bin/pasuspender
pulseaudio-utils	/usr/bin/pax11publish
pulseaudio-utils	/usr/sbin/pacat
pulseaudio-utils	/usr/sbin/pacmd
pulseaudio-utils	/usr/sbin/pactl
pulseaudio-utils	/usr/sbin/padsp
pulseaudio-utils	/usr/sbin/padsp-32
pulseaudio-utils	/usr/sbin/pamon
pulseaudio-utils	/usr/sbin/paplay
pulseaudio-utils	/usr/sbin/parec
pulseaudio-utils	/usr/sbin/parecord
pulseaudio-utils	/usr/sbin/pasuspender
pulseaudio-utils	/usr/sbin/pax11publish
pv	/usr/bin/pv
pv	/usr/sbin/pv
python-unversioned-command	/usr/bin/python
python-unversioned-command	/usr/sbin/python
python3	/usr/bin/pydoc
python3	/usr/bin/pydoc3
python3	/usr/bin/pydoc3.14
python3	/usr/bin/python3
python3	/usr/bin/python3.14
python3	/usr/sbin/pydoc
python3	/usr/sbin/pydoc3
python3	/usr/sbin/pydoc3.14
python3	/usr/sbin/python3
python3	/usr/sbin/python3.14
python3-argcomplete	/usr/bin/activate-global-python-argcomplete
python3-argcomplete	/usr/bin/python-argcomplete-check-easy-install-script
python3-argcomplete	/usr/bin/register-python-argcomplete
python3-argcomplete	/usr/sbin/activate-global-python-argcomplete
python3-argcomplete	/usr/sbin/python-argcomplete-check-easy-install-script
python3-argcomplete	/usr/sbin/register-python-argcomplete
python3-charset-normalizer	/usr/bin/normalizer
python3-charset-normalizer	/usr/sbin/normalizer
python3-distro	/usr/bin/distro
python3-distro	/usr/sbin/distro
python3-email-validator	/usr/bin/email_validator
python3-email-validator	/usr/sbin/email_validator
python3-html2text	/usr/bin/html2text
python3-html2text	/usr/bin/python-html2text
python3-html2text	/usr/bin/python3-html2text
python3-html2text	/usr/sbin/html2text
python3-html2text	/usr/sbin/python-html2text
python3-html2text	/usr/sbin/python3-html2text
python3-idna	/usr/bin/idna
python3-idna	/usr/sbin/idna
python3-inotify	/usr/bin/pyinotify
python3-inotify	/usr/sbin/pyinotify
python3-jmespath	/usr/bin/jp.py
python3-jmespath	/usr/sbin/jp.py
python3-keyring	/usr/bin/keyring
python3-keyring	/usr/sbin/keyring
python3-linux-procfs	/usr/bin/pflags
python3-linux-procfs	/usr/sbin/pflags
python3-pip	/usr/bin/pip
python3-pip	/usr/bin/pip-3
python3-pip	/usr/bin/pip-3.14
python3-pip	/usr/bin/pip3
python3-pip	/usr/bin/pip3.14
python3-pip	/usr/sbin/pip
python3-pip	/usr/sbin/pip-3
python3-pip	/usr/sbin/pip-3.14
python3-pip	/usr/sbin/pip3
python3-pip	/usr/sbin/pip3.14
python3-pskc	/usr/bin/csv2pskc
python3-pskc	/usr/bin/pskc2csv
python3-pskc	/usr/bin/pskc2pskc
python3-pskc	/usr/sbin/csv2pskc
python3-pskc	/usr/sbin/pskc2csv
python3-pskc	/usr/sbin/pskc2pskc
python3-shtab	/usr/bin/shtab
python3-shtab	/usr/sbin/shtab
qemu-guest-agent	/usr/bin/qemu-ga
qemu-guest-agent	/usr/lib/systemd/system/qemu-guest-agent.service
qemu-guest-agent	/usr/sbin/qemu-ga
qemu-user-static-aarch64	/usr/bin/qemu-aarch64-static
qemu-user-static-aarch64	/usr/bin/qemu-aarch64_be-static
qemu-user-static-aarch64	/usr/sbin/qemu-aarch64-static
qemu-user-static-aarch64	/usr/sbin/qemu-aarch64_be-static
qt6-qtbase	/usr/bin/qtpaths-qt6
qt6-qtbase	/usr/bin/qtpaths6
qt6-qtbase	/usr/sbin/qtpaths-qt6
qt6-qtbase	/usr/sbin/qtpaths6
quota	/usr/bin/convertquota
quota	/usr/bin/edquota
quota	/usr/bin/quota
quota	/usr/bin/quotacheck
quota	/usr/bin/quotaoff
quota	/usr/bin/quotaon
quota	/usr/bin/quotastats
quota	/usr/bin/quotasync
quota	/usr/bin/repquota
quota	/usr/bin/setproject
quota	/usr/bin/setquota
quota	/usr/bin/xqmstats
quota	/usr/sbin/convertquota
quota	/usr/sbin/edquota
quota	/usr/sbin/quota
quota	/usr/sbin/quotacheck
quota	/usr/sbin/quotaoff
quota	/usr/sbin/quotaon
quota	/usr/sbin/quotastats
quota	/usr/sbin/quotasync
quota	/usr/sbin/repquota
quota	/usr/sbin/setproject
quota	/usr/sbin/setquota
quota	/usr/sbin/xqmstats
rclone	/usr/bin/mount.rclone
rclone	/usr/bin/rclone
rclone	/usr/bin/rclonefs
rclone	/usr/sbin/mount.rclone
rclone	/usr/sbin/rclone
rclone	/usr/sbin/rclonefs
realmd	/usr/bin/realm
realmd	/usr/lib/systemd/system/realmd.service
realmd	/usr/sbin/realm
restic	/usr/bin/restic
restic	/usr/sbin/restic
rpcbind	/usr/bin/rpcbind
rpcbind	/usr/bin/rpcinfo
rpcbind	/usr/lib/systemd/system/rpcbind.service
rpcbind	/usr/lib/systemd/system/rpcbind.socket
rpcbind	/usr/sbin/rpcbind
rpcbind	/usr/sbin/rpcinfo
rpm	/usr/bin/rpm
rpm	/usr/bin/rpm2archive
rpm	/usr/bin/rpm2cpio
rpm	/usr/bin/rpmdb
rpm	/usr/bin/rpmkeys
rpm	/usr/bin/rpmquery
rpm	/usr/bin/rpmsort
rpm	/usr/bin/rpmverify
rpm	/usr/lib/systemd/system/rpmdb-rebuild.service
rpm	/usr/sbin/rpm
rpm	/usr/sbin/rpm2archive
rpm	/usr/sbin/rpm2cpio
rpm	/usr/sbin/rpmdb
rpm	/usr/sbin/rpmkeys
rpm	/usr/sbin/rpmquery
rpm	/usr/sbin/rpmsort
rpm	/usr/sbin/rpmverify
rpm-ostree	/usr/bin/rpm-ostree
rpm-ostree	/usr/lib/systemd/system/rpm-ostree-bootstatus.service
rpm-ostree	/usr/lib/systemd/system/rpm-ostree-countme.service
rpm-ostree	/usr/lib/systemd/system/rpm-ostree-countme.timer
rpm-ostree	/usr/lib/systemd/system/rpm-ostree-fix-shadow-mode.service
rpm-ostree	/usr/lib/systemd/system/rpm-ostreed-automatic.service
rpm-ostree	/usr/lib/systemd/system/rpm-ostreed-automatic.timer
rpm-ostree	/usr/lib/systemd/system/rpm-ostreed.service
rpm-ostree	/usr/sbin/rpm-ostree
rsync	/usr/bin/rsync
rsync	/usr/bin/rsync-ssl
rsync	/usr/sbin/rsync
rsync	/usr/sbin/rsync-ssl
rtkit	/usr/bin/rtkitctl
rtkit	/usr/lib/systemd/system/rtkit-daemon.service
rtkit	/usr/sbin/rtkitctl
runc	/usr/bin/runc
runc	/usr/sbin/runc
rygel	/usr/bin/rygel
rygel	/usr/bin/rygel-preferences
rygel	/usr/lib/systemd/user/rygel.service
rygel	/usr/sbin/rygel
rygel	/usr/sbin/rygel-preferences
rygel	/usr/share/applications/rygel-preferences.desktop
rygel	/usr/share/applications/rygel.desktop
samba	/usr/bin/eventlogadm
samba	/usr/bin/nmbd
samba	/usr/bin/smbd
samba	/usr/bin/smbstatus
samba	/usr/lib/systemd/system/nmb.service
samba	/usr/lib/systemd/system/samba-bgqd.service
samba	/usr/lib/systemd/system/smb.service
samba	/usr/sbin/eventlogadm
samba	/usr/sbin/nmbd
samba	/usr/sbin/smbd
samba	/usr/sbin/smbstatus
samba-client	/usr/bin/cifsdd
samba-client	/usr/bin/dbwrap_tool
samba-client	/usr/bin/dumpmscat
samba-client	/usr/bin/mdsearch
samba-client	/usr/bin/mvxattr
samba-client	/usr/bin/nmblookup
samba-client	/usr/bin/oLschema2ldif
samba-client	/usr/bin/regdiff
samba-client	/usr/bin/regpatch
samba-client	/usr/bin/regshell
samba-client	/usr/bin/regtree
samba-client	/usr/bin/rpcclient
samba-client	/usr/bin/samba-regedit
samba-client	/usr/bin/sharesec
samba-client	/usr/bin/smbcacls
samba-client	/usr/bin/smbclient
samba-client	/usr/bin/smbcquotas
samba-client	/usr/bin/smbget
samba-client	/usr/bin/smbprint
samba-client	/usr/bin/smbspool
samba-client	/usr/bin/smbtar
samba-client	/usr/bin/smbtree
samba-client	/usr/bin/wspsearch
samba-client	/usr/sbin/cifsdd
samba-client	/usr/sbin/dbwrap_tool
samba-client	/usr/sbin/dumpmscat
samba-client	/usr/sbin/mdsearch
samba-client	/usr/sbin/mvxattr
samba-client	/usr/sbin/nmblookup
samba-client	/usr/sbin/oLschema2ldif
samba-client	/usr/sbin/regdiff
samba-client	/usr/sbin/regpatch
samba-client	/usr/sbin/regshell
samba-client	/usr/sbin/regtree
samba-client	/usr/sbin/rpcclient
samba-client	/usr/sbin/samba-regedit
samba-client	/usr/sbin/sharesec
samba-client	/usr/sbin/smbcacls
samba-client	/usr/sbin/smbclient
samba-client	/usr/sbin/smbcquotas
samba-client	/usr/sbin/smbget
samba-client	/usr/sbin/smbprint
samba-client	/usr/sbin/smbspool
samba-client	/usr/sbin/smbtar
samba-client	/usr/sbin/smbtree
samba-client	/usr/sbin/wspsearch
samba-common-tools	/usr/bin/net
samba-common-tools	/usr/bin/pdbedit
samba-common-tools	/usr/bin/profiles
samba-common-tools	/usr/bin/samba-log-parser
samba-common-tools	/usr/bin/smbcontrol
samba-common-tools	/usr/bin/smbpasswd
samba-common-tools	/usr/bin/testparm
samba-common-tools	/usr/sbin/net
samba-common-tools	/usr/sbin/pdbedit
samba-common-tools	/usr/sbin/profiles
samba-common-tools	/usr/sbin/samba-log-parser
samba-common-tools	/usr/sbin/smbcontrol
samba-common-tools	/usr/sbin/smbpasswd
samba-common-tools	/usr/sbin/testparm
samba-winbind	/usr/bin/winbindd
samba-winbind	/usr/lib/systemd/system/winbind.service
samba-winbind	/usr/sbin/winbindd
samba-winbind-clients	/usr/bin/ntlm_auth
samba-winbind-clients	/usr/bin/wbinfo
samba-winbind-clients	/usr/sbin/ntlm_auth
samba-winbind-clients	/usr/sbin/wbinfo
sane-airscan	/usr/bin/airscan-discover
sane-airscan	/usr/sbin/airscan-discover
sane-backends	/usr/bin/sane-find-scanner
sane-backends	/usr/bin/scanimage
sane-backends	/usr/bin/umax_pp
sane-backends	/usr/sbin/sane-find-scanner
sane-backends	/usr/sbin/scanimage
sane-backends	/usr/sbin/umax_pp
sed	/usr/bin/sed
sed	/usr/sbin/sed
selinux-policy	/usr/lib/systemd/system/selinux-check-proper-disable.service
serd	/usr/bin/serdi
serd	/usr/sbin/serdi
setools-console	/usr/bin/sechecker
setools-console	/usr/bin/sediff
setools-console	/usr/bin/seinfo
setools-console	/usr/bin/sesearch
setools-console	/usr/sbin/sechecker
setools-console	/usr/sbin/sediff
setools-console	/usr/sbin/seinfo
setools-console	/usr/sbin/sesearch
setxkbmap	/usr/bin/setxkbmap
setxkbmap	/usr/sbin/setxkbmap
shadow-utils	/usr/bin/adduser
shadow-utils	/usr/bin/chage
shadow-utils	/usr/bin/chgpasswd
shadow-utils	/usr/bin/chpasswd
shadow-utils	/usr/bin/gpasswd
shadow-utils	/usr/bin/groupadd
shadow-utils	/usr/bin/groupdel
shadow-utils	/usr/bin/groupmems
shadow-utils	/usr/bin/groupmod
shadow-utils	/usr/bin/grpck
shadow-utils	/usr/bin/grpconv
shadow-utils	/usr/bin/grpunconv
shadow-utils	/usr/bin/newgidmap
shadow-utils	/usr/bin/newgrp
shadow-utils	/usr/bin/newuidmap
shadow-utils	/usr/bin/newusers
shadow-utils	/usr/bin/passwd
shadow-utils	/usr/bin/pwck
shadow-utils	/usr/bin/pwconv
shadow-utils	/usr/bin/pwunconv
shadow-utils	/usr/bin/sg
shadow-utils	/usr/bin/useradd
shadow-utils	/usr/bin/userdel
shadow-utils	/usr/bin/usermod
shadow-utils	/usr/bin/vigr
shadow-utils	/usr/bin/vipw
shadow-utils	/usr/sbin/adduser
shadow-utils	/usr/sbin/chage
shadow-utils	/usr/sbin/chgpasswd
shadow-utils	/usr/sbin/chpasswd
shadow-utils	/usr/sbin/gpasswd
shadow-utils	/usr/sbin/groupadd
shadow-utils	/usr/sbin/groupdel
shadow-utils	/usr/sbin/groupmems
shadow-utils	/usr/sbin/groupmod
shadow-utils	/usr/sbin/grpck
shadow-utils	/usr/sbin/grpconv
shadow-utils	/usr/sbin/grpunconv
shadow-utils	/usr/sbin/newgidmap
shadow-utils	/usr/sbin/newgrp
shadow-utils	/usr/sbin/newuidmap
shadow-utils	/usr/sbin/newusers
shadow-utils	/usr/sbin/passwd
shadow-utils	/usr/sbin/pwck
shadow-utils	/usr/sbin/pwconv
shadow-utils	/usr/sbin/pwunconv
shadow-utils	/usr/sbin/sg
shadow-utils	/usr/sbin/useradd
shadow-utils	/usr/sbin/userdel
shadow-utils	/usr/sbin/usermod
shadow-utils	/usr/sbin/vigr
shadow-utils	/usr/sbin/vipw
shadow-utils-subid	/usr/bin/getsubids
shadow-utils-subid	/usr/sbin/getsubids
shared-mime-info	/usr/bin/update-mime-database
shared-mime-info	/usr/sbin/update-mime-database
skopeo	/usr/bin/skopeo
skopeo	/usr/sbin/skopeo
slirp4netns	/usr/bin/slirp4netns
slirp4netns	/usr/sbin/slirp4netns
smartmontools	/usr/bin/smartctl
smartmontools	/usr/bin/smartd
smartmontools	/usr/bin/update-smart-drivedb
smartmontools	/usr/lib/systemd/system/smartd.service
smartmontools	/usr/sbin/smartctl
smartmontools	/usr/sbin/smartd
smartmontools	/usr/sbin/update-smart-drivedb
sord	/usr/bin/sord_validate
sord	/usr/bin/sordi
sord	/usr/sbin/sord_validate
sord	/usr/sbin/sordi
sos	/usr/bin/sos
sos	/usr/sbin/sos
soundtouch	/usr/bin/soundstretch
soundtouch	/usr/sbin/soundstretch
speech-dispatcher	/usr/bin/speech-dispatcher
speech-dispatcher	/usr/lib/systemd/system/speech-dispatcherd.service
speech-dispatcher	/usr/lib/systemd/user/speech-dispatcher.service
speech-dispatcher	/usr/lib/systemd/user/speech-dispatcher.socket
speech-dispatcher	/usr/sbin/speech-dispatcher
speech-dispatcher-utils	/usr/bin/spd-conf
speech-dispatcher-utils	/usr/bin/spd-say
speech-dispatcher-utils	/usr/bin/spdsend
speech-dispatcher-utils	/usr/sbin/spd-conf
speech-dispatcher-utils	/usr/sbin/spd-say
speech-dispatcher-utils	/usr/sbin/spdsend
spice-vdagent	/etc/xdg/autostart/spice-vdagent.desktop
spice-vdagent	/usr/bin/spice-vdagent
spice-vdagent	/usr/bin/spice-vdagentd
spice-vdagent	/usr/lib/systemd/system/spice-vdagentd.service
spice-vdagent	/usr/lib/systemd/system/spice-vdagentd.socket
spice-vdagent	/usr/lib/systemd/user/spice-vdagent.service
spice-vdagent	/usr/sbin/spice-vdagent
spice-vdagent	/usr/sbin/spice-vdagentd
spice-webdavd	/usr/bin/spice-webdavd
spice-webdavd	/usr/lib/systemd/system/spice-webdavd.service
spice-webdavd	/usr/sbin/spice-webdavd
squashfs-tools	/usr/bin/mksquashfs
squashfs-tools	/usr/bin/sqfscat
squashfs-tools	/usr/bin/sqfstar
squashfs-tools	/usr/bin/unsquashfs
squashfs-tools	/usr/sbin/mksquashfs
squashfs-tools	/usr/sbin/sqfscat
squashfs-tools	/usr/sbin/sqfstar
squashfs-tools	/usr/sbin/unsquashfs
sshpass	/usr/bin/sshpass
sshpass	/usr/sbin/sshpass
sssd-common	/usr/bin/sss_cache
sssd-common	/usr/bin/sss_ssh_authorizedkeys
sssd-common	/usr/bin/sss_ssh_knownhosts
sssd-common	/usr/bin/sss_ssh_knownhostsproxy
sssd-common	/usr/bin/sssd
sssd-common	/usr/lib/systemd/system/sssd-autofs.service
sssd-common	/usr/lib/systemd/system/sssd-autofs.socket
sssd-common	/usr/lib/systemd/system/sssd-nss.service
sssd-common	/usr/lib/systemd/system/sssd-nss.socket
sssd-common	/usr/lib/systemd/system/sssd-pac.service
sssd-common	/usr/lib/systemd/system/sssd-pac.socket
sssd-common	/usr/lib/systemd/system/sssd-pam.service
sssd-common	/usr/lib/systemd/system/sssd-pam.socket
sssd-common	/usr/lib/systemd/system/sssd-ssh.service
sssd-common	/usr/lib/systemd/system/sssd-ssh.socket
sssd-common	/usr/lib/systemd/system/sssd-sudo.service
sssd-common	/usr/lib/systemd/system/sssd-sudo.socket
sssd-common	/usr/lib/systemd/system/sssd.service
sssd-common	/usr/sbin/sss_cache
sssd-common	/usr/sbin/sss_ssh_authorizedkeys
sssd-common	/usr/sbin/sss_ssh_knownhosts
sssd-common	/usr/sbin/sss_ssh_knownhostsproxy
sssd-common	/usr/sbin/sssd
sssd-kcm	/usr/lib/systemd/system/sssd-kcm.service
sssd-kcm	/usr/lib/systemd/system/sssd-kcm.socket
sudo	/usr/bin/cvtsudoers
sudo	/usr/bin/sudo
sudo	/usr/bin/sudoedit
sudo	/usr/bin/sudoreplay
sudo	/usr/bin/visudo
sudo	/usr/sbin/cvtsudoers
sudo	/usr/sbin/sudo
sudo	/usr/sbin/sudoedit
sudo	/usr/sbin/sudoreplay
sudo	/usr/sbin/visudo
switcheroo-control	/usr/bin/switcherooctl
switcheroo-control	/usr/lib/systemd/system/switcheroo-control.service
switcheroo-control	/usr/sbin/switcherooctl
symlinks	/usr/bin/symlinks
symlinks	/usr/sbin/symlinks
sysstat	/usr/bin/cifsiostat
sysstat	/usr/bin/iostat
sysstat	/usr/bin/mpstat
sysstat	/usr/bin/pidstat
sysstat	/usr/bin/sadf
sysstat	/usr/bin/sar
sysstat	/usr/bin/tapestat
sysstat	/usr/lib/systemd/system/sysstat-collect.service
sysstat	/usr/lib/systemd/system/sysstat-collect.timer
sysstat	/usr/lib/systemd/system/sysstat-rotate.service
sysstat	/usr/lib/systemd/system/sysstat-rotate.timer
sysstat	/usr/lib/systemd/system/sysstat-summary.service
sysstat	/usr/lib/systemd/system/sysstat-summary.timer
sysstat	/usr/lib/systemd/system/sysstat.service
sysstat	/usr/sbin/cifsiostat
sysstat	/usr/sbin/iostat
sysstat	/usr/sbin/mpstat
sysstat	/usr/sbin/pidstat
sysstat	/usr/sbin/sadf
sysstat	/usr/sbin/sar
sysstat	/usr/sbin/tapestat
system-config-printer-libs	/usr/bin/scp-dbus-service
system-config-printer-libs	/usr/sbin/scp-dbus-service
system-config-printer-udev	/usr/lib/systemd/system/configure-printer@.service
systemd	/usr/bin/busctl
systemd	/usr/bin/halt
systemd	/usr/bin/homectl
systemd	/usr/bin/hostnamectl
systemd	/usr/bin/init
systemd	/usr/bin/journalctl
systemd	/usr/bin/localectl
systemd	/usr/bin/loginctl
systemd	/usr/bin/oomctl
systemd	/usr/bin/poweroff
systemd	/usr/bin/reboot
systemd	/usr/bin/resolvectl
systemd	/usr/bin/run0
systemd	/usr/bin/shutdown
systemd	/usr/bin/systemctl
systemd	/usr/bin/systemd-analyze
systemd	/usr/bin/systemd-ask-password
systemd	/usr/bin/systemd-cat
systemd	/usr/bin/systemd-cgls
systemd	/usr/bin/systemd-cgtop
systemd	/usr/bin/systemd-confext
systemd	/usr/bin/systemd-creds
systemd	/usr/bin/systemd-delta
systemd	/usr/bin/systemd-detect-virt
systemd	/usr/bin/systemd-escape
systemd	/usr/bin/systemd-firstboot
systemd	/usr/bin/systemd-home-fallback-shell
systemd	/usr/bin/systemd-id128
systemd	/usr/bin/systemd-inhibit
systemd	/usr/bin/systemd-machine-id-setup
systemd	/usr/bin/systemd-mount
systemd	/usr/bin/systemd-mute-console
systemd	/usr/bin/systemd-notify
systemd	/usr/bin/systemd-path
systemd	/usr/bin/systemd-pty-forward
systemd	/usr/bin/systemd-run
systemd	/usr/bin/systemd-socket-activate
systemd	/usr/bin/systemd-stdio-bridge
systemd	/usr/bin/systemd-sysext
systemd	/usr/bin/systemd-tmpfiles
systemd	/usr/bin/systemd-tty-ask-password-agent
systemd	/usr/bin/systemd-umount
systemd	/usr/bin/systemd-vpick
systemd	/usr/bin/timedatectl
systemd	/usr/bin/updatectl
systemd	/usr/bin/userdbctl
systemd	/usr/bin/varlinkctl
systemd	/usr/lib/systemd/system/autovt@.service
systemd	/usr/lib/systemd/system/breakpoint-pre-basic.service
systemd	/usr/lib/systemd/system/breakpoint-pre-mount.service
systemd	/usr/lib/systemd/system/breakpoint-pre-switch-root.service
systemd	/usr/lib/systemd/system/capsule@.service
systemd	/usr/lib/systemd/system/console-getty.service
systemd	/usr/lib/systemd/system/container-getty@.service
systemd	/usr/lib/systemd/system/dbus-org.freedesktop.hostname1.service
systemd	/usr/lib/systemd/system/dbus-org.freedesktop.locale1.service
systemd	/usr/lib/systemd/system/dbus-org.freedesktop.login1.service
systemd	/usr/lib/systemd/system/dbus-org.freedesktop.timedate1.service
systemd	/usr/lib/systemd/system/debug-shell.service
systemd	/usr/lib/systemd/system/emergency.service
systemd	/usr/lib/systemd/system/getty@.service
systemd	/usr/lib/systemd/system/ldconfig.service
systemd	/usr/lib/systemd/system/modprobe@.service
systemd	/usr/lib/systemd/system/rc-local.service
systemd	/usr/lib/systemd/system/rescue.service
systemd	/usr/lib/systemd/system/serial-getty@.service
systemd	/usr/lib/systemd/system/syslog.socket
systemd	/usr/lib/systemd/system/system-update-cleanup.service
systemd	/usr/lib/systemd/system/systemd-ask-password-console.service
systemd	/usr/lib/systemd/system/systemd-ask-password-wall.service
systemd	/usr/lib/systemd/system/systemd-ask-password.socket
systemd	/usr/lib/systemd/system/systemd-ask-password@.service
systemd	/usr/lib/systemd/system/systemd-battery-check.service
systemd	/usr/lib/systemd/system/systemd-boot-check-no-failures.service
systemd	/usr/lib/systemd/system/systemd-boot-clear-sysfail.service
systemd	/usr/lib/systemd/system/systemd-confext-initrd.service
systemd	/usr/lib/systemd/system/systemd-confext.service
systemd	/usr/lib/systemd/system/systemd-creds.socket
systemd	/usr/lib/systemd/system/systemd-creds@.service
systemd	/usr/lib/systemd/system/systemd-exit.service
systemd	/usr/lib/systemd/system/systemd-factory-reset-complete.service
systemd	/usr/lib/systemd/system/systemd-factory-reset-reboot.service
systemd	/usr/lib/systemd/system/systemd-factory-reset-request.service
systemd	/usr/lib/systemd/system/systemd-factory-reset.socket
systemd	/usr/lib/systemd/system/systemd-factory-reset@.service
systemd	/usr/lib/systemd/system/systemd-firstboot.service
systemd	/usr/lib/systemd/system/systemd-halt.service
systemd	/usr/lib/systemd/system/systemd-hostnamed.service
systemd	/usr/lib/systemd/system/systemd-hostnamed.socket
systemd	/usr/lib/systemd/system/systemd-journal-catalog-update.service
systemd	/usr/lib/systemd/system/systemd-journal-flush.service
systemd	/usr/lib/systemd/system/systemd-journald-audit.socket
systemd	/usr/lib/systemd/system/systemd-journald-dev-log.socket
systemd	/usr/lib/systemd/system/systemd-journald-sync@.service
systemd	/usr/lib/systemd/system/systemd-journald-varlink@.socket
systemd	/usr/lib/systemd/system/systemd-journald.service
systemd	/usr/lib/systemd/system/systemd-journald.socket
systemd	/usr/lib/systemd/system/systemd-journald@.service
systemd	/usr/lib/systemd/system/systemd-journald@.socket
systemd	/usr/lib/systemd/system/systemd-kexec.service
systemd	/usr/lib/systemd/system/systemd-localed.service
systemd	/usr/lib/systemd/system/systemd-logind-varlink.socket
systemd	/usr/lib/systemd/system/systemd-logind.service
systemd	/usr/lib/systemd/system/systemd-loop@.service
systemd	/usr/lib/systemd/system/systemd-machine-id-commit.service
systemd	/usr/lib/systemd/system/systemd-mute-console.socket
systemd	/usr/lib/systemd/system/systemd-mute-console@.service
systemd	/usr/lib/systemd/system/systemd-poweroff.service
systemd	/usr/lib/systemd/system/systemd-reboot.service
systemd	/usr/lib/systemd/system/systemd-soft-reboot.service
systemd	/usr/lib/systemd/system/systemd-storagetm.service
systemd	/usr/lib/systemd/system/systemd-sysext-initrd.service
systemd	/usr/lib/systemd/system/systemd-sysext.service
systemd	/usr/lib/systemd/system/systemd-sysext.socket
systemd	/usr/lib/systemd/system/systemd-sysext@.service
systemd	/usr/lib/systemd/system/systemd-sysusers.service
systemd	/usr/lib/systemd/system/systemd-time-wait-sync.service
systemd	/usr/lib/systemd/system/systemd-timedated.service
systemd	/usr/lib/systemd/system/systemd-tmpfiles-clean.service
systemd	/usr/lib/systemd/system/systemd-tmpfiles-clean.timer
systemd	/usr/lib/systemd/system/systemd-tmpfiles-setup.service
systemd	/usr/lib/systemd/system/systemd-tpm2-clear.service
systemd	/usr/lib/systemd/system/systemd-tpm2-setup-early.service
systemd	/usr/lib/systemd/system/systemd-tpm2-setup.service
systemd	/usr/lib/systemd/system/systemd-update-done.service
systemd	/usr/lib/systemd/system/systemd-update-utmp.service
systemd	/usr/lib/systemd/system/systemd-user-sessions.service
systemd	/usr/lib/systemd/system/systemd-userdb-load-credentials.service
systemd	/usr/lib/systemd/system/systemd-userdbd.service
systemd	/usr/lib/systemd/system/systemd-userdbd.socket
systemd	/usr/lib/systemd/system/systemd-validatefs@.service
systemd	/usr/lib/systemd/system/user-runtime-dir@.service
systemd	/usr/lib/systemd/system/user@.service
systemd	/usr/lib/systemd/user/systemd-ask-password.socket
systemd	/usr/lib/systemd/user/systemd-ask-password@.service
systemd	/usr/lib/systemd/user/systemd-exit.service
systemd	/usr/lib/systemd/user/systemd-tmpfiles-clean.service
systemd	/usr/lib/systemd/user/systemd-tmpfiles-setup.service
systemd	/usr/sbin/busctl
systemd	/usr/sbin/halt
systemd	/usr/sbin/homectl
systemd	/usr/sbin/hostnamectl
systemd	/usr/sbin/init
systemd	/usr/sbin/journalctl
systemd	/usr/sbin/localectl
systemd	/usr/sbin/loginctl
systemd	/usr/sbin/oomctl
systemd	/usr/sbin/poweroff
systemd	/usr/sbin/reboot
systemd	/usr/sbin/resolvectl
systemd	/usr/sbin/run0
systemd	/usr/sbin/shutdown
systemd	/usr/sbin/systemctl
systemd	/usr/sbin/systemd-analyze
systemd	/usr/sbin/systemd-ask-password
systemd	/usr/sbin/systemd-cat
systemd	/usr/sbin/systemd-cgls
systemd	/usr/sbin/systemd-cgtop
systemd	/usr/sbin/systemd-confext
systemd	/usr/sbin/systemd-creds
systemd	/usr/sbin/systemd-delta
systemd	/usr/sbin/systemd-detect-virt
systemd	/usr/sbin/systemd-escape
systemd	/usr/sbin/systemd-firstboot
systemd	/usr/sbin/systemd-home-fallback-shell
systemd	/usr/sbin/systemd-id128
systemd	/usr/sbin/systemd-inhibit
systemd	/usr/sbin/systemd-machine-id-setup
systemd	/usr/sbin/systemd-mount
systemd	/usr/sbin/systemd-mute-console
systemd	/usr/sbin/systemd-notify
systemd	/usr/sbin/systemd-path
systemd	/usr/sbin/systemd-pty-forward
systemd	/usr/sbin/systemd-run
systemd	/usr/sbin/systemd-socket-activate
systemd	/usr/sbin/systemd-stdio-bridge
systemd	/usr/sbin/systemd-sysext
systemd	/usr/sbin/systemd-tmpfiles
systemd	/usr/sbin/systemd-tty-ask-password-agent
systemd	/usr/sbin/systemd-umount
systemd	/usr/sbin/systemd-vpick
systemd	/usr/sbin/timedatectl
systemd	/usr/sbin/updatectl
systemd	/usr/sbin/userdbctl
systemd	/usr/sbin/varlinkctl
systemd-container	/usr/bin/importctl
systemd-container	/usr/bin/machinectl
systemd-container	/usr/bin/mount.ddi
systemd-container	/usr/bin/portablectl
systemd-container	/usr/bin/systemd-dissect
systemd-container	/usr/bin/systemd-nspawn
systemd-container	/usr/bin/systemd-vmspawn
systemd-container	/usr/lib/systemd/system/dbus-org.freedesktop.import1.service
systemd-container	/usr/lib/systemd/system/dbus-org.freedesktop.machine1.service
systemd-container	/usr/lib/systemd/system/systemd-importd.service
systemd-container	/usr/lib/systemd/system/systemd-importd.socket
systemd-container	/usr/lib/systemd/system/systemd-machined.service
systemd-container	/usr/lib/systemd/system/systemd-machined.socket
systemd-container	/usr/lib/systemd/system/systemd-mountfsd.service
systemd-container	/usr/lib/systemd/system/systemd-mountfsd.socket
systemd-container	/usr/lib/systemd/system/systemd-nspawn@.service
systemd-container	/usr/lib/systemd/system/systemd-nsresourced.service
systemd-container	/usr/lib/systemd/system/systemd-nsresourced.socket
systemd-container	/usr/lib/systemd/system/systemd-vmspawn@.service
systemd-container	/usr/lib/systemd/user/dbus-org.freedesktop.import1.service
systemd-container	/usr/lib/systemd/user/dbus-org.freedesktop.machine1.service
systemd-container	/usr/lib/systemd/user/systemd-importd.service
systemd-container	/usr/lib/systemd/user/systemd-importd.socket
systemd-container	/usr/lib/systemd/user/systemd-machined.service
systemd-container	/usr/lib/systemd/user/systemd-machined.socket
systemd-container	/usr/lib/systemd/user/systemd-nspawn@.service
systemd-container	/usr/lib/systemd/user/systemd-vmspawn@.service
systemd-container	/usr/sbin/importctl
systemd-container	/usr/sbin/machinectl
systemd-container	/usr/sbin/mount.ddi
systemd-container	/usr/sbin/portablectl
systemd-container	/usr/sbin/systemd-dissect
systemd-container	/usr/sbin/systemd-nspawn
systemd-container	/usr/sbin/systemd-vmspawn
systemd-networkd	/usr/bin/networkctl
systemd-networkd	/usr/lib/systemd/system/systemd-networkd-persistent-storage.service
systemd-networkd	/usr/lib/systemd/system/systemd-networkd-resolve-hook.socket
systemd-networkd	/usr/lib/systemd/system/systemd-networkd-varlink.socket
systemd-networkd	/usr/lib/systemd/system/systemd-networkd-wait-online.service
systemd-networkd	/usr/lib/systemd/system/systemd-networkd-wait-online@.service
systemd-networkd	/usr/lib/systemd/system/systemd-networkd.service
systemd-networkd	/usr/lib/systemd/system/systemd-networkd.socket
systemd-networkd	/usr/sbin/networkctl
systemd-resolved	/usr/bin/resolvconf
systemd-resolved	/usr/bin/systemd-resolve
systemd-resolved	/usr/lib/systemd/system/systemd-resolved-monitor.socket
systemd-resolved	/usr/lib/systemd/system/systemd-resolved-varlink.socket
systemd-resolved	/usr/lib/systemd/system/systemd-resolved.service
systemd-resolved	/usr/sbin/resolvconf
systemd-resolved	/usr/sbin/systemd-resolve
systemd-sysusers	/usr/bin/systemd-sysusers
systemd-sysusers	/usr/sbin/systemd-sysusers
systemd-udev	/usr/bin/bootctl
systemd-udev	/usr/bin/coredumpctl
systemd-udev	/usr/bin/installkernel
systemd-udev	/usr/bin/kernel-install
systemd-udev	/usr/bin/systemd-ac-power
systemd-udev	/usr/bin/systemd-cryptenroll
systemd-udev	/usr/bin/systemd-cryptsetup
systemd-udev	/usr/bin/systemd-hwdb
systemd-udev	/usr/bin/systemd-repart
systemd-udev	/usr/bin/udevadm
systemd-udev	/usr/lib/systemd/system/breakpoint-pre-udev.service
systemd-udev	/usr/lib/systemd/system/dbus-org.freedesktop.portable1.service
systemd-udev	/usr/lib/systemd/system/dbus-org.freedesktop.sysupdate1.service
systemd-udev	/usr/lib/systemd/system/initrd-cleanup.service
systemd-udev	/usr/lib/systemd/system/initrd-parse-etc.service
systemd-udev	/usr/lib/systemd/system/initrd-switch-root.service
systemd-udev	/usr/lib/systemd/system/initrd-udevadm-cleanup-db.service
systemd-udev	/usr/lib/systemd/system/kmod-static-nodes.service
systemd-udev	/usr/lib/systemd/system/quotaon-root.service
systemd-udev	/usr/lib/systemd/system/quotaon@.service
systemd-udev	/usr/lib/systemd/system/systemd-backlight@.service
systemd-udev	/usr/lib/systemd/system/systemd-binfmt.service
systemd-udev	/usr/lib/systemd/system/systemd-bless-boot.service
systemd-udev	/usr/lib/systemd/system/systemd-boot-random-seed.service
systemd-udev	/usr/lib/systemd/system/systemd-boot-update.service
systemd-udev	/usr/lib/systemd/system/systemd-bootctl.socket
systemd-udev	/usr/lib/systemd/system/systemd-bootctl@.service
systemd-udev	/usr/lib/systemd/system/systemd-bsod.service
systemd-udev	/usr/lib/systemd/system/systemd-coredump.socket
systemd-udev	/usr/lib/systemd/system/systemd-coredump@.service
systemd-udev	/usr/lib/systemd/system/systemd-fsck-root.service
systemd-udev	/usr/lib/systemd/system/systemd-fsck@.service
systemd-udev	/usr/lib/systemd/system/systemd-growfs-root.service
systemd-udev	/usr/lib/systemd/system/systemd-growfs@.service
systemd-udev	/usr/lib/systemd/system/systemd-hibernate-clear.service
systemd-udev	/usr/lib/systemd/system/systemd-hibernate-resume.service
systemd-udev	/usr/lib/systemd/system/systemd-hibernate.service
systemd-udev	/usr/lib/systemd/system/systemd-homed-activate.service
systemd-udev	/usr/lib/systemd/system/systemd-homed-firstboot.service
systemd-udev	/usr/lib/systemd/system/systemd-homed.service
systemd-udev	/usr/lib/systemd/system/systemd-hwdb-update.service
systemd-udev	/usr/lib/systemd/system/systemd-hybrid-sleep.service
systemd-udev	/usr/lib/systemd/system/systemd-modules-load.service
systemd-udev	/usr/lib/systemd/system/systemd-oomd.service
systemd-udev	/usr/lib/systemd/system/systemd-oomd.socket
systemd-udev	/usr/lib/systemd/system/systemd-pcrextend.socket
systemd-udev	/usr/lib/systemd/system/systemd-pcrextend@.service
systemd-udev	/usr/lib/systemd/system/systemd-pcrfs-root.service
systemd-udev	/usr/lib/systemd/system/systemd-pcrfs@.service
systemd-udev	/usr/lib/systemd/system/systemd-pcrlock-file-system.service
systemd-udev	/usr/lib/systemd/system/systemd-pcrlock-firmware-code.service
systemd-udev	/usr/lib/systemd/system/systemd-pcrlock-firmware-config.service
systemd-udev	/usr/lib/systemd/system/systemd-pcrlock-machine-id.service
systemd-udev	/usr/lib/systemd/system/systemd-pcrlock-make-policy.service
systemd-udev	/usr/lib/systemd/system/systemd-pcrlock-secureboot-authority.service
systemd-udev	/usr/lib/systemd/system/systemd-pcrlock-secureboot-policy.service
systemd-udev	/usr/lib/systemd/system/systemd-pcrlock.socket
systemd-udev	/usr/lib/systemd/system/systemd-pcrlock@.service
systemd-udev	/usr/lib/systemd/system/systemd-pcrmachine.service
systemd-udev	/usr/lib/systemd/system/systemd-pcrnvdone.service
systemd-udev	/usr/lib/systemd/system/systemd-pcrphase-factory-reset.service
systemd-udev	/usr/lib/systemd/system/systemd-pcrphase-initrd.service
systemd-udev	/usr/lib/systemd/system/systemd-pcrphase-storage-target-mode.service
systemd-udev	/usr/lib/systemd/system/systemd-pcrphase-sysinit.service
systemd-udev	/usr/lib/systemd/system/systemd-pcrphase.service
systemd-udev	/usr/lib/systemd/system/systemd-pcrproduct.service
systemd-udev	/usr/lib/systemd/system/systemd-portabled.service
systemd-udev	/usr/lib/systemd/system/systemd-pstore.service
systemd-udev	/usr/lib/systemd/system/systemd-quotacheck-root.service
systemd-udev	/usr/lib/systemd/system/systemd-quotacheck@.service
systemd-udev	/usr/lib/systemd/system/systemd-random-seed.service
systemd-udev	/usr/lib/systemd/system/systemd-remount-fs.service
systemd-udev	/usr/lib/systemd/system/systemd-repart.service
systemd-udev	/usr/lib/systemd/system/systemd-repart.socket
systemd-udev	/usr/lib/systemd/system/systemd-repart@.service
systemd-udev	/usr/lib/systemd/system/systemd-rfkill.service
systemd-udev	/usr/lib/systemd/system/systemd-rfkill.socket
systemd-udev	/usr/lib/systemd/system/systemd-suspend-then-hibernate.service
systemd-udev	/usr/lib/systemd/system/systemd-suspend.service
systemd-udev	/usr/lib/systemd/system/systemd-sysctl.service
systemd-udev	/usr/lib/systemd/system/systemd-sysupdate-reboot.service
systemd-udev	/usr/lib/systemd/system/systemd-sysupdate-reboot.timer
systemd-udev	/usr/lib/systemd/system/systemd-sysupdate.service
systemd-udev	/usr/lib/systemd/system/systemd-sysupdate.timer
systemd-udev	/usr/lib/systemd/system/systemd-sysupdated.service
systemd-udev	/usr/lib/systemd/system/systemd-timesyncd.service
systemd-udev	/usr/lib/systemd/system/systemd-tmpfiles-setup-dev-early.service
systemd-udev	/usr/lib/systemd/system/systemd-tmpfiles-setup-dev.service
systemd-udev	/usr/lib/systemd/system/systemd-udev-load-credentials.service
systemd-udev	/usr/lib/systemd/system/systemd-udev-settle.service
systemd-udev	/usr/lib/systemd/system/systemd-udev-trigger.service
systemd-udev	/usr/lib/systemd/system/systemd-udevd-control.socket
systemd-udev	/usr/lib/systemd/system/systemd-udevd-kernel.socket
systemd-udev	/usr/lib/systemd/system/systemd-udevd-varlink.socket
systemd-udev	/usr/lib/systemd/system/systemd-udevd.service
systemd-udev	/usr/lib/systemd/system/systemd-vconsole-setup.service
systemd-udev	/usr/lib/systemd/system/systemd-volatile-root.service
systemd-udev	/usr/sbin/bootctl
systemd-udev	/usr/sbin/coredumpctl
systemd-udev	/usr/sbin/installkernel
systemd-udev	/usr/sbin/kernel-install
systemd-udev	/usr/sbin/systemd-ac-power
systemd-udev	/usr/sbin/systemd-cryptenroll
systemd-udev	/usr/sbin/systemd-cryptsetup
systemd-udev	/usr/sbin/systemd-hwdb
systemd-udev	/usr/sbin/systemd-repart
systemd-udev	/usr/sbin/udevadm
tailscale	/usr/bin/tailscale
tailscale	/usr/bin/tailscaled
tailscale	/usr/lib/systemd/system/tailscale-wait-online.service
tailscale	/usr/lib/systemd/system/tailscaled.service
tailscale	/usr/sbin/tailscale
tailscale	/usr/sbin/tailscaled
tar	/usr/bin/gtar
tar	/usr/bin/tar
tar	/usr/sbin/gtar
tar	/usr/sbin/tar
tcl	/usr/bin/tclsh
tcl	/usr/bin/tclsh9.0
tcl	/usr/sbin/tclsh
tcl	/usr/sbin/tclsh9.0
tcpdump	/usr/bin/tcpdump
tcpdump	/usr/bin/tcpslice
tcpdump	/usr/sbin/tcpdump
tcpdump	/usr/sbin/tcpslice
tecla	/usr/bin/tecla
tecla	/usr/sbin/tecla
tecla	/usr/share/applications/org.gnome.Tecla.desktop
thermald	/usr/bin/thermald
thermald	/usr/bin/thermald-set-pref
thermald	/usr/lib/systemd/system/thermald.service
thermald	/usr/sbin/thermald
thermald	/usr/sbin/thermald-set-pref
time	/usr/bin/time
time	/usr/sbin/time
tinysparql	/usr/bin/tinysparql
tinysparql	/usr/lib/systemd/user/tinysparql-xdg-portal-3.service
tinysparql	/usr/sbin/tinysparql
tmux	/usr/bin/tmux
tmux	/usr/lib/systemd/system/tmux@.service
tmux	/usr/sbin/tmux
toolbox	/usr/bin/toolbox
toolbox	/usr/sbin/toolbox
tpm2-tools	/usr/bin/tpm2
tpm2-tools	/usr/bin/tpm2_activatecredential
tpm2-tools	/usr/bin/tpm2_certify
tpm2-tools	/usr/bin/tpm2_certifyX509certutil
tpm2-tools	/usr/bin/tpm2_certifycreation
tpm2-tools	/usr/bin/tpm2_changeauth
tpm2-tools	/usr/bin/tpm2_changeeps
tpm2-tools	/usr/bin/tpm2_changepps
tpm2-tools	/usr/bin/tpm2_checkquote
tpm2-tools	/usr/bin/tpm2_clear
tpm2-tools	/usr/bin/tpm2_clearcontrol
tpm2-tools	/usr/bin/tpm2_clockrateadjust
tpm2-tools	/usr/bin/tpm2_commit
tpm2-tools	/usr/bin/tpm2_create
tpm2-tools	/usr/bin/tpm2_createak
tpm2-tools	/usr/bin/tpm2_createek
tpm2-tools	/usr/bin/tpm2_createpolicy
tpm2-tools	/usr/bin/tpm2_createprimary
tpm2-tools	/usr/bin/tpm2_dictionarylockout
tpm2-tools	/usr/bin/tpm2_duplicate
tpm2-tools	/usr/bin/tpm2_ecdhkeygen
tpm2-tools	/usr/bin/tpm2_ecdhzgen
tpm2-tools	/usr/bin/tpm2_ecephemeral
tpm2-tools	/usr/bin/tpm2_encodeobject
tpm2-tools	/usr/bin/tpm2_encryptdecrypt
tpm2-tools	/usr/bin/tpm2_eventlog
tpm2-tools	/usr/bin/tpm2_evictcontrol
tpm2-tools	/usr/bin/tpm2_flushcontext
tpm2-tools	/usr/bin/tpm2_getcap
tpm2-tools	/usr/bin/tpm2_getcommandauditdigest
tpm2-tools	/usr/bin/tpm2_geteccparameters
tpm2-tools	/usr/bin/tpm2_getekcertificate
tpm2-tools	/usr/bin/tpm2_getpolicydigest
tpm2-tools	/usr/bin/tpm2_getrandom
tpm2-tools	/usr/bin/tpm2_getsessionauditdigest
tpm2-tools	/usr/bin/tpm2_gettestresult
tpm2-tools	/usr/bin/tpm2_gettime
tpm2-tools	/usr/bin/tpm2_hash
tpm2-tools	/usr/bin/tpm2_hierarchycontrol
tpm2-tools	/usr/bin/tpm2_hmac
tpm2-tools	/usr/bin/tpm2_import
tpm2-tools	/usr/bin/tpm2_incrementalselftest
tpm2-tools	/usr/bin/tpm2_load
tpm2-tools	/usr/bin/tpm2_loadexternal
tpm2-tools	/usr/bin/tpm2_makecredential
tpm2-tools	/usr/bin/tpm2_nvcertify
tpm2-tools	/usr/bin/tpm2_nvdefine
tpm2-tools	/usr/bin/tpm2_nvextend
tpm2-tools	/usr/bin/tpm2_nvincrement
tpm2-tools	/usr/bin/tpm2_nvread
tpm2-tools	/usr/bin/tpm2_nvreadlock
tpm2-tools	/usr/bin/tpm2_nvreadpublic
tpm2-tools	/usr/bin/tpm2_nvsetbits
tpm2-tools	/usr/bin/tpm2_nvundefine
tpm2-tools	/usr/bin/tpm2_nvwrite
tpm2-tools	/usr/bin/tpm2_nvwritelock
tpm2-tools	/usr/bin/tpm2_pcrallocate
tpm2-tools	/usr/bin/tpm2_pcrevent
tpm2-tools	/usr/bin/tpm2_pcrextend
tpm2-tools	/usr/bin/tpm2_pcrread
tpm2-tools	/usr/bin/tpm2_pcrreset
tpm2-tools	/usr/bin/tpm2_policyauthorize
tpm2-tools	/usr/bin/tpm2_policyauthorizenv
tpm2-tools	/usr/bin/tpm2_policyauthvalue
tpm2-tools	/usr/bin/tpm2_policycommandcode
tpm2-tools	/usr/bin/tpm2_policycountertimer
tpm2-tools	/usr/bin/tpm2_policycphash
tpm2-tools	/usr/bin/tpm2_policyduplicationselect
tpm2-tools	/usr/bin/tpm2_policylocality
tpm2-tools	/usr/bin/tpm2_policynamehash
tpm2-tools	/usr/bin/tpm2_policynv
tpm2-tools	/usr/bin/tpm2_policynvwritten
tpm2-tools	/usr/bin/tpm2_policyor
tpm2-tools	/usr/bin/tpm2_policypassword
tpm2-tools	/usr/bin/tpm2_policypcr
tpm2-tools	/usr/bin/tpm2_policyrestart
tpm2-tools	/usr/bin/tpm2_policysecret
tpm2-tools	/usr/bin/tpm2_policysigned
tpm2-tools	/usr/bin/tpm2_policytemplate
tpm2-tools	/usr/bin/tpm2_policyticket
tpm2-tools	/usr/bin/tpm2_print
tpm2-tools	/usr/bin/tpm2_quote
tpm2-tools	/usr/bin/tpm2_rc_decode
tpm2-tools	/usr/bin/tpm2_readclock
tpm2-tools	/usr/bin/tpm2_readpublic
tpm2-tools	/usr/bin/tpm2_rsadecrypt
tpm2-tools	/usr/bin/tpm2_rsaencrypt
tpm2-tools	/usr/bin/tpm2_selftest
tpm2-tools	/usr/bin/tpm2_send
tpm2-tools	/usr/bin/tpm2_sessionconfig
tpm2-tools	/usr/bin/tpm2_setclock
tpm2-tools	/usr/bin/tpm2_setcommandauditstatus
tpm2-tools	/usr/bin/tpm2_setprimarypolicy
tpm2-tools	/usr/bin/tpm2_shutdown
tpm2-tools	/usr/bin/tpm2_sign
tpm2-tools	/usr/bin/tpm2_startauthsession
tpm2-tools	/usr/bin/tpm2_startup
tpm2-tools	/usr/bin/tpm2_stirrandom
tpm2-tools	/usr/bin/tpm2_testparms
tpm2-tools	/usr/bin/tpm2_tr_encode
tpm2-tools	/usr/bin/tpm2_unseal
tpm2-tools	/usr/bin/tpm2_verifysignature
tpm2-tools	/usr/bin/tpm2_zgen2phase
tpm2-tools	/usr/bin/tss2
tpm2-tools	/usr/bin/tss2_authorizepolicy
tpm2-tools	/usr/bin/tss2_changeauth
tpm2-tools	/usr/bin/tss2_createkey
tpm2-tools	/usr/bin/tss2_createnv
tpm2-tools	/usr/bin/tss2_createseal
tpm2-tools	/usr/bin/tss2_decrypt
tpm2-tools	/usr/bin/tss2_delete
tpm2-tools	/usr/bin/tss2_encrypt
tpm2-tools	/usr/bin/tss2_exportkey
tpm2-tools	/usr/bin/tss2_exportpolicy
tpm2-tools	/usr/bin/tss2_getappdata
tpm2-tools	/usr/bin/tss2_getcertificate
tpm2-tools	/usr/bin/tss2_getdescription
tpm2-tools	/usr/bin/tss2_getinfo
tpm2-tools	/usr/bin/tss2_getplatformcertificates
tpm2-tools	/usr/bin/tss2_getrandom
tpm2-tools	/usr/bin/tss2_gettpm2object
tpm2-tools	/usr/bin/tss2_gettpmblobs
tpm2-tools	/usr/bin/tss2_import
tpm2-tools	/usr/bin/tss2_list
tpm2-tools	/usr/bin/tss2_nvextend
tpm2-tools	/usr/bin/tss2_nvincrement
tpm2-tools	/usr/bin/tss2_nvread
tpm2-tools	/usr/bin/tss2_nvsetbits
tpm2-tools	/usr/bin/tss2_nvwrite
tpm2-tools	/usr/bin/tss2_pcrextend
tpm2-tools	/usr/bin/tss2_pcrread
tpm2-tools	/usr/bin/tss2_provision
tpm2-tools	/usr/bin/tss2_quote
tpm2-tools	/usr/bin/tss2_setappdata
tpm2-tools	/usr/bin/tss2_setcertificate
tpm2-tools	/usr/bin/tss2_setdescription
tpm2-tools	/usr/bin/tss2_sign
tpm2-tools	/usr/bin/tss2_unseal
tpm2-tools	/usr/bin/tss2_verifyquote
tpm2-tools	/usr/bin/tss2_verifysignature
tpm2-tools	/usr/bin/tss2_writeauthorizenv
tpm2-tools	/usr/sbin/tpm2
tpm2-tools	/usr/sbin/tpm2_activatecredential
tpm2-tools	/usr/sbin/tpm2_certify
tpm2-tools	/usr/sbin/tpm2_certifyX509certutil
tpm2-tools	/usr/sbin/tpm2_certifycreation
tpm2-tools	/usr/sbin/tpm2_changeauth
tpm2-tools	/usr/sbin/tpm2_changeeps
tpm2-tools	/usr/sbin/tpm2_changepps
tpm2-tools	/usr/sbin/tpm2_checkquote
tpm2-tools	/usr/sbin/tpm2_clear
tpm2-tools	/usr/sbin/tpm2_clearcontrol
tpm2-tools	/usr/sbin/tpm2_clockrateadjust
tpm2-tools	/usr/sbin/tpm2_commit
tpm2-tools	/usr/sbin/tpm2_create
tpm2-tools	/usr/sbin/tpm2_createak
tpm2-tools	/usr/sbin/tpm2_createek
tpm2-tools	/usr/sbin/tpm2_createpolicy
tpm2-tools	/usr/sbin/tpm2_createprimary
tpm2-tools	/usr/sbin/tpm2_dictionarylockout
tpm2-tools	/usr/sbin/tpm2_duplicate
tpm2-tools	/usr/sbin/tpm2_ecdhkeygen
tpm2-tools	/usr/sbin/tpm2_ecdhzgen
tpm2-tools	/usr/sbin/tpm2_ecephemeral
tpm2-tools	/usr/sbin/tpm2_encodeobject
tpm2-tools	/usr/sbin/tpm2_encryptdecrypt
tpm2-tools	/usr/sbin/tpm2_eventlog
tpm2-tools	/usr/sbin/tpm2_evictcontrol
tpm2-tools	/usr/sbin/tpm2_flushcontext
tpm2-tools	/usr/sbin/tpm2_getcap
tpm2-tools	/usr/sbin/tpm2_getcommandauditdigest
tpm2-tools	/usr/sbin/tpm2_geteccparameters
tpm2-tools	/usr/sbin/tpm2_getekcertificate
tpm2-tools	/usr/sbin/tpm2_getpolicydigest
tpm2-tools	/usr/sbin/tpm2_getrandom
tpm2-tools	/usr/sbin/tpm2_getsessionauditdigest
tpm2-tools	/usr/sbin/tpm2_gettestresult
tpm2-tools	/usr/sbin/tpm2_gettime
tpm2-tools	/usr/sbin/tpm2_hash
tpm2-tools	/usr/sbin/tpm2_hierarchycontrol
tpm2-tools	/usr/sbin/tpm2_hmac
tpm2-tools	/usr/sbin/tpm2_import
tpm2-tools	/usr/sbin/tpm2_incrementalselftest
tpm2-tools	/usr/sbin/tpm2_load
tpm2-tools	/usr/sbin/tpm2_loadexternal
tpm2-tools	/usr/sbin/tpm2_makecredential
tpm2-tools	/usr/sbin/tpm2_nvcertify
tpm2-tools	/usr/sbin/tpm2_nvdefine
tpm2-tools	/usr/sbin/tpm2_nvextend
tpm2-tools	/usr/sbin/tpm2_nvincrement
tpm2-tools	/usr/sbin/tpm2_nvread
tpm2-tools	/usr/sbin/tpm2_nvreadlock
tpm2-tools	/usr/sbin/tpm2_nvreadpublic
tpm2-tools	/usr/sbin/tpm2_nvsetbits
tpm2-tools	/usr/sbin/tpm2_nvundefine
tpm2-tools	/usr/sbin/tpm2_nvwrite
tpm2-tools	/usr/sbin/tpm2_nvwritelock
tpm2-tools	/usr/sbin/tpm2_pcrallocate
tpm2-tools	/usr/sbin/tpm2_pcrevent
tpm2-tools	/usr/sbin/tpm2_pcrextend
tpm2-tools	/usr/sbin/tpm2_pcrread
tpm2-tools	/usr/sbin/tpm2_pcrreset
tpm2-tools	/usr/sbin/tpm2_policyauthorize
tpm2-tools	/usr/sbin/tpm2_policyauthorizenv
tpm2-tools	/usr/sbin/tpm2_policyauthvalue
tpm2-tools	/usr/sbin/tpm2_policycommandcode
tpm2-tools	/usr/sbin/tpm2_policycountertimer
tpm2-tools	/usr/sbin/tpm2_policycphash
tpm2-tools	/usr/sbin/tpm2_policyduplicationselect
tpm2-tools	/usr/sbin/tpm2_policylocality
tpm2-tools	/usr/sbin/tpm2_policynamehash
tpm2-tools	/usr/sbin/tpm2_policynv
tpm2-tools	/usr/sbin/tpm2_policynvwritten
tpm2-tools	/usr/sbin/tpm2_policyor
tpm2-tools	/usr/sbin/tpm2_policypassword
tpm2-tools	/usr/sbin/tpm2_policypcr
tpm2-tools	/usr/sbin/tpm2_policyrestart
tpm2-tools	/usr/sbin/tpm2_policysecret
tpm2-tools	/usr/sbin/tpm2_policysigned
tpm2-tools	/usr/sbin/tpm2_policytemplate
tpm2-tools	/usr/sbin/tpm2_policyticket
tpm2-tools	/usr/sbin/tpm2_print
tpm2-tools	/usr/sbin/tpm2_quote
tpm2-tools	/usr/sbin/tpm2_rc_decode
tpm2-tools	/usr/sbin/tpm2_readclock
tpm2-tools	/usr/sbin/tpm2_readpublic
tpm2-tools	/usr/sbin/tpm2_rsadecrypt
tpm2-tools	/usr/sbin/tpm2_rsaencrypt
tpm2-tools	/usr/sbin/tpm2_selftest
tpm2-tools	/usr/sbin/tpm2_send
tpm2-tools	/usr/sbin/tpm2_sessionconfig
tpm2-tools	/usr/sbin/tpm2_setclock
tpm2-tools	/usr/sbin/tpm2_setcommandauditstatus
tpm2-tools	/usr/sbin/tpm2_setprimarypolicy
tpm2-tools	/usr/sbin/tpm2_shutdown
tpm2-tools	/usr/sbin/tpm2_sign
tpm2-tools	/usr/sbin/tpm2_startauthsession
tpm2-tools	/usr/sbin/tpm2_startup
tpm2-tools	/usr/sbin/tpm2_stirrandom
tpm2-tools	/usr/sbin/tpm2_testparms
tpm2-tools	/usr/sbin/tpm2_tr_encode
tpm2-tools	/usr/sbin/tpm2_unseal
tpm2-tools	/usr/sbin/tpm2_verifysignature
tpm2-tools	/usr/sbin/tpm2_zgen2phase
tpm2-tools	/usr/sbin/tss2
tpm2-tools	/usr/sbin/tss2_authorizepolicy
tpm2-tools	/usr/sbin/tss2_changeauth
tpm2-tools	/usr/sbin/tss2_createkey
tpm2-tools	/usr/sbin/tss2_createnv
tpm2-tools	/usr/sbin/tss2_createseal
tpm2-tools	/usr/sbin/tss2_decrypt
tpm2-tools	/usr/sbin/tss2_delete
tpm2-tools	/usr/sbin/tss2_encrypt
tpm2-tools	/usr/sbin/tss2_exportkey
tpm2-tools	/usr/sbin/tss2_exportpolicy
tpm2-tools	/usr/sbin/tss2_getappdata
tpm2-tools	/usr/sbin/tss2_getcertificate
tpm2-tools	/usr/sbin/tss2_getdescription
tpm2-tools	/usr/sbin/tss2_getinfo
tpm2-tools	/usr/sbin/tss2_getplatformcertificates
tpm2-tools	/usr/sbin/tss2_getrandom
tpm2-tools	/usr/sbin/tss2_gettpm2object
tpm2-tools	/usr/sbin/tss2_gettpmblobs
tpm2-tools	/usr/sbin/tss2_import
tpm2-tools	/usr/sbin/tss2_list
tpm2-tools	/usr/sbin/tss2_nvextend
tpm2-tools	/usr/sbin/tss2_nvincrement
tpm2-tools	/usr/sbin/tss2_nvread
tpm2-tools	/usr/sbin/tss2_nvsetbits
tpm2-tools	/usr/sbin/tss2_nvwrite
tpm2-tools	/usr/sbin/tss2_pcrextend
tpm2-tools	/usr/sbin/tss2_pcrread
tpm2-tools	/usr/sbin/tss2_provision
tpm2-tools	/usr/sbin/tss2_quote
tpm2-tools	/usr/sbin/tss2_setappdata
tpm2-tools	/usr/sbin/tss2_setcertificate
tpm2-tools	/usr/sbin/tss2_setdescription
tpm2-tools	/usr/sbin/tss2_sign
tpm2-tools	/usr/sbin/tss2_unseal
tpm2-tools	/usr/sbin/tss2_verifyquote
tpm2-tools	/usr/sbin/tss2_verifysignature
tpm2-tools	/usr/sbin/tss2_writeauthorizenv
traceroute	/usr/bin/tcptraceroute
traceroute	/usr/bin/traceroute
traceroute	/usr/bin/traceroute6
traceroute	/usr/sbin/tcptraceroute
traceroute	/usr/sbin/traceroute
traceroute	/usr/sbin/traceroute6
tree	/usr/bin/tree
tree	/usr/sbin/tree
tslib	/usr/bin/ts_calibrate
tslib	/usr/bin/ts_conf
tslib	/usr/bin/ts_finddev
tslib	/usr/bin/ts_print
tslib	/usr/bin/ts_print_mt
tslib	/usr/bin/ts_print_raw
tslib	/usr/bin/ts_test_mt
tslib	/usr/bin/ts_uinput
tslib	/usr/bin/ts_verify
tslib	/usr/sbin/ts_calibrate
tslib	/usr/sbin/ts_conf
tslib	/usr/sbin/ts_finddev
tslib	/usr/sbin/ts_print
tslib	/usr/sbin/ts_print_mt
tslib	/usr/sbin/ts_print_raw
tslib	/usr/sbin/ts_test_mt
tslib	/usr/sbin/ts_uinput
tslib	/usr/sbin/ts_verify
tuned	/usr/bin/tuned
tuned	/usr/bin/tuned-adm
tuned	/usr/lib/systemd/system/tuned.service
tuned	/usr/sbin/tuned
tuned	/usr/sbin/tuned-adm
tuned-ppd	/usr/bin/tuned-ppd
tuned-ppd	/usr/lib/systemd/system/tuned-ppd.service
tuned-ppd	/usr/sbin/tuned-ppd
uchardet	/usr/bin/uchardet
uchardet	/usr/sbin/uchardet
udftools	/usr/bin/cdrwtool
udftools	/usr/bin/mkfs.udf
udftools	/usr/bin/mkudffs
udftools	/usr/bin/pktcdvd-check
udftools	/usr/bin/pktsetup
udftools	/usr/bin/udfinfo
udftools	/usr/bin/udflabel
udftools	/usr/bin/wrudf
udftools	/usr/sbin/cdrwtool
udftools	/usr/sbin/mkfs.udf
udftools	/usr/sbin/mkudffs
udftools	/usr/sbin/pktcdvd-check
udftools	/usr/sbin/pktsetup
udftools	/usr/sbin/udfinfo
udftools	/usr/sbin/udflabel
udftools	/usr/sbin/wrudf
udisks2	/usr/bin/udisksctl
udisks2	/usr/bin/umount.udisks2
udisks2	/usr/lib/systemd/system/udisks2.service
udisks2	/usr/sbin/udisksctl
udisks2	/usr/sbin/umount.udisks2
unbound-anchor	/usr/bin/unbound-anchor
unbound-anchor	/usr/lib/systemd/system/unbound-anchor.service
unbound-anchor	/usr/lib/systemd/system/unbound-anchor.timer
unbound-anchor	/usr/sbin/unbound-anchor
unzip	/usr/bin/funzip
unzip	/usr/bin/unzip
unzip	/usr/bin/unzipsfx
unzip	/usr/bin/zipgrep
unzip	/usr/bin/zipinfo
unzip	/usr/sbin/funzip
unzip	/usr/sbin/unzip
unzip	/usr/sbin/unzipsfx
unzip	/usr/sbin/zipgrep
unzip	/usr/sbin/zipinfo
upower	/usr/bin/upower
upower	/usr/lib/systemd/system/upower.service
upower	/usr/sbin/upower
uresourced	/usr/lib/systemd/system/uresourced.service
uresourced	/usr/lib/systemd/user/cgroupify@.service
uresourced	/usr/lib/systemd/user/uresourced.service
uriparser	/usr/bin/uriparse
uriparser	/usr/sbin/uriparse
usb_modeswitch	/usr/bin/usb_modeswitch
usb_modeswitch	/usr/bin/usb_modeswitch_dispatcher
usb_modeswitch	/usr/lib/systemd/system/usb_modeswitch@.service
usb_modeswitch	/usr/sbin/usb_modeswitch
usb_modeswitch	/usr/sbin/usb_modeswitch_dispatcher
usbip	/usr/bin/usbip
usbip	/usr/bin/usbipd
usbip	/usr/lib/systemd/system/usbip-client.service
usbip	/usr/lib/systemd/system/usbip-server.service
usbip	/usr/sbin/usbip
usbip	/usr/sbin/usbipd
usbmuxd	/usr/bin/usbmuxd
usbmuxd	/usr/lib/systemd/system/usbmuxd.service
usbmuxd	/usr/sbin/usbmuxd
usbutils	/usr/bin/lsusb
usbutils	/usr/bin/lsusb.py
usbutils	/usr/bin/usb-devices
usbutils	/usr/bin/usbhid-dump
usbutils	/usr/bin/usbreset
usbutils	/usr/sbin/lsusb
usbutils	/usr/sbin/lsusb.py
usbutils	/usr/sbin/usb-devices
usbutils	/usr/sbin/usbhid-dump
usbutils	/usr/sbin/usbreset
usermode	/usr/bin/consolehelper
usermode	/usr/bin/userhelper
usermode	/usr/sbin/consolehelper
usermode	/usr/sbin/userhelper
util-linux	/usr/bin/addpart
util-linux	/usr/bin/bits
util-linux	/usr/bin/blkdiscard
util-linux	/usr/bin/blkpr
util-linux	/usr/bin/blkzone
util-linux	/usr/bin/cal
util-linux	/usr/bin/cfdisk
util-linux	/usr/bin/chcpu
util-linux	/usr/bin/chfn
util-linux	/usr/bin/chmem
util-linux	/usr/bin/choom
util-linux	/usr/bin/clock
util-linux	/usr/bin/col
util-linux	/usr/bin/colcrt
util-linux	/usr/bin/colrm
util-linux	/usr/bin/column
util-linux	/usr/bin/coresched
util-linux	/usr/bin/ctrlaltdel
util-linux	/usr/bin/delpart
util-linux	/usr/bin/eject
util-linux	/usr/bin/enosys
util-linux	/usr/bin/exch
util-linux	/usr/bin/fadvise
util-linux	/usr/bin/fallocate
util-linux	/usr/bin/fdformat
util-linux	/usr/bin/fdisk
util-linux	/usr/bin/fincore
util-linux	/usr/bin/findfs
util-linux	/usr/bin/fsck.cramfs
util-linux	/usr/bin/fsck.minix
util-linux	/usr/bin/fsfreeze
util-linux	/usr/bin/fstrim
util-linux	/usr/bin/getopt
util-linux	/usr/bin/hexdump
util-linux	/usr/bin/hwclock
util-linux	/usr/bin/i386
util-linux	/usr/bin/irqtop
util-linux	/usr/bin/isosize
util-linux	/usr/bin/last
util-linux	/usr/bin/lastb
util-linux	/usr/bin/lastlog2
util-linux	/usr/bin/ldattach
util-linux	/usr/bin/linux32
util-linux	/usr/bin/linux64
util-linux	/usr/bin/login
util-linux	/usr/bin/look
util-linux	/usr/bin/lsblk
util-linux	/usr/bin/lsclocks
util-linux	/usr/bin/lscpu
util-linux	/usr/bin/lsfd
util-linux	/usr/bin/lsipc
util-linux	/usr/bin/lsirq
util-linux	/usr/bin/lslocks
util-linux	/usr/bin/lslogins
util-linux	/usr/bin/lsmem
util-linux	/usr/bin/lsns
util-linux	/usr/bin/mcookie
util-linux	/usr/bin/mesg
util-linux	/usr/bin/mkfs
util-linux	/usr/bin/mkfs.cramfs
util-linux	/usr/bin/mkfs.minix
util-linux	/usr/bin/namei
util-linux	/usr/bin/nologin
util-linux	/usr/bin/pipesz
util-linux	/usr/bin/pivot_root
util-linux	/usr/bin/prlimit
util-linux	/usr/bin/readprofile
util-linux	/usr/bin/rename
util-linux	/usr/bin/resizepart
util-linux	/usr/bin/rev
util-linux	/usr/bin/rfkill
util-linux	/usr/bin/rtcwake
util-linux	/usr/bin/runuser
util-linux	/usr/bin/setarch
util-linux	/usr/bin/setpgid
util-linux	/usr/bin/setpriv
util-linux	/usr/bin/setterm
util-linux	/usr/bin/sfdisk
util-linux	/usr/bin/su
util-linux	/usr/bin/swaplabel
util-linux	/usr/bin/uclampset
util-linux	/usr/bin/ul
util-linux	/usr/bin/uname26
util-linux	/usr/bin/utmpdump
util-linux	/usr/bin/uuidgen
util-linux	/usr/bin/uuidparse
util-linux	/usr/bin/waitpid
util-linux	/usr/bin/wall
util-linux	/usr/bin/wdctl
util-linux	/usr/bin/whereis
util-linux	/usr/bin/wipefs
util-linux	/usr/bin/write
util-linux	/usr/bin/x86_64
util-linux	/usr/bin/zramctl
util-linux	/usr/lib/systemd/system/fstrim.service
util-linux	/usr/lib/systemd/system/fstrim.timer
util-linux	/usr/sbin/addpart
util-linux	/usr/sbin/bits
util-linux	/usr/sbin/blkdiscard
util-linux	/usr/sbin/blkpr
util-linux	/usr/sbin/blkzone
util-linux	/usr/sbin/cal
util-linux	/usr/sbin/cfdisk
util-linux	/usr/sbin/chcpu
util-linux	/usr/sbin/chfn
util-linux	/usr/sbin/chmem
util-linux	/usr/sbin/choom
util-linux	/usr/sbin/clock
util-linux	/usr/sbin/col
util-linux	/usr/sbin/colcrt
util-linux	/usr/sbin/colrm
util-linux	/usr/sbin/column
util-linux	/usr/sbin/coresched
util-linux	/usr/sbin/ctrlaltdel
util-linux	/usr/sbin/delpart
util-linux	/usr/sbin/eject
util-linux	/usr/sbin/enosys
util-linux	/usr/sbin/exch
util-linux	/usr/sbin/fadvise
util-linux	/usr/sbin/fallocate
util-linux	/usr/sbin/fdformat
util-linux	/usr/sbin/fdisk
util-linux	/usr/sbin/fincore
util-linux	/usr/sbin/findfs
util-linux	/usr/sbin/fsck.cramfs
util-linux	/usr/sbin/fsck.minix
util-linux	/usr/sbin/fsfreeze
util-linux	/usr/sbin/fstrim
util-linux	/usr/sbin/getopt
util-linux	/usr/sbin/hexdump
util-linux	/usr/sbin/hwclock
util-linux	/usr/sbin/i386
util-linux	/usr/sbin/irqtop
util-linux	/usr/sbin/isosize
util-linux	/usr/sbin/last
util-linux	/usr/sbin/lastb
util-linux	/usr/sbin/lastlog2
util-linux	/usr/sbin/ldattach
util-linux	/usr/sbin/linux32
util-linux	/usr/sbin/linux64
util-linux	/usr/sbin/login
util-linux	/usr/sbin/look
util-linux	/usr/sbin/lsblk
util-linux	/usr/sbin/lsclocks
util-linux	/usr/sbin/lscpu
util-linux	/usr/sbin/lsfd
util-linux	/usr/sbin/lsipc
util-linux	/usr/sbin/lsirq
util-linux	/usr/sbin/lslocks
util-linux	/usr/sbin/lslogins
util-linux	/usr/sbin/lsmem
util-linux	/usr/sbin/lsns
util-linux	/usr/sbin/mcookie
util-linux	/usr/sbin/mesg
util-linux	/usr/sbin/mkfs
util-linux	/usr/sbin/mkfs.cramfs
util-linux	/usr/sbin/mkfs.minix
util-linux	/usr/sbin/namei
util-linux	/usr/sbin/nologin
util-linux	/usr/sbin/pipesz
util-linux	/usr/sbin/pivot_root
util-linux	/usr/sbin/prlimit
util-linux	/usr/sbin/readprofile
util-linux	/usr/sbin/rename
util-linux	/usr/sbin/resizepart
util-linux	/usr/sbin/rev
util-linux	/usr/sbin/rfkill
util-linux	/usr/sbin/rtcwake
util-linux	/usr/sbin/runuser
util-linux	/usr/sbin/setarch
util-linux	/usr/sbin/setpgid
util-linux	/usr/sbin/setpriv
util-linux	/usr/sbin/setterm
util-linux	/usr/sbin/sfdisk
util-linux	/usr/sbin/su
util-linux	/usr/sbin/swaplabel
util-linux	/usr/sbin/uclampset
util-linux	/usr/sbin/ul
util-linux	/usr/sbin/uname26
util-linux	/usr/sbin/utmpdump
util-linux	/usr/sbin/uuidgen
util-linux	/usr/sbin/uuidparse
util-linux	/usr/sbin/waitpid
util-linux	/usr/sbin/wall
util-linux	/usr/sbin/wdctl
util-linux	/usr/sbin/whereis
util-linux	/usr/sbin/wipefs
util-linux	/usr/sbin/write
util-linux	/usr/sbin/x86_64
util-linux	/usr/sbin/zramctl
util-linux-core	/usr/bin/agetty
util-linux-core	/usr/bin/blkid
util-linux-core	/usr/bin/blockdev
util-linux-core	/usr/bin/chrt
util-linux-core	/usr/bin/dmesg
util-linux-core	/usr/bin/findmnt
util-linux-core	/usr/bin/flock
util-linux-core	/usr/bin/fsck
util-linux-core	/usr/bin/hardlink
util-linux-core	/usr/bin/ionice
util-linux-core	/usr/bin/ipcmk
util-linux-core	/usr/bin/ipcrm
util-linux-core	/usr/bin/ipcs
util-linux-core	/usr/bin/kill
util-linux-core	/usr/bin/logger
util-linux-core	/usr/bin/losetup
util-linux-core	/usr/bin/mkswap
util-linux-core	/usr/bin/more
util-linux-core	/usr/bin/mount
util-linux-core	/usr/bin/mountpoint
util-linux-core	/usr/bin/nsenter
util-linux-core	/usr/bin/partx
util-linux-core	/usr/bin/renice
util-linux-core	/usr/bin/setsid
util-linux-core	/usr/bin/sulogin
util-linux-core	/usr/bin/swapoff
util-linux-core	/usr/bin/swapon
util-linux-core	/usr/bin/switch_root
util-linux-core	/usr/bin/taskset
util-linux-core	/usr/bin/umount
util-linux-core	/usr/bin/unshare
util-linux-core	/usr/sbin/agetty
util-linux-core	/usr/sbin/blkid
util-linux-core	/usr/sbin/blockdev
util-linux-core	/usr/sbin/chrt
util-linux-core	/usr/sbin/dmesg
util-linux-core	/usr/sbin/findmnt
util-linux-core	/usr/sbin/flock
util-linux-core	/usr/sbin/fsck
util-linux-core	/usr/sbin/hardlink
util-linux-core	/usr/sbin/ionice
util-linux-core	/usr/sbin/ipcmk
util-linux-core	/usr/sbin/ipcrm
util-linux-core	/usr/sbin/ipcs
util-linux-core	/usr/sbin/kill
util-linux-core	/usr/sbin/logger
util-linux-core	/usr/sbin/losetup
util-linux-core	/usr/sbin/mkswap
util-linux-core	/usr/sbin/more
util-linux-core	/usr/sbin/mount
util-linux-core	/usr/sbin/mountpoint
util-linux-core	/usr/sbin/nsenter
util-linux-core	/usr/sbin/partx
util-linux-core	/usr/sbin/renice
util-linux-core	/usr/sbin/setsid
util-linux-core	/usr/sbin/sulogin
util-linux-core	/usr/sbin/swapoff
util-linux-core	/usr/sbin/swapon
util-linux-core	/usr/sbin/switch_root
util-linux-core	/usr/sbin/taskset
util-linux-core	/usr/sbin/umount
util-linux-core	/usr/sbin/unshare
uupd	/usr/bin/uupd
uupd	/usr/lib/systemd/system/uupd-manual.service
uupd	/usr/lib/systemd/system/uupd.service
uupd	/usr/lib/systemd/system/uupd.timer
uupd	/usr/sbin/uupd
v4l2loopback	/usr/bin/v4l2loopback-ctl
v4l2loopback	/usr/sbin/v4l2loopback-ctl
vim-enhanced	/usr/bin/rvim
vim-enhanced	/usr/bin/vim
vim-enhanced	/usr/bin/vimdiff
vim-enhanced	/usr/bin/vimtutor
vim-enhanced	/usr/sbin/rvim
vim-enhanced	/usr/sbin/vim
vim-enhanced	/usr/sbin/vimdiff
vim-enhanced	/usr/sbin/vimtutor
vim-minimal	/usr/bin/ex
vim-minimal	/usr/bin/rvi
vim-minimal	/usr/bin/rview
vim-minimal	/usr/bin/vi
vim-minimal	/usr/bin/view
vim-minimal	/usr/sbin/ex
vim-minimal	/usr/sbin/rvi
vim-minimal	/usr/sbin/rview
vim-minimal	/usr/sbin/vi
vim-minimal	/usr/sbin/view
virt-what	/usr/bin/virt-what
virt-what	/usr/bin/virt-what-cvm
virt-what	/usr/sbin/virt-what
virt-what	/usr/sbin/virt-what-cvm
virtualbox-guest-additions	/etc/xdg/autostart/vboxclient.desktop
virtualbox-guest-additions	/usr/bin/VBoxClient
virtualbox-guest-additions	/usr/bin/VBoxClient-all
virtualbox-guest-additions	/usr/bin/VBoxControl
virtualbox-guest-additions	/usr/bin/VBoxDRMClient
virtualbox-guest-additions	/usr/bin/VBoxService
virtualbox-guest-additions	/usr/bin/mount.vboxsf
virtualbox-guest-additions	/usr/bin/vboxwl
virtualbox-guest-additions	/usr/lib/systemd/system/vboxclient.service
virtualbox-guest-additions	/usr/lib/systemd/system/vboxservice.service
virtualbox-guest-additions	/usr/sbin/VBoxClient
virtualbox-guest-additions	/usr/sbin/VBoxClient-all
virtualbox-guest-additions	/usr/sbin/VBoxControl
virtualbox-guest-additions	/usr/sbin/VBoxDRMClient
virtualbox-guest-additions	/usr/sbin/VBoxService
virtualbox-guest-additions	/usr/sbin/mount.vboxsf
virtualbox-guest-additions	/usr/sbin/vboxwl
vpnc	/usr/bin/cisco-decrypt
vpnc	/usr/bin/vpnc
vpnc	/usr/bin/vpnc-disconnect
vpnc	/usr/lib/systemd/system/vpnc@.service
vpnc	/usr/sbin/cisco-decrypt
vpnc	/usr/sbin/vpnc
vpnc	/usr/sbin/vpnc-disconnect
wavpack	/usr/bin/wavpack
wavpack	/usr/bin/wvgain
wavpack	/usr/bin/wvtag
wavpack	/usr/bin/wvunpack
wavpack	/usr/sbin/wavpack
wavpack	/usr/sbin/wvgain
wavpack	/usr/sbin/wvtag
wavpack	/usr/sbin/wvunpack
waypipe	/usr/bin/waypipe
waypipe	/usr/sbin/waypipe
webkitgtk6.0	/usr/bin/WebKitWebDriver
webkitgtk6.0	/usr/sbin/WebKitWebDriver
wget2	/usr/bin/wget2
wget2	/usr/sbin/wget2
wget2-wget	/usr/bin/wget
wget2-wget	/usr/sbin/wget
which	/usr/bin/which
which	/usr/sbin/which
whois	/usr/bin/whois
whois	/usr/bin/whois.md
whois	/usr/sbin/whois
whois	/usr/sbin/whois.md
wireguard-tools	/usr/bin/wg
wireguard-tools	/usr/bin/wg-quick
wireguard-tools	/usr/lib/systemd/system/wg-quick@.service
wireguard-tools	/usr/sbin/wg
wireguard-tools	/usr/sbin/wg-quick
wireless-regdb	/usr/bin/setregdomain
wireless-regdb	/usr/sbin/setregdomain
wireplumber	/usr/bin/wireplumber
wireplumber	/usr/bin/wpctl
wireplumber	/usr/bin/wpexec
wireplumber	/usr/lib/systemd/user/wireplumber.service
wireplumber	/usr/lib/systemd/user/wireplumber@.service
wireplumber	/usr/sbin/wireplumber
wireplumber	/usr/sbin/wpctl
wireplumber	/usr/sbin/wpexec
wl-clipboard	/usr/bin/wl-copy
wl-clipboard	/usr/bin/wl-paste
wl-clipboard	/usr/sbin/wl-copy
wl-clipboard	/usr/sbin/wl-paste
wpa_supplicant	/usr/bin/eapol_test
wpa_supplicant	/usr/bin/wpa_cli
wpa_supplicant	/usr/bin/wpa_passphrase
wpa_supplicant	/usr/bin/wpa_supplicant
wpa_supplicant	/usr/lib/systemd/system/wpa_supplicant.service
wpa_supplicant	/usr/sbin/eapol_test
wpa_supplicant	/usr/sbin/wpa_cli
wpa_supplicant	/usr/sbin/wpa_passphrase
wpa_supplicant	/usr/sbin/wpa_supplicant
wsdd	/usr/bin/wsdd
wsdd	/usr/lib/systemd/system/wsdd.service
wsdd	/usr/sbin/wsdd
xdg-dbus-proxy	/usr/bin/xdg-dbus-proxy
xdg-dbus-proxy	/usr/sbin/xdg-dbus-proxy
xdg-desktop-portal	/usr/lib/systemd/user/xdg-desktop-portal-rewrite-launchers.service
xdg-desktop-portal	/usr/lib/systemd/user/xdg-desktop-portal.service
xdg-desktop-portal	/usr/lib/systemd/user/xdg-document-portal.service
xdg-desktop-portal	/usr/lib/systemd/user/xdg-permission-store.service
xdg-desktop-portal-gnome	/usr/lib/systemd/user/xdg-desktop-portal-gnome.service
xdg-desktop-portal-gnome	/usr/share/applications/xdg-desktop-portal-gnome.desktop
xdg-desktop-portal-gtk	/usr/lib/systemd/user/xdg-desktop-portal-gtk.service
xdg-desktop-portal-gtk	/usr/share/applications/xdg-desktop-portal-gtk.desktop
xdg-terminal-exec	/usr/bin/xdg-terminal-exec
xdg-terminal-exec	/usr/sbin/xdg-terminal-exec
xdg-user-dirs	/etc/xdg/autostart/xdg-user-dirs.desktop
xdg-user-dirs	/usr/bin/xdg-user-dir
xdg-user-dirs	/usr/bin/xdg-user-dirs-update
xdg-user-dirs	/usr/lib/systemd/user/xdg-user-dirs.service
xdg-user-dirs	/usr/sbin/xdg-user-dir
xdg-user-dirs	/usr/sbin/xdg-user-dirs-update
xdg-user-dirs-gtk	/etc/xdg/autostart/user-dirs-update-gtk.desktop
xdg-user-dirs-gtk	/usr/bin/xdg-user-dirs-gtk-update
xdg-user-dirs-gtk	/usr/lib/systemd/user/user-dirs-update-gtk.service
xdg-user-dirs-gtk	/usr/sbin/xdg-user-dirs-gtk-update
xdg-user-dirs-gtk	/usr/share/applications/user-dirs-update-gtk.desktop
xdg-utils	/usr/bin/xdg-desktop-icon
xdg-utils	/usr/bin/xdg-desktop-menu
xdg-utils	/usr/bin/xdg-email
xdg-utils	/usr/bin/xdg-icon-resource
xdg-utils	/usr/bin/xdg-mime
xdg-utils	/usr/bin/xdg-open
xdg-utils	/usr/bin/xdg-screensaver
xdg-utils	/usr/bin/xdg-settings
xdg-utils	/usr/sbin/xdg-desktop-icon
xdg-utils	/usr/sbin/xdg-desktop-menu
xdg-utils	/usr/sbin/xdg-email
xdg-utils	/usr/sbin/xdg-icon-resource
xdg-utils	/usr/sbin/xdg-mime
xdg-utils	/usr/sbin/xdg-open
xdg-utils	/usr/sbin/xdg-screensaver
xdg-utils	/usr/sbin/xdg-settings
xdriinfo	/usr/bin/xdriinfo
xdriinfo	/usr/sbin/xdriinfo
xfsprogs	/usr/bin/fsck.xfs
xfsprogs	/usr/bin/mkfs.xfs
xfsprogs	/usr/bin/xfs_admin
xfsprogs	/usr/bin/xfs_bmap
xfsprogs	/usr/bin/xfs_copy
xfsprogs	/usr/bin/xfs_db
xfsprogs	/usr/bin/xfs_estimate
xfsprogs	/usr/bin/xfs_freeze
xfsprogs	/usr/bin/xfs_fsr
xfsprogs	/usr/bin/xfs_growfs
xfsprogs	/usr/bin/xfs_info
xfsprogs	/usr/bin/xfs_io
xfsprogs	/usr/bin/xfs_logprint
xfsprogs	/usr/bin/xfs_mdrestore
xfsprogs	/usr/bin/xfs_metadump
xfsprogs	/usr/bin/xfs_mkfile
xfsprogs	/usr/bin/xfs_ncheck
xfsprogs	/usr/bin/xfs_property
xfsprogs	/usr/bin/xfs_quota
xfsprogs	/usr/bin/xfs_repair
xfsprogs	/usr/bin/xfs_rtcp
xfsprogs	/usr/bin/xfs_spaceman
xfsprogs	/usr/lib/systemd/system/xfs_healer@.service
xfsprogs	/usr/lib/systemd/system/xfs_healer_start.service
xfsprogs	/usr/sbin/fsck.xfs
xfsprogs	/usr/sbin/mkfs.xfs
xfsprogs	/usr/sbin/xfs_admin
xfsprogs	/usr/sbin/xfs_bmap
xfsprogs	/usr/sbin/xfs_copy
xfsprogs	/usr/sbin/xfs_db
xfsprogs	/usr/sbin/xfs_estimate
xfsprogs	/usr/sbin/xfs_freeze
xfsprogs	/usr/sbin/xfs_fsr
xfsprogs	/usr/sbin/xfs_growfs
xfsprogs	/usr/sbin/xfs_info
xfsprogs	/usr/sbin/xfs_io
xfsprogs	/usr/sbin/xfs_logprint
xfsprogs	/usr/sbin/xfs_mdrestore
xfsprogs	/usr/sbin/xfs_metadump
xfsprogs	/usr/sbin/xfs_mkfile
xfsprogs	/usr/sbin/xfs_ncheck
xfsprogs	/usr/sbin/xfs_property
xfsprogs	/usr/sbin/xfs_quota
xfsprogs	/usr/sbin/xfs_repair
xfsprogs	/usr/sbin/xfs_rtcp
xfsprogs	/usr/sbin/xfs_spaceman
xhost	/usr/bin/xhost
xhost	/usr/sbin/xhost
xkbcomp	/usr/bin/xkbcomp
xkbcomp	/usr/sbin/xkbcomp
xmlsec1	/usr/bin/xmlsec1
xmlsec1	/usr/sbin/xmlsec1
xmodmap	/usr/bin/xmodmap
xmodmap	/usr/sbin/xmodmap
xorg-x11-server-Xwayland	/usr/bin/Xwayland
xorg-x11-server-Xwayland	/usr/sbin/Xwayland
xorg-x11-server-Xwayland	/usr/share/applications/org.freedesktop.Xwayland.desktop
xorg-x11-xauth	/usr/bin/xauth
xorg-x11-xauth	/usr/sbin/xauth
xorg-x11-xinit	/usr/bin/startx
xorg-x11-xinit	/usr/bin/xinit
xorg-x11-xinit	/usr/sbin/startx
xorg-x11-xinit	/usr/sbin/xinit
xprop	/usr/bin/xprop
xprop	/usr/sbin/xprop
xrandr	/usr/bin/xrandr
xrandr	/usr/sbin/xrandr
xrdb	/usr/bin/xrdb
xrdb	/usr/sbin/xrdb
xrefresh	/usr/bin/xrefresh
xrefresh	/usr/sbin/xrefresh
xset	/usr/bin/xset
xset	/usr/sbin/xset
xxd	/usr/bin/xxd
xxd	/usr/sbin/xxd
xz	/usr/bin/unxz
xz	/usr/bin/xz
xz	/usr/bin/xzcat
xz	/usr/bin/xzcmp
xz	/usr/bin/xzdec
xz	/usr/bin/xzdiff
xz	/usr/bin/xzegrep
xz	/usr/bin/xzfgrep
xz	/usr/bin/xzgrep
xz	/usr/bin/xzless
xz	/usr/bin/xzmore
xz	/usr/sbin/unxz
xz	/usr/sbin/xz
xz	/usr/sbin/xzcat
xz	/usr/sbin/xzcmp
xz	/usr/sbin/xzdec
xz	/usr/sbin/xzdiff
xz	/usr/sbin/xzegrep
xz	/usr/sbin/xzfgrep
xz	/usr/sbin/xzgrep
xz	/usr/sbin/xzless
xz	/usr/sbin/xzmore
ykclient	/usr/bin/ykclient
ykclient	/usr/sbin/ykclient
ykpers	/usr/bin/ykchalresp
ykpers	/usr/bin/ykinfo
ykpers	/usr/bin/ykpersonalize
ykpers	/usr/sbin/ykchalresp
ykpers	/usr/sbin/ykinfo
ykpers	/usr/sbin/ykpersonalize
yubikey-manager	/usr/bin/ykman
yubikey-manager	/usr/sbin/ykman
zenity	/usr/bin/zenity
zenity	/usr/sbin/zenity
zenity	/usr/share/applications/org.gnome.Zenity.desktop
zeromq	/usr/bin/curve_keygen
zeromq	/usr/sbin/curve_keygen
zfs	/usr/bin/dbufstat
zfs	/usr/bin/fsck.zfs
zfs	/usr/bin/mount.zfs
zfs	/usr/bin/raidz_test
zfs	/usr/bin/zarcstat
zfs	/usr/bin/zarcsummary
zfs	/usr/bin/zdb
zfs	/usr/bin/zed
zfs	/usr/bin/zfs
zfs	/usr/bin/zfs_ids_to_path
zfs	/usr/bin/zgenhostid
zfs	/usr/bin/zhack
zfs	/usr/bin/zilstat
zfs	/usr/bin/zinject
zfs	/usr/bin/zpool
zfs	/usr/bin/zstream
zfs	/usr/bin/zstreamdump
zfs	/usr/bin/ztest
zfs	/usr/bin/zvol_wait
zfs	/usr/lib/systemd/system/zfs-import-cache.service
zfs	/usr/lib/systemd/system/zfs-import-scan.service
zfs	/usr/lib/systemd/system/zfs-import.service
zfs	/usr/lib/systemd/system/zfs-load-key.service
zfs	/usr/lib/systemd/system/zfs-mount.service
zfs	/usr/lib/systemd/system/zfs-mount@.service
zfs	/usr/lib/systemd/system/zfs-scrub-monthly@.timer
zfs	/usr/lib/systemd/system/zfs-scrub-weekly@.timer
zfs	/usr/lib/systemd/system/zfs-scrub@.service
zfs	/usr/lib/systemd/system/zfs-share.service
zfs	/usr/lib/systemd/system/zfs-trim-monthly@.timer
zfs	/usr/lib/systemd/system/zfs-trim-weekly@.timer
zfs	/usr/lib/systemd/system/zfs-trim@.service
zfs	/usr/lib/systemd/system/zfs-volume-wait.service
zfs	/usr/lib/systemd/system/zfs-zed.service
zfs	/usr/sbin/dbufstat
zfs	/usr/sbin/fsck.zfs
zfs	/usr/sbin/mount.zfs
zfs	/usr/sbin/raidz_test
zfs	/usr/sbin/zarcstat
zfs	/usr/sbin/zarcsummary
zfs	/usr/sbin/zdb
zfs	/usr/sbin/zed
zfs	/usr/sbin/zfs
zfs	/usr/sbin/zfs_ids_to_path
zfs	/usr/sbin/zgenhostid
zfs	/usr/sbin/zhack
zfs	/usr/sbin/zilstat
zfs	/usr/sbin/zinject
zfs	/usr/sbin/zpool
zfs	/usr/sbin/zstream
zfs	/usr/sbin/zstreamdump
zfs	/usr/sbin/ztest
zfs	/usr/sbin/zvol_wait
zip	/usr/bin/zip
zip	/usr/bin/zipcloak
zip	/usr/bin/zipnote
zip	/usr/bin/zipsplit
zip	/usr/sbin/zip
zip	/usr/sbin/zipcloak
zip	/usr/sbin/zipnote
zip	/usr/sbin/zipsplit
zram-generator	/usr/lib/systemd/system/systemd-zram-setup@.service
zsh	/usr/bin/zsh
zsh	/usr/sbin/zsh
zstd	/usr/bin/pzstd
zstd	/usr/bin/unzstd
zstd	/usr/bin/zstd
zstd	/usr/bin/zstdcat
zstd	/usr/bin/zstdgrep
zstd	/usr/bin/zstdless
zstd	/usr/bin/zstdmt
zstd	/usr/sbin/pzstd
zstd	/usr/sbin/unzstd
zstd	/usr/sbin/zstd
zstd	/usr/sbin/zstdcat
zstd	/usr/sbin/zstdgrep
zstd	/usr/sbin/zstdless
zstd	/usr/sbin/zstdmt
zvbi	/usr/bin/zvbi-atsc-cc
zvbi	/usr/bin/zvbi-chains
zvbi	/usr/bin/zvbi-ntsc-cc
zvbi	/usr/bin/zvbid
zvbi	/usr/lib/systemd/system/zvbid.service
zvbi	/usr/sbin/zvbi-atsc-cc
zvbi	/usr/sbin/zvbi-chains
zvbi	/usr/sbin/zvbi-ntsc-cc
zvbi	/usr/sbin/zvbid
