(unowned)	/usr/bin/brew-preinstall
(unowned)	/usr/bin/luks-tpm2-autounlock
(unowned)	/usr/bin/rechunker-group-fix
(unowned)	/usr/bin/ublue-bling
(unowned)	/usr/bin/ublue-bling-fastfetch
(unowned)	/usr/bin/ublue-fastfetch
(unowned)	/usr/bin/ublue-image-info.sh
(unowned)	/usr/bin/ublue-privileged-setup
(unowned)	/usr/bin/ublue-system-setup
(unowned)	/usr/bin/ublue-user-setup
(unowned)	/usr/bin/ujust
(unowned)	/usr/bin/umotd
(unowned)	/usr/bin/uupd
(unowned)	/usr/bin/uwelcome
(unowned)	/usr/lib/systemd/system/bluefin-stats-refresh.service
(unowned)	/usr/lib/systemd/system/bluefin-stats-refresh.timer
(unowned)	/usr/lib/systemd/system/bootc-generic-growpart.service
(unowned)	/usr/lib/systemd/system/bootc-unified-storage.service
(unowned)	/usr/lib/systemd/system/brew-setup.service
(unowned)	/usr/lib/systemd/system/brew-update.service
(unowned)	/usr/lib/systemd/system/brew-update.timer
(unowned)	/usr/lib/systemd/system/brew-upgrade.service
(unowned)	/usr/lib/systemd/system/brew-upgrade.timer
(unowned)	/usr/lib/systemd/system/dconf-update.service
(unowned)	/usr/lib/systemd/system/flatpak-appstream-refresh.service
(unowned)	/usr/lib/systemd/system/flatpak-nuke-fedora.service
(unowned)	/usr/lib/systemd/system/flatpak-preinstall.service
(unowned)	/usr/lib/systemd/system/ublue-system-setup.service
(unowned)	/usr/lib/systemd/system/uupd-on-ac.service
(unowned)	/usr/lib/systemd/system/uupd-resume.timer
(unowned)	/usr/lib/systemd/system/uupd.service
(unowned)	/usr/lib/systemd/system/uupd.timer
(unowned)	/usr/lib/systemd/user/bazaar.service
(unowned)	/usr/lib/systemd/user/bluefin-dynamic-wallpaper.service
(unowned)	/usr/lib/systemd/user/brew-preinstall.service
(unowned)	/usr/lib/systemd/user/ublue-user-setup.service
(unowned)	/usr/sbin/brew-preinstall
(unowned)	/usr/sbin/luks-tpm2-autounlock
(unowned)	/usr/sbin/rechunker-group-fix
(unowned)	/usr/sbin/ublue-bling
(unowned)	/usr/sbin/ublue-bling-fastfetch
(unowned)	/usr/sbin/ublue-fastfetch
(unowned)	/usr/sbin/ublue-image-info.sh
(unowned)	/usr/sbin/ublue-privileged-setup
(unowned)	/usr/sbin/ublue-system-setup
(unowned)	/usr/sbin/ublue-user-setup
(unowned)	/usr/sbin/ujust
(unowned)	/usr/sbin/umotd
(unowned)	/usr/sbin/uupd
(unowned)	/usr/sbin/uwelcome
(unowned)	/usr/share/applications/bluefin-help.desktop
(unowned)	/usr/share/applications/discourse.desktop
(unowned)	/usr/share/applications/documentation.desktop
(unowned)	/usr/share/applications/noop.desktop
(unowned)	/usr/share/applications/org.frostyard.ChairLift.desktop
(unowned)	/usr/share/applications/system-update.desktop
NetworkManager	/usr/bin/NetworkManager
NetworkManager	/usr/bin/nm-online
NetworkManager	/usr/bin/nmcli
NetworkManager	/usr/lib/systemd/system/NetworkManager-dispatcher.service
NetworkManager	/usr/lib/systemd/system/NetworkManager-wait-online.service
NetworkManager	/usr/lib/systemd/system/NetworkManager.service
NetworkManager	/usr/lib/systemd/system/nm-priv-helper.service
NetworkManager	/usr/sbin/NetworkManager
NetworkManager	/usr/sbin/nm-online
NetworkManager	/usr/sbin/nmcli
accountsservice	/usr/lib/systemd/system/accounts-daemon.service
alsa-lib	/usr/bin/aserver
alsa-lib	/usr/sbin/aserver
alsa-tools-firmware	/usr/bin/hdsploader
alsa-tools-firmware	/usr/bin/mixartloader
alsa-tools-firmware	/usr/bin/usx2yloader
alsa-tools-firmware	/usr/bin/vxloader
alsa-tools-firmware	/usr/sbin/hdsploader
alsa-tools-firmware	/usr/sbin/mixartloader
alsa-tools-firmware	/usr/sbin/usx2yloader
alsa-tools-firmware	/usr/sbin/vxloader
alternatives	/usr/bin/alternatives
alternatives	/usr/bin/update-alternatives
alternatives	/usr/sbin/alternatives
alternatives	/usr/sbin/update-alternatives
appstream	/usr/bin/appstreamcli
appstream	/usr/sbin/appstreamcli
at-spi2-core	/etc/xdg/autostart/at-spi-dbus-bus.desktop
at-spi2-core	/usr/lib/systemd/user/at-spi-dbus-bus.service
audit	/usr/bin/auditd
audit	/usr/bin/aulast
audit	/usr/bin/aulastlog
audit	/usr/bin/aureport
audit	/usr/bin/ausearch
audit	/usr/bin/ausyscall
audit	/usr/lib/systemd/system/auditd.service
audit	/usr/sbin/auditd
audit	/usr/sbin/aulast
audit	/usr/sbin/aulastlog
audit	/usr/sbin/aureport
audit	/usr/sbin/ausearch
audit	/usr/sbin/ausyscall
audit-rules	/usr/bin/auditctl
audit-rules	/usr/bin/augenrules
audit-rules	/usr/lib/systemd/system/audit-rules.service
audit-rules	/usr/sbin/auditctl
audit-rules	/usr/sbin/augenrules
authselect	/usr/bin/authselect
authselect	/usr/sbin/authselect
authselect-libs	/usr/lib/systemd/system/authselect-apply-changes.service
bash	/usr/bin/alias
bash	/usr/bin/bash
bash	/usr/bin/bashbug
bash	/usr/bin/bashbug-64
bash	/usr/bin/bg
bash	/usr/bin/cd
bash	/usr/bin/command
bash	/usr/bin/fc
bash	/usr/bin/fg
bash	/usr/bin/getopts
bash	/usr/bin/hash
bash	/usr/bin/jobs
bash	/usr/bin/read
bash	/usr/bin/sh
bash	/usr/bin/type
bash	/usr/bin/ulimit
bash	/usr/bin/umask
bash	/usr/bin/unalias
bash	/usr/bin/wait
bash	/usr/sbin/alias
bash	/usr/sbin/bash
bash	/usr/sbin/bashbug
bash	/usr/sbin/bashbug-64
bash	/usr/sbin/bg
bash	/usr/sbin/cd
bash	/usr/sbin/command
bash	/usr/sbin/fc
bash	/usr/sbin/fg
bash	/usr/sbin/getopts
bash	/usr/sbin/hash
bash	/usr/sbin/jobs
bash	/usr/sbin/read
bash	/usr/sbin/sh
bash	/usr/sbin/type
bash	/usr/sbin/ulimit
bash	/usr/sbin/umask
bash	/usr/sbin/unalias
bash	/usr/sbin/wait
bind-utils	/usr/bin/arpaname
bind-utils	/usr/bin/arpaname-9.20
bind-utils	/usr/bin/ddns-confgen
bind-utils	/usr/bin/ddns-confgen-9.20
bind-utils	/usr/bin/delv
bind-utils	/usr/bin/delv-9.20
bind-utils	/usr/bin/dig
bind-utils	/usr/bin/dig-9.20
bind-utils	/usr/bin/dnstap-read
bind-utils	/usr/bin/dnstap-read-9.20
bind-utils	/usr/bin/host
bind-utils	/usr/bin/host-9.20
bind-utils	/usr/bin/named-checkzone
bind-utils	/usr/bin/named-checkzone-9.20
bind-utils	/usr/bin/named-compilezone
bind-utils	/usr/bin/named-compilezone-9.20
bind-utils	/usr/bin/named-nzd2nzf
bind-utils	/usr/bin/named-nzd2nzf-9.20
bind-utils	/usr/bin/nsec3hash
bind-utils	/usr/bin/nsec3hash-9.20
bind-utils	/usr/bin/nslookup
bind-utils	/usr/bin/nslookup-9.20
bind-utils	/usr/bin/nsupdate
bind-utils	/usr/bin/nsupdate-9.20
bind-utils	/usr/bin/tsig-keygen
bind-utils	/usr/bin/tsig-keygen-9.20
bind-utils	/usr/sbin/arpaname
bind-utils	/usr/sbin/arpaname-9.20
bind-utils	/usr/sbin/ddns-confgen
bind-utils	/usr/sbin/ddns-confgen-9.20
bind-utils	/usr/sbin/delv
bind-utils	/usr/sbin/delv-9.20
bind-utils	/usr/sbin/dig
bind-utils	/usr/sbin/dig-9.20
bind-utils	/usr/sbin/dnstap-read
bind-utils	/usr/sbin/dnstap-read-9.20
bind-utils	/usr/sbin/host
bind-utils	/usr/sbin/host-9.20
bind-utils	/usr/sbin/named-checkzone
bind-utils	/usr/sbin/named-checkzone-9.20
bind-utils	/usr/sbin/named-compilezone
bind-utils	/usr/sbin/named-compilezone-9.20
bind-utils	/usr/sbin/named-nzd2nzf
bind-utils	/usr/sbin/named-nzd2nzf-9.20
bind-utils	/usr/sbin/nsec3hash
bind-utils	/usr/sbin/nsec3hash-9.20
bind-utils	/usr/sbin/nslookup
bind-utils	/usr/sbin/nslookup-9.20
bind-utils	/usr/sbin/nsupdate
bind-utils	/usr/sbin/nsupdate-9.20
bind-utils	/usr/sbin/tsig-keygen
bind-utils	/usr/sbin/tsig-keygen-9.20
binutils	/usr/bin/addr2line
binutils	/usr/bin/ar
binutils	/usr/bin/as
binutils	/usr/bin/c++filt
binutils	/usr/bin/dwp
binutils	/usr/bin/elfedit
binutils	/usr/bin/gprof
binutils	/usr/bin/ld
binutils	/usr/bin/ld.bfd
binutils	/usr/bin/nm
binutils	/usr/bin/objcopy
binutils	/usr/bin/objdump
binutils	/usr/bin/ranlib
binutils	/usr/bin/readelf
binutils	/usr/bin/size
binutils	/usr/bin/strings
binutils	/usr/bin/strip
binutils	/usr/sbin/addr2line
binutils	/usr/sbin/ar
binutils	/usr/sbin/as
binutils	/usr/sbin/c++filt
binutils	/usr/sbin/dwp
binutils	/usr/sbin/elfedit
binutils	/usr/sbin/gprof
binutils	/usr/sbin/ld
binutils	/usr/sbin/ld.bfd
binutils	/usr/sbin/nm
binutils	/usr/sbin/objcopy
binutils	/usr/sbin/objdump
binutils	/usr/sbin/ranlib
binutils	/usr/sbin/readelf
binutils	/usr/sbin/size
binutils	/usr/sbin/strings
binutils	/usr/sbin/strip
bluez	/usr/bin/avinfo
bluez	/usr/bin/bluemoon
bluez	/usr/bin/bluetoothctl
bluez	/usr/bin/btattach
bluez	/usr/bin/btmgmt
bluez	/usr/bin/btmon
bluez	/usr/bin/hex2hcd
bluez	/usr/bin/mpris-proxy
bluez	/usr/lib/systemd/system/bluetooth.service
bluez	/usr/lib/systemd/user/mpris-proxy.service
bluez	/usr/sbin/avinfo
bluez	/usr/sbin/bluemoon
bluez	/usr/sbin/bluetoothctl
bluez	/usr/sbin/btattach
bluez	/usr/sbin/btmgmt
bluez	/usr/sbin/btmon
bluez	/usr/sbin/hex2hcd
bluez	/usr/sbin/mpris-proxy
bluez-obexd	/usr/lib/systemd/user/dbus-org.bluez.obex.service
bluez-obexd	/usr/lib/systemd/user/obex.service
bootc	/usr/bin/bootc
bootc	/usr/lib/systemd/system/bootc-destructive-cleanup.service
bootc	/usr/lib/systemd/system/bootc-fetch-apply-updates.service
bootc	/usr/lib/systemd/system/bootc-fetch-apply-updates.timer
bootc	/usr/lib/systemd/system/bootc-finalize-staged.service
bootc	/usr/lib/systemd/system/bootc-publish-rhsm-facts.service
bootc	/usr/lib/systemd/system/bootc-root-setup.service
bootc	/usr/lib/systemd/system/bootc-sysusers-shadow-sync.service
bootc	/usr/sbin/bootc
bootupd	/usr/bin/bootupctl
bootupd	/usr/lib/systemd/system/bootloader-update.service
bootupd	/usr/sbin/bootupctl
btrfs-progs	/usr/bin/btrfs
btrfs-progs	/usr/bin/btrfs-convert
btrfs-progs	/usr/bin/btrfs-find-root
btrfs-progs	/usr/bin/btrfs-image
btrfs-progs	/usr/bin/btrfs-map-logical
btrfs-progs	/usr/bin/btrfs-select-super
btrfs-progs	/usr/bin/btrfsck
btrfs-progs	/usr/bin/btrfstune
btrfs-progs	/usr/bin/fsck.btrfs
btrfs-progs	/usr/bin/mkfs.btrfs
btrfs-progs	/usr/sbin/btrfs
btrfs-progs	/usr/sbin/btrfs-convert
btrfs-progs	/usr/sbin/btrfs-find-root
btrfs-progs	/usr/sbin/btrfs-image
btrfs-progs	/usr/sbin/btrfs-map-logical
btrfs-progs	/usr/sbin/btrfs-select-super
btrfs-progs	/usr/sbin/btrfsck
btrfs-progs	/usr/sbin/btrfstune
btrfs-progs	/usr/sbin/fsck.btrfs
btrfs-progs	/usr/sbin/mkfs.btrfs
bubblewrap	/usr/bin/bwrap
bubblewrap	/usr/sbin/bwrap
ca-certificates	/usr/bin/ca-legacy
ca-certificates	/usr/bin/update-ca-trust
ca-certificates	/usr/sbin/ca-legacy
ca-certificates	/usr/sbin/update-ca-trust
checkpolicy	/usr/bin/checkmodule
checkpolicy	/usr/bin/checkpolicy
checkpolicy	/usr/bin/sedismod
checkpolicy	/usr/bin/sedispol
checkpolicy	/usr/sbin/checkmodule
checkpolicy	/usr/sbin/checkpolicy
checkpolicy	/usr/sbin/sedismod
checkpolicy	/usr/sbin/sedispol
chrony	/usr/bin/chronyc
chrony	/usr/bin/chronyd
chrony	/usr/lib/systemd/system/chrony-wait.service
chrony	/usr/lib/systemd/system/chronyd-restricted.service
chrony	/usr/lib/systemd/system/chronyd.service
chrony	/usr/sbin/chronyc
chrony	/usr/sbin/chronyd
cloud-utils-growpart	/usr/bin/growpart
cloud-utils-growpart	/usr/sbin/growpart
colord	/usr/bin/cd-create-profile
colord	/usr/bin/cd-fix-profile
colord	/usr/bin/cd-iccdump
colord	/usr/bin/cd-it8
colord	/usr/bin/colormgr
colord	/usr/lib/systemd/system/colord.service
colord	/usr/lib/systemd/user/colord-session.service
colord	/usr/sbin/cd-create-profile
colord	/usr/sbin/cd-fix-profile
colord	/usr/sbin/cd-iccdump
colord	/usr/sbin/cd-it8
colord	/usr/sbin/colormgr
composefs	/usr/bin/composefs-info
composefs	/usr/bin/mkcomposefs
composefs	/usr/bin/mount.composefs
composefs	/usr/sbin/composefs-info
composefs	/usr/sbin/mkcomposefs
composefs	/usr/sbin/mount.composefs
conmon	/usr/bin/conmon
conmon	/usr/sbin/conmon
containerd	/usr/bin/containerd
containerd	/usr/bin/containerd-shim-runc-v2
containerd	/usr/bin/containerd-stress
containerd	/usr/bin/ctr
containerd	/usr/lib/systemd/system/containerd.service
containerd	/usr/sbin/containerd
containerd	/usr/sbin/containerd-shim-runc-v2
containerd	/usr/sbin/containerd-stress
containerd	/usr/sbin/ctr
containernetworking-plugins	/usr/lib/systemd/system/cni-dhcp.service
containernetworking-plugins	/usr/lib/systemd/system/cni-dhcp.socket
coreutils-single	/usr/bin/[
coreutils-single	/usr/bin/arch
coreutils-single	/usr/bin/b2sum
coreutils-single	/usr/bin/base32
coreutils-single	/usr/bin/base64
coreutils-single	/usr/bin/basename
coreutils-single	/usr/bin/basenc
coreutils-single	/usr/bin/cat
coreutils-single	/usr/bin/chcon
coreutils-single	/usr/bin/chgrp
coreutils-single	/usr/bin/chmod
coreutils-single	/usr/bin/chown
coreutils-single	/usr/bin/chroot
coreutils-single	/usr/bin/cksum
coreutils-single	/usr/bin/comm
coreutils-single	/usr/bin/coreutils
coreutils-single	/usr/bin/cp
coreutils-single	/usr/bin/csplit
coreutils-single	/usr/bin/cut
coreutils-single	/usr/bin/date
coreutils-single	/usr/bin/dd
coreutils-single	/usr/bin/df
coreutils-single	/usr/bin/dir
coreutils-single	/usr/bin/dircolors
coreutils-single	/usr/bin/dirname
coreutils-single	/usr/bin/du
coreutils-single	/usr/bin/echo
coreutils-single	/usr/bin/env
coreutils-single	/usr/bin/expand
coreutils-single	/usr/bin/expr
coreutils-single	/usr/bin/factor
coreutils-single	/usr/bin/false
coreutils-single	/usr/bin/fmt
coreutils-single	/usr/bin/fold
coreutils-single	/usr/bin/groups
coreutils-single	/usr/bin/head
coreutils-single	/usr/bin/hostid
coreutils-single	/usr/bin/id
coreutils-single	/usr/bin/install
coreutils-single	/usr/bin/join
coreutils-single	/usr/bin/link
coreutils-single	/usr/bin/ln
coreutils-single	/usr/bin/logname
coreutils-single	/usr/bin/ls
coreutils-single	/usr/bin/md5sum
coreutils-single	/usr/bin/mkdir
coreutils-single	/usr/bin/mkfifo
coreutils-single	/usr/bin/mknod
coreutils-single	/usr/bin/mktemp
coreutils-single	/usr/bin/mv
coreutils-single	/usr/bin/nice
coreutils-single	/usr/bin/nl
coreutils-single	/usr/bin/nohup
coreutils-single	/usr/bin/nproc
coreutils-single	/usr/bin/numfmt
coreutils-single	/usr/bin/od
coreutils-single	/usr/bin/paste
coreutils-single	/usr/bin/pathchk
coreutils-single	/usr/bin/pinky
coreutils-single	/usr/bin/pr
coreutils-single	/usr/bin/printenv
coreutils-single	/usr/bin/printf
coreutils-single	/usr/bin/ptx
coreutils-single	/usr/bin/pwd
coreutils-single	/usr/bin/readlink
coreutils-single	/usr/bin/realpath
coreutils-single	/usr/bin/rm
coreutils-single	/usr/bin/rmdir
coreutils-single	/usr/bin/runcon
coreutils-single	/usr/bin/seq
coreutils-single	/usr/bin/sha1sum
coreutils-single	/usr/bin/sha224sum
coreutils-single	/usr/bin/sha256sum
coreutils-single	/usr/bin/sha384sum
coreutils-single	/usr/bin/sha512sum
coreutils-single	/usr/bin/shred
coreutils-single	/usr/bin/shuf
coreutils-single	/usr/bin/sleep
coreutils-single	/usr/bin/sort
coreutils-single	/usr/bin/split
coreutils-single	/usr/bin/stat
coreutils-single	/usr/bin/stdbuf
coreutils-single	/usr/bin/stty
coreutils-single	/usr/bin/sum
coreutils-single	/usr/bin/sync
coreutils-single	/usr/bin/tac
coreutils-single	/usr/bin/tail
coreutils-single	/usr/bin/tee
coreutils-single	/usr/bin/test
coreutils-single	/usr/bin/timeout
coreutils-single	/usr/bin/touch
coreutils-single	/usr/bin/tr
coreutils-single	/usr/bin/true
coreutils-single	/usr/bin/truncate
coreutils-single	/usr/bin/tsort
coreutils-single	/usr/bin/tty
coreutils-single	/usr/bin/uname
coreutils-single	/usr/bin/unexpand
coreutils-single	/usr/bin/uniq
coreutils-single	/usr/bin/unlink
coreutils-single	/usr/bin/users
coreutils-single	/usr/bin/vdir
coreutils-single	/usr/bin/wc
coreutils-single	/usr/bin/who
coreutils-single	/usr/bin/whoami
coreutils-single	/usr/bin/yes
coreutils-single	/usr/sbin/[
coreutils-single	/usr/sbin/arch
coreutils-single	/usr/sbin/b2sum
coreutils-single	/usr/sbin/base32
coreutils-single	/usr/sbin/base64
coreutils-single	/usr/sbin/basename
coreutils-single	/usr/sbin/basenc
coreutils-single	/usr/sbin/cat
coreutils-single	/usr/sbin/chcon
coreutils-single	/usr/sbin/chgrp
coreutils-single	/usr/sbin/chmod
coreutils-single	/usr/sbin/chown
coreutils-single	/usr/sbin/chroot
coreutils-single	/usr/sbin/cksum
coreutils-single	/usr/sbin/comm
coreutils-single	/usr/sbin/coreutils
coreutils-single	/usr/sbin/cp
coreutils-single	/usr/sbin/csplit
coreutils-single	/usr/sbin/cut
coreutils-single	/usr/sbin/date
coreutils-single	/usr/sbin/dd
coreutils-single	/usr/sbin/df
coreutils-single	/usr/sbin/dir
coreutils-single	/usr/sbin/dircolors
coreutils-single	/usr/sbin/dirname
coreutils-single	/usr/sbin/du
coreutils-single	/usr/sbin/echo
coreutils-single	/usr/sbin/env
coreutils-single	/usr/sbin/expand
coreutils-single	/usr/sbin/expr
coreutils-single	/usr/sbin/factor
coreutils-single	/usr/sbin/false
coreutils-single	/usr/sbin/fmt
coreutils-single	/usr/sbin/fold
coreutils-single	/usr/sbin/groups
coreutils-single	/usr/sbin/head
coreutils-single	/usr/sbin/hostid
coreutils-single	/usr/sbin/id
coreutils-single	/usr/sbin/install
coreutils-single	/usr/sbin/join
coreutils-single	/usr/sbin/link
coreutils-single	/usr/sbin/ln
coreutils-single	/usr/sbin/logname
coreutils-single	/usr/sbin/ls
coreutils-single	/usr/sbin/md5sum
coreutils-single	/usr/sbin/mkdir
coreutils-single	/usr/sbin/mkfifo
coreutils-single	/usr/sbin/mknod
coreutils-single	/usr/sbin/mktemp
coreutils-single	/usr/sbin/mv
coreutils-single	/usr/sbin/nice
coreutils-single	/usr/sbin/nl
coreutils-single	/usr/sbin/nohup
coreutils-single	/usr/sbin/nproc
coreutils-single	/usr/sbin/numfmt
coreutils-single	/usr/sbin/od
coreutils-single	/usr/sbin/paste
coreutils-single	/usr/sbin/pathchk
coreutils-single	/usr/sbin/pinky
coreutils-single	/usr/sbin/pr
coreutils-single	/usr/sbin/printenv
coreutils-single	/usr/sbin/printf
coreutils-single	/usr/sbin/ptx
coreutils-single	/usr/sbin/pwd
coreutils-single	/usr/sbin/readlink
coreutils-single	/usr/sbin/realpath
coreutils-single	/usr/sbin/rm
coreutils-single	/usr/sbin/rmdir
coreutils-single	/usr/sbin/runcon
coreutils-single	/usr/sbin/seq
coreutils-single	/usr/sbin/sha1sum
coreutils-single	/usr/sbin/sha224sum
coreutils-single	/usr/sbin/sha256sum
coreutils-single	/usr/sbin/sha384sum
coreutils-single	/usr/sbin/sha512sum
coreutils-single	/usr/sbin/shred
coreutils-single	/usr/sbin/shuf
coreutils-single	/usr/sbin/sleep
coreutils-single	/usr/sbin/sort
coreutils-single	/usr/sbin/split
coreutils-single	/usr/sbin/stat
coreutils-single	/usr/sbin/stdbuf
coreutils-single	/usr/sbin/stty
coreutils-single	/usr/sbin/sum
coreutils-single	/usr/sbin/sync
coreutils-single	/usr/sbin/tac
coreutils-single	/usr/sbin/tail
coreutils-single	/usr/sbin/tee
coreutils-single	/usr/sbin/test
coreutils-single	/usr/sbin/timeout
coreutils-single	/usr/sbin/touch
coreutils-single	/usr/sbin/tr
coreutils-single	/usr/sbin/true
coreutils-single	/usr/sbin/truncate
coreutils-single	/usr/sbin/tsort
coreutils-single	/usr/sbin/tty
coreutils-single	/usr/sbin/uname
coreutils-single	/usr/sbin/unexpand
coreutils-single	/usr/sbin/uniq
coreutils-single	/usr/sbin/unlink
coreutils-single	/usr/sbin/users
coreutils-single	/usr/sbin/vdir
coreutils-single	/usr/sbin/wc
coreutils-single	/usr/sbin/who
coreutils-single	/usr/sbin/whoami
coreutils-single	/usr/sbin/yes
cpio	/usr/bin/cpio
cpio	/usr/sbin/cpio
cpp	/usr/bin/cpp
cpp	/usr/sbin/cpp
cracklib	/usr/bin/cracklib-check
cracklib	/usr/bin/cracklib-format
cracklib	/usr/bin/cracklib-packer
cracklib	/usr/bin/cracklib-unpacker
cracklib	/usr/bin/cracklib-update
cracklib	/usr/bin/create-cracklib-dict
cracklib	/usr/sbin/cracklib-check
cracklib	/usr/sbin/cracklib-format
cracklib	/usr/sbin/cracklib-packer
cracklib	/usr/sbin/cracklib-unpacker
cracklib	/usr/sbin/cracklib-update
cracklib	/usr/sbin/create-cracklib-dict
crun	/usr/bin/crun
crun	/usr/sbin/crun
crypto-policies	/usr/lib/systemd/system/fips-crypto-policy-overlay.service
crypto-policies-scripts	/usr/bin/update-crypto-policies
crypto-policies-scripts	/usr/sbin/update-crypto-policies
cryptsetup	/usr/bin/cryptsetup
cryptsetup	/usr/sbin/cryptsetup
curl	/usr/bin/curl
curl	/usr/sbin/curl
cyrus-sasl-lib	/usr/bin/cyrusbdb2current
cyrus-sasl-lib	/usr/bin/sasldblistusers2
cyrus-sasl-lib	/usr/bin/saslpasswd2
cyrus-sasl-lib	/usr/sbin/cyrusbdb2current
cyrus-sasl-lib	/usr/sbin/sasldblistusers2
cyrus-sasl-lib	/usr/sbin/saslpasswd2
dbus-broker	/usr/bin/dbus-broker
dbus-broker	/usr/bin/dbus-broker-launch
dbus-broker	/usr/lib/systemd/system/dbus-broker.service
dbus-broker	/usr/lib/systemd/user/dbus-broker.service
dbus-broker	/usr/sbin/dbus-broker
dbus-broker	/usr/sbin/dbus-broker-launch
dbus-common	/usr/lib/systemd/system/dbus.socket
dbus-common	/usr/lib/systemd/user/dbus.socket
dbus-tools	/usr/bin/dbus-monitor
dbus-tools	/usr/bin/dbus-send
dbus-tools	/usr/bin/dbus-update-activation-environment
dbus-tools	/usr/bin/dbus-uuidgen
dbus-tools	/usr/sbin/dbus-monitor
dbus-tools	/usr/sbin/dbus-send
dbus-tools	/usr/sbin/dbus-update-activation-environment
dbus-tools	/usr/sbin/dbus-uuidgen
dconf	/usr/bin/dconf
dconf	/usr/lib/systemd/user/dconf.service
dconf	/usr/sbin/dconf
ddcutil	/usr/bin/ddcutil
ddcutil	/usr/sbin/ddcutil
device-mapper	/usr/bin/blkdeactivate
device-mapper	/usr/bin/dmfilemapd
device-mapper	/usr/bin/dmsetup
device-mapper	/usr/bin/dmstats
device-mapper	/usr/bin/dmvdostats
device-mapper	/usr/sbin/blkdeactivate
device-mapper	/usr/sbin/dmfilemapd
device-mapper	/usr/sbin/dmsetup
device-mapper	/usr/sbin/dmstats
device-mapper	/usr/sbin/dmvdostats
device-mapper-event	/usr/bin/dmeventd
device-mapper-event	/usr/lib/systemd/system/dm-event.service
device-mapper-event	/usr/lib/systemd/system/dm-event.socket
device-mapper-event	/usr/sbin/dmeventd
device-mapper-persistent-data	/usr/bin/cache_check
device-mapper-persistent-data	/usr/bin/cache_dump
device-mapper-persistent-data	/usr/bin/cache_metadata_size
device-mapper-persistent-data	/usr/bin/cache_repair
device-mapper-persistent-data	/usr/bin/cache_restore
device-mapper-persistent-data	/usr/bin/cache_writeback
device-mapper-persistent-data	/usr/bin/era_check
device-mapper-persistent-data	/usr/bin/era_dump
device-mapper-persistent-data	/usr/bin/era_invalidate
device-mapper-persistent-data	/usr/bin/era_restore
device-mapper-persistent-data	/usr/bin/pdata_tools
device-mapper-persistent-data	/usr/bin/thin_check
device-mapper-persistent-data	/usr/bin/thin_delta
device-mapper-persistent-data	/usr/bin/thin_dump
device-mapper-persistent-data	/usr/bin/thin_ls
device-mapper-persistent-data	/usr/bin/thin_metadata_pack
device-mapper-persistent-data	/usr/bin/thin_metadata_size
device-mapper-persistent-data	/usr/bin/thin_metadata_unpack
device-mapper-persistent-data	/usr/bin/thin_migrate
device-mapper-persistent-data	/usr/bin/thin_repair
device-mapper-persistent-data	/usr/bin/thin_restore
device-mapper-persistent-data	/usr/bin/thin_rmap
device-mapper-persistent-data	/usr/bin/thin_trim
device-mapper-persistent-data	/usr/sbin/cache_check
device-mapper-persistent-data	/usr/sbin/cache_dump
device-mapper-persistent-data	/usr/sbin/cache_metadata_size
device-mapper-persistent-data	/usr/sbin/cache_repair
device-mapper-persistent-data	/usr/sbin/cache_restore
device-mapper-persistent-data	/usr/sbin/cache_writeback
device-mapper-persistent-data	/usr/sbin/era_check
device-mapper-persistent-data	/usr/sbin/era_dump
device-mapper-persistent-data	/usr/sbin/era_invalidate
device-mapper-persistent-data	/usr/sbin/era_restore
device-mapper-persistent-data	/usr/sbin/pdata_tools
device-mapper-persistent-data	/usr/sbin/thin_check
device-mapper-persistent-data	/usr/sbin/thin_delta
device-mapper-persistent-data	/usr/sbin/thin_dump
device-mapper-persistent-data	/usr/sbin/thin_ls
device-mapper-persistent-data	/usr/sbin/thin_metadata_pack
device-mapper-persistent-data	/usr/sbin/thin_metadata_size
device-mapper-persistent-data	/usr/sbin/thin_metadata_unpack
device-mapper-persistent-data	/usr/sbin/thin_migrate
device-mapper-persistent-data	/usr/sbin/thin_repair
device-mapper-persistent-data	/usr/sbin/thin_restore
device-mapper-persistent-data	/usr/sbin/thin_rmap
device-mapper-persistent-data	/usr/sbin/thin_trim
diffutils	/usr/bin/cmp
diffutils	/usr/bin/diff
diffutils	/usr/bin/diff3
diffutils	/usr/bin/sdiff
diffutils	/usr/sbin/cmp
diffutils	/usr/sbin/diff
diffutils	/usr/sbin/diff3
diffutils	/usr/sbin/sdiff
distrobox	/usr/bin/distrobox
distrobox	/usr/bin/distrobox-assemble
distrobox	/usr/bin/distrobox-create
distrobox	/usr/bin/distrobox-enter
distrobox	/usr/bin/distrobox-ephemeral
distrobox	/usr/bin/distrobox-export
distrobox	/usr/bin/distrobox-generate-entry
distrobox	/usr/bin/distrobox-host-exec
distrobox	/usr/bin/distrobox-init
distrobox	/usr/bin/distrobox-list
distrobox	/usr/bin/distrobox-rm
distrobox	/usr/bin/distrobox-stop
distrobox	/usr/bin/distrobox-upgrade
distrobox	/usr/sbin/distrobox
distrobox	/usr/sbin/distrobox-assemble
distrobox	/usr/sbin/distrobox-create
distrobox	/usr/sbin/distrobox-enter
distrobox	/usr/sbin/distrobox-ephemeral
distrobox	/usr/sbin/distrobox-export
distrobox	/usr/sbin/distrobox-generate-entry
distrobox	/usr/sbin/distrobox-host-exec
distrobox	/usr/sbin/distrobox-init
distrobox	/usr/sbin/distrobox-list
distrobox	/usr/sbin/distrobox-rm
distrobox	/usr/sbin/distrobox-stop
distrobox	/usr/sbin/distrobox-upgrade
dnf5	/usr/bin/dnf
dnf5	/usr/bin/dnf5
dnf5	/usr/bin/microdnf
dnf5	/usr/bin/yum
dnf5	/usr/lib/systemd/system/dnf-makecache.service
dnf5	/usr/lib/systemd/system/dnf-makecache.timer
dnf5	/usr/lib/systemd/system/dnf5-makecache.service
dnf5	/usr/lib/systemd/system/dnf5-makecache.timer
dnf5	/usr/lib/systemd/system/dnf5-offline-transaction-cleanup.service
dnf5	/usr/lib/systemd/system/dnf5-offline-transaction.service
dnf5	/usr/sbin/dnf
dnf5	/usr/sbin/dnf5
dnf5	/usr/sbin/microdnf
dnf5	/usr/sbin/yum
dosfstools	/usr/bin/dosfsck
dosfstools	/usr/bin/dosfslabel
dosfstools	/usr/bin/fatlabel
dosfstools	/usr/bin/fsck.fat
dosfstools	/usr/bin/fsck.msdos
dosfstools	/usr/bin/fsck.vfat
dosfstools	/usr/bin/mkdosfs
dosfstools	/usr/bin/mkfs.fat
dosfstools	/usr/bin/mkfs.msdos
dosfstools	/usr/bin/mkfs.vfat
dosfstools	/usr/sbin/dosfsck
dosfstools	/usr/sbin/dosfslabel
dosfstools	/usr/sbin/fatlabel
dosfstools	/usr/sbin/fsck.fat
dosfstools	/usr/sbin/fsck.msdos
dosfstools	/usr/sbin/fsck.vfat
dosfstools	/usr/sbin/mkdosfs
dosfstools	/usr/sbin/mkfs.fat
dosfstools	/usr/sbin/mkfs.msdos
dosfstools	/usr/sbin/mkfs.vfat
dracut	/usr/bin/dracut
dracut	/usr/bin/lsinitrd
dracut	/usr/lib/systemd/system/dracut-cmdline.service
dracut	/usr/lib/systemd/system/dracut-initqueue.service
dracut	/usr/lib/systemd/system/dracut-mount.service
dracut	/usr/lib/systemd/system/dracut-pre-mount.service
dracut	/usr/lib/systemd/system/dracut-pre-pivot.service
dracut	/usr/lib/systemd/system/dracut-pre-trigger.service
dracut	/usr/lib/systemd/system/dracut-pre-udev.service
dracut	/usr/lib/systemd/system/dracut-shutdown-onfailure.service
dracut	/usr/lib/systemd/system/dracut-shutdown.service
dracut	/usr/sbin/dracut
dracut	/usr/sbin/lsinitrd
e2fsprogs	/usr/bin/badblocks
e2fsprogs	/usr/bin/chattr
e2fsprogs	/usr/bin/debugfs
e2fsprogs	/usr/bin/dumpe2fs
e2fsprogs	/usr/bin/e2freefrag
e2fsprogs	/usr/bin/e2fsck
e2fsprogs	/usr/bin/e2image
e2fsprogs	/usr/bin/e2label
e2fsprogs	/usr/bin/e2mmpstatus
e2fsprogs	/usr/bin/e2undo
e2fsprogs	/usr/bin/e4crypt
e2fsprogs	/usr/bin/e4defrag
e2fsprogs	/usr/bin/filefrag
e2fsprogs	/usr/bin/fsck.ext2
e2fsprogs	/usr/bin/fsck.ext3
e2fsprogs	/usr/bin/fsck.ext4
e2fsprogs	/usr/bin/fuse2fs
e2fsprogs	/usr/bin/logsave
e2fsprogs	/usr/bin/lsattr
e2fsprogs	/usr/bin/mke2fs
e2fsprogs	/usr/bin/mkfs.ext2
e2fsprogs	/usr/bin/mkfs.ext3
e2fsprogs	/usr/bin/mkfs.ext4
e2fsprogs	/usr/bin/mklost+found
e2fsprogs	/usr/bin/resize2fs
e2fsprogs	/usr/bin/tune2fs
e2fsprogs	/usr/sbin/badblocks
e2fsprogs	/usr/sbin/chattr
e2fsprogs	/usr/sbin/debugfs
e2fsprogs	/usr/sbin/dumpe2fs
e2fsprogs	/usr/sbin/e2freefrag
e2fsprogs	/usr/sbin/e2fsck
e2fsprogs	/usr/sbin/e2image
e2fsprogs	/usr/sbin/e2label
e2fsprogs	/usr/sbin/e2mmpstatus
e2fsprogs	/usr/sbin/e2undo
e2fsprogs	/usr/sbin/e4crypt
e2fsprogs	/usr/sbin/e4defrag
e2fsprogs	/usr/sbin/filefrag
e2fsprogs	/usr/sbin/fsck.ext2
e2fsprogs	/usr/sbin/fsck.ext3
e2fsprogs	/usr/sbin/fsck.ext4
e2fsprogs	/usr/sbin/fuse2fs
e2fsprogs	/usr/sbin/logsave
e2fsprogs	/usr/sbin/lsattr
e2fsprogs	/usr/sbin/mke2fs
e2fsprogs	/usr/sbin/mkfs.ext2
e2fsprogs	/usr/sbin/mkfs.ext3
e2fsprogs	/usr/sbin/mkfs.ext4
e2fsprogs	/usr/sbin/mklost+found
e2fsprogs	/usr/sbin/resize2fs
e2fsprogs	/usr/sbin/tune2fs
efibootmgr	/usr/bin/efibootdump
efibootmgr	/usr/bin/efibootmgr
efibootmgr	/usr/sbin/efibootdump
efibootmgr	/usr/sbin/efibootmgr
elfutils-debuginfod-client	/usr/bin/debuginfod-find
elfutils-debuginfod-client	/usr/sbin/debuginfod-find
enchant2	/usr/bin/enchant-2
enchant2	/usr/bin/enchant-lsmod-2
enchant2	/usr/sbin/enchant-2
enchant2	/usr/sbin/enchant-lsmod-2
evolution-data-server	/etc/xdg/autostart/org.gnome.Evolution-alarm-notify.desktop
evolution-data-server	/usr/lib/systemd/user/evolution-addressbook-factory.service
evolution-data-server	/usr/lib/systemd/user/evolution-alarm-notify.service
evolution-data-server	/usr/lib/systemd/user/evolution-calendar-factory.service
evolution-data-server	/usr/lib/systemd/user/evolution-source-registry.service
evolution-data-server	/usr/lib/systemd/user/evolution-user-prompter.service
evolution-data-server	/usr/share/applications/org.gnome.Evolution-alarm-notify.desktop
evolution-data-server	/usr/share/applications/org.gnome.evolution-data-server.OAuth2-handler.desktop
evtest	/usr/bin/evtest
evtest	/usr/sbin/evtest
expat	/usr/bin/xmlwf
expat	/usr/sbin/xmlwf
fastfetch	/usr/bin/fastfetch
fastfetch	/usr/sbin/fastfetch
file	/usr/bin/file
file	/usr/sbin/file
findutils	/usr/bin/find
findutils	/usr/bin/xargs
findutils	/usr/sbin/find
findutils	/usr/sbin/xargs
firewall-config	/usr/bin/firewall-config
firewall-config	/usr/sbin/firewall-config
firewall-config	/usr/share/applications/firewall-config.desktop
firewalld	/usr/bin/firewall-cmd
firewalld	/usr/bin/firewall-offline-cmd
firewalld	/usr/bin/firewalld
firewalld	/usr/lib/systemd/system/firewalld.service
firewalld	/usr/sbin/firewall-cmd
firewalld	/usr/sbin/firewall-offline-cmd
firewalld	/usr/sbin/firewalld
flatpak	/usr/bin/flatpak
flatpak	/usr/bin/flatpak-bisect
flatpak	/usr/bin/flatpak-coredumpctl
flatpak	/usr/lib/systemd/system/flatpak-add-fedora-repos.service
flatpak	/usr/lib/systemd/system/flatpak-system-helper.service
flatpak	/usr/lib/systemd/user/flatpak-oci-authenticator.service
flatpak	/usr/lib/systemd/user/flatpak-portal.service
flatpak	/usr/sbin/flatpak
flatpak	/usr/sbin/flatpak-bisect
flatpak	/usr/sbin/flatpak-coredumpctl
flatpak-session-helper	/usr/lib/systemd/user/flatpak-session-helper.service
flatpak-spawn	/usr/bin/flatpak-spawn
flatpak-spawn	/usr/sbin/flatpak-spawn
flite	/usr/bin/flite
flite	/usr/bin/flite_cmu_time_awb
flite	/usr/bin/flite_cmu_us_awb
flite	/usr/bin/flite_cmu_us_kal
flite	/usr/bin/flite_cmu_us_kal16
flite	/usr/bin/flite_cmu_us_rms
flite	/usr/bin/flite_cmu_us_slt
flite	/usr/bin/flite_time
flite	/usr/sbin/flite
flite	/usr/sbin/flite_cmu_time_awb
flite	/usr/sbin/flite_cmu_us_awb
flite	/usr/sbin/flite_cmu_us_kal
flite	/usr/sbin/flite_cmu_us_kal16
flite	/usr/sbin/flite_cmu_us_rms
flite	/usr/sbin/flite_cmu_us_slt
flite	/usr/sbin/flite_time
fontconfig	/usr/bin/fc-cache
fontconfig	/usr/bin/fc-cache-64
fontconfig	/usr/bin/fc-cat
fontconfig	/usr/bin/fc-conflist
fontconfig	/usr/bin/fc-genconf
fontconfig	/usr/bin/fc-list
fontconfig	/usr/bin/fc-match
fontconfig	/usr/bin/fc-pattern
fontconfig	/usr/bin/fc-query
fontconfig	/usr/bin/fc-scan
fontconfig	/usr/bin/fc-validate
fontconfig	/usr/sbin/fc-cache
fontconfig	/usr/sbin/fc-cache-64
fontconfig	/usr/sbin/fc-cat
fontconfig	/usr/sbin/fc-conflist
fontconfig	/usr/sbin/fc-genconf
fontconfig	/usr/sbin/fc-list
fontconfig	/usr/sbin/fc-match
fontconfig	/usr/sbin/fc-pattern
fontconfig	/usr/sbin/fc-query
fontconfig	/usr/sbin/fc-scan
fontconfig	/usr/sbin/fc-validate
fribidi	/usr/bin/fribidi
fribidi	/usr/sbin/fribidi
fuse	/usr/bin/fusermount
fuse	/usr/bin/mount.fuse
fuse	/usr/bin/ulockmgr_server
fuse	/usr/sbin/fusermount
fuse	/usr/sbin/mount.fuse
fuse	/usr/sbin/ulockmgr_server
fuse-overlayfs	/usr/bin/fuse-overlayfs
fuse-overlayfs	/usr/sbin/fuse-overlayfs
fuse3	/usr/bin/fusermount3
fuse3	/usr/bin/mount.fuse3
fuse3	/usr/sbin/fusermount3
fuse3	/usr/sbin/mount.fuse3
fwupd	/usr/bin/dbxtool
fwupd	/usr/bin/fwupdmgr
fwupd	/usr/bin/fwupdtool
fwupd	/usr/lib/systemd/system/fwupd-refresh.service
fwupd	/usr/lib/systemd/system/fwupd-refresh.timer
fwupd	/usr/lib/systemd/system/fwupd.service
fwupd	/usr/sbin/dbxtool
fwupd	/usr/sbin/fwupdmgr
fwupd	/usr/sbin/fwupdtool
fxload	/usr/bin/fxload
fxload	/usr/sbin/fxload
fzf	/usr/bin/fzf
fzf	/usr/bin/fzf-tmux
fzf	/usr/sbin/fzf
fzf	/usr/sbin/fzf-tmux
gawk	/usr/bin/awk
gawk	/usr/bin/gawk
gawk	/usr/bin/gawkbug
gawk	/usr/sbin/awk
gawk	/usr/sbin/gawk
gawk	/usr/sbin/gawkbug
gcc	/usr/bin/c89
gcc	/usr/bin/c99
gcc	/usr/bin/cc
gcc	/usr/bin/gcc
gcc	/usr/bin/gcc-ar
gcc	/usr/bin/gcc-nm
gcc	/usr/bin/gcc-ranlib
gcc	/usr/bin/gcov
gcc	/usr/bin/gcov-dump
gcc	/usr/bin/gcov-tool
gcc	/usr/bin/lto-dump
gcc	/usr/bin/x86_64-redhat-linux-gcc
gcc	/usr/bin/x86_64-redhat-linux-gcc-16
gcc	/usr/sbin/c89
gcc	/usr/sbin/c99
gcc	/usr/sbin/cc
gcc	/usr/sbin/gcc
gcc	/usr/sbin/gcc-ar
gcc	/usr/sbin/gcc-nm
gcc	/usr/sbin/gcc-ranlib
gcc	/usr/sbin/gcov
gcc	/usr/sbin/gcov-dump
gcc	/usr/sbin/gcov-tool
gcc	/usr/sbin/lto-dump
gcc	/usr/sbin/x86_64-redhat-linux-gcc
gcc	/usr/sbin/x86_64-redhat-linux-gcc-16
gcc-c++	/usr/bin/c++
gcc-c++	/usr/bin/g++
gcc-c++	/usr/bin/x86_64-redhat-linux-c++
gcc-c++	/usr/bin/x86_64-redhat-linux-g++
gcc-c++	/usr/sbin/c++
gcc-c++	/usr/sbin/g++
gcc-c++	/usr/sbin/x86_64-redhat-linux-c++
gcc-c++	/usr/sbin/x86_64-redhat-linux-g++
gcr	/usr/bin/gcr-viewer-gtk4
gcr	/usr/lib/systemd/user/gcr-ssh-agent.service
gcr	/usr/lib/systemd/user/gcr-ssh-agent.socket
gcr	/usr/sbin/gcr-viewer-gtk4
gcr3	/usr/bin/gcr-viewer
gcr3	/usr/sbin/gcr-viewer
gcr3	/usr/share/applications/gcr-prompter.desktop
gcr3	/usr/share/applications/gcr-viewer.desktop
gdk-pixbuf2	/usr/bin/gdk-pixbuf-query-loaders-64
gdk-pixbuf2	/usr/sbin/gdk-pixbuf-query-loaders-64
gdm	/usr/bin/gdm
gdm	/usr/bin/gdm-config
gdm	/usr/lib/systemd/system/gdm.service
gdm	/usr/lib/systemd/system/gnome-headless-session@.service
gdm	/usr/sbin/gdm
gdm	/usr/sbin/gdm-config
gdm	/usr/share/gnome-session/sessions/gnome-login.session
geoclue2	/etc/xdg/autostart/geoclue-demo-agent.desktop
geoclue2	/usr/lib/systemd/system/geoclue.service
geoclue2	/usr/share/applications/geoclue-demo-agent.desktop
gettext	/usr/bin/msgattrib
gettext	/usr/bin/msgcat
gettext	/usr/bin/msgcmp
gettext	/usr/bin/msgcomm
gettext	/usr/bin/msgconv
gettext	/usr/bin/msgen
gettext	/usr/bin/msgexec
gettext	/usr/bin/msgfilter
gettext	/usr/bin/msgfmt
gettext	/usr/bin/msggrep
gettext	/usr/bin/msginit
gettext	/usr/bin/msgmerge
gettext	/usr/bin/msgpre
gettext	/usr/bin/msgunfmt
gettext	/usr/bin/msguniq
gettext	/usr/bin/po-fetch
gettext	/usr/bin/recode-sr-latin
gettext	/usr/bin/spit
gettext	/usr/bin/xgettext
gettext	/usr/sbin/msgattrib
gettext	/usr/sbin/msgcat
gettext	/usr/sbin/msgcmp
gettext	/usr/sbin/msgcomm
gettext	/usr/sbin/msgconv
gettext	/usr/sbin/msgen
gettext	/usr/sbin/msgexec
gettext	/usr/sbin/msgfilter
gettext	/usr/sbin/msgfmt
gettext	/usr/sbin/msggrep
gettext	/usr/sbin/msginit
gettext	/usr/sbin/msgmerge
gettext	/usr/sbin/msgpre
gettext	/usr/sbin/msgunfmt
gettext	/usr/sbin/msguniq
gettext	/usr/sbin/po-fetch
gettext	/usr/sbin/recode-sr-latin
gettext	/usr/sbin/spit
gettext	/usr/sbin/xgettext
gettext-envsubst	/usr/bin/envsubst
gettext-envsubst	/usr/sbin/envsubst
gettext-runtime	/usr/bin/gettext
gettext-runtime	/usr/bin/gettext.sh
gettext-runtime	/usr/bin/ngettext
gettext-runtime	/usr/bin/printf_gettext
gettext-runtime	/usr/bin/printf_ngettext
gettext-runtime	/usr/sbin/gettext
gettext-runtime	/usr/sbin/gettext.sh
gettext-runtime	/usr/sbin/ngettext
gettext-runtime	/usr/sbin/printf_gettext
gettext-runtime	/usr/sbin/printf_ngettext
git-core	/usr/bin/git
git-core	/usr/bin/git-receive-pack
git-core	/usr/bin/git-shell
git-core	/usr/bin/git-upload-archive
git-core	/usr/bin/git-upload-pack
git-core	/usr/bin/scalar
git-core	/usr/sbin/git
git-core	/usr/sbin/git-receive-pack
git-core	/usr/sbin/git-shell
git-core	/usr/sbin/git-upload-archive
git-core	/usr/sbin/git-upload-pack
git-core	/usr/sbin/scalar
gjs	/usr/bin/gjs
gjs	/usr/bin/gjs-console
gjs	/usr/sbin/gjs
gjs	/usr/sbin/gjs-console
glib-networking	/usr/lib/systemd/user/glib-pacrunner.service
glib2	/usr/bin/gapplication
glib2	/usr/bin/gdbus
glib2	/usr/bin/gio
glib2	/usr/bin/gio-querymodules-64
glib2	/usr/bin/glib-compile-schemas
glib2	/usr/bin/gsettings
glib2	/usr/sbin/gapplication
glib2	/usr/sbin/gdbus
glib2	/usr/sbin/gio
glib2	/usr/sbin/gio-querymodules-64
glib2	/usr/sbin/glib-compile-schemas
glib2	/usr/sbin/gsettings
glibc	/usr/bin/iconvconfig
glibc	/usr/bin/ldconfig
glibc	/usr/sbin/iconvconfig
glibc	/usr/sbin/ldconfig
glibc-common	/usr/bin/gencat
glibc-common	/usr/bin/getconf
glibc-common	/usr/bin/getent
glibc-common	/usr/bin/iconv
glibc-common	/usr/bin/ld.so
glibc-common	/usr/bin/ldd
glibc-common	/usr/bin/locale
glibc-common	/usr/bin/localedef
glibc-common	/usr/bin/pldd
glibc-common	/usr/bin/sotruss
glibc-common	/usr/bin/sprof
glibc-common	/usr/bin/tzselect
glibc-common	/usr/bin/zdump
glibc-common	/usr/bin/zic
glibc-common	/usr/sbin/gencat
glibc-common	/usr/sbin/getconf
glibc-common	/usr/sbin/getent
glibc-common	/usr/sbin/iconv
glibc-common	/usr/sbin/ld.so
glibc-common	/usr/sbin/ldd
glibc-common	/usr/sbin/locale
glibc-common	/usr/sbin/localedef
glibc-common	/usr/sbin/pldd
glibc-common	/usr/sbin/sotruss
glibc-common	/usr/sbin/sprof
glibc-common	/usr/sbin/tzselect
glibc-common	/usr/sbin/zdump
glibc-common	/usr/sbin/zic
glx-utils	/usr/bin/glxgears
glx-utils	/usr/bin/glxinfo
glx-utils	/usr/bin/glxinfo64
glx-utils	/usr/sbin/glxgears
glx-utils	/usr/sbin/glxinfo
glx-utils	/usr/sbin/glxinfo64
gnome-bluetooth	/usr/bin/bluetooth-sendto
gnome-bluetooth	/usr/sbin/bluetooth-sendto
gnome-bluetooth	/usr/share/applications/bluetooth-sendto.desktop
gnome-control-center	/usr/bin/gnome-control-center
gnome-control-center	/usr/sbin/gnome-control-center
gnome-control-center	/usr/share/applications/gnome-about-panel.desktop
gnome-control-center	/usr/share/applications/gnome-applications-panel.desktop
gnome-control-center	/usr/share/applications/gnome-background-panel.desktop
gnome-control-center	/usr/share/applications/gnome-bluetooth-panel.desktop
gnome-control-center	/usr/share/applications/gnome-color-panel.desktop
gnome-control-center	/usr/share/applications/gnome-datetime-panel.desktop
gnome-control-center	/usr/share/applications/gnome-display-panel.desktop
gnome-control-center	/usr/share/applications/gnome-keyboard-panel.desktop
gnome-control-center	/usr/share/applications/gnome-mouse-panel.desktop
gnome-control-center	/usr/share/applications/gnome-multitasking-panel.desktop
gnome-control-center	/usr/share/applications/gnome-network-panel.desktop
gnome-control-center	/usr/share/applications/gnome-notifications-panel.desktop
gnome-control-center	/usr/share/applications/gnome-online-accounts-panel.desktop
gnome-control-center	/usr/share/applications/gnome-power-panel.desktop
gnome-control-center	/usr/share/applications/gnome-printers-panel.desktop
gnome-control-center	/usr/share/applications/gnome-privacy-panel.desktop
gnome-control-center	/usr/share/applications/gnome-region-panel.desktop
gnome-control-center	/usr/share/applications/gnome-search-panel.desktop
gnome-control-center	/usr/share/applications/gnome-sharing-panel.desktop
gnome-control-center	/usr/share/applications/gnome-sound-panel.desktop
gnome-control-center	/usr/share/applications/gnome-system-panel.desktop
gnome-control-center	/usr/share/applications/gnome-universal-access-panel.desktop
gnome-control-center	/usr/share/applications/gnome-users-panel.desktop
gnome-control-center	/usr/share/applications/gnome-wacom-panel.desktop
gnome-control-center	/usr/share/applications/gnome-wellbeing-panel.desktop
gnome-control-center	/usr/share/applications/gnome-wifi-panel.desktop
gnome-control-center	/usr/share/applications/gnome-wwan-panel.desktop
gnome-control-center	/usr/share/applications/org.gnome.Settings.desktop
gnome-keyring	/etc/xdg/autostart/gnome-keyring-pkcs11.desktop
gnome-keyring	/etc/xdg/autostart/gnome-keyring-secrets.desktop
gnome-keyring	/etc/xdg/autostart/gnome-keyring-ssh.desktop
gnome-keyring	/usr/bin/gnome-keyring
gnome-keyring	/usr/bin/gnome-keyring-3
gnome-keyring	/usr/bin/gnome-keyring-daemon
gnome-keyring	/usr/lib/systemd/user/gnome-keyring-daemon.service
gnome-keyring	/usr/lib/systemd/user/gnome-keyring-daemon.socket
gnome-keyring	/usr/sbin/gnome-keyring
gnome-keyring	/usr/sbin/gnome-keyring-3
gnome-keyring	/usr/sbin/gnome-keyring-daemon
gnome-online-accounts	/usr/share/applications/org.gnome.OnlineAccounts.OAuth2.desktop
gnome-online-accounts	/usr/share/applications/org.gnome.goa-daemon.desktop
gnome-ponytail-daemon	/usr/lib/systemd/user/gnome-ponytail-daemon.service
gnome-session	/usr/bin/gnome-session
gnome-session	/usr/bin/gnome-session-inhibit
gnome-session	/usr/bin/gnome-session-quit
gnome-session	/usr/lib/systemd/user/gnome-session-manager@.service
gnome-session	/usr/lib/systemd/user/gnome-session-monitor.service
gnome-session	/usr/lib/systemd/user/gnome-session-restart-dbus.service
gnome-session	/usr/lib/systemd/user/gnome-session-signal-init.service
gnome-session	/usr/sbin/gnome-session
gnome-session	/usr/sbin/gnome-session-inhibit
gnome-session	/usr/sbin/gnome-session-quit
gnome-session	/usr/share/gnome-session/sessions/gnome.session
gnome-session-wayland-session	/usr/share/wayland-sessions/gnome.desktop
gnome-settings-daemon	/usr/lib/systemd/user/org.gnome.SettingsDaemon.A11ySettings.service
gnome-settings-daemon	/usr/lib/systemd/user/org.gnome.SettingsDaemon.Color.service
gnome-settings-daemon	/usr/lib/systemd/user/org.gnome.SettingsDaemon.Datetime.service
gnome-settings-daemon	/usr/lib/systemd/user/org.gnome.SettingsDaemon.Housekeeping.service
gnome-settings-daemon	/usr/lib/systemd/user/org.gnome.SettingsDaemon.Keyboard.service
gnome-settings-daemon	/usr/lib/systemd/user/org.gnome.SettingsDaemon.MediaKeys.service
gnome-settings-daemon	/usr/lib/systemd/user/org.gnome.SettingsDaemon.Power.service
gnome-settings-daemon	/usr/lib/systemd/user/org.gnome.SettingsDaemon.PrintNotifications.service
gnome-settings-daemon	/usr/lib/systemd/user/org.gnome.SettingsDaemon.Rfkill.service
gnome-settings-daemon	/usr/lib/systemd/user/org.gnome.SettingsDaemon.ScreensaverProxy.service
gnome-settings-daemon	/usr/lib/systemd/user/org.gnome.SettingsDaemon.Sharing.service
gnome-settings-daemon	/usr/lib/systemd/user/org.gnome.SettingsDaemon.Smartcard.service
gnome-settings-daemon	/usr/lib/systemd/user/org.gnome.SettingsDaemon.Sound.service
gnome-settings-daemon	/usr/lib/systemd/user/org.gnome.SettingsDaemon.UsbProtection.service
gnome-settings-daemon	/usr/lib/systemd/user/org.gnome.SettingsDaemon.Wwan.service
gnome-settings-daemon	/usr/lib/systemd/user/org.gnome.SettingsDaemon.XSettings.service
gnome-shell	/usr/bin/gnome-extensions
gnome-shell	/usr/bin/gnome-shell
gnome-shell	/usr/bin/gnome-shell-extension-tool
gnome-shell	/usr/bin/gnome-shell-test-tool
gnome-shell	/usr/lib/systemd/user/org.gnome.Shell-disable-extensions.service
gnome-shell	/usr/lib/systemd/user/org.gnome.Shell@.service
gnome-shell	/usr/sbin/gnome-extensions
gnome-shell	/usr/sbin/gnome-shell
gnome-shell	/usr/sbin/gnome-shell-extension-tool
gnome-shell	/usr/sbin/gnome-shell-test-tool
gnome-shell	/usr/share/applications/org.gnome.Shell.CalendarServer.desktop
gnome-shell	/usr/share/applications/org.gnome.Shell.Extensions.desktop
gnome-shell	/usr/share/applications/org.gnome.Shell.PortalHelper.desktop
gnome-shell-extension-gsconnect	/usr/share/applications/org.gnome.Shell.Extensions.GSConnect.Preferences.desktop
gnome-shell-extension-gsconnect	/usr/share/applications/org.gnome.Shell.Extensions.GSConnect.desktop
gnome-tweaks	/usr/bin/gnome-tweaks
gnome-tweaks	/usr/sbin/gnome-tweaks
gnome-tweaks	/usr/share/applications/org.gnome.tweaks.desktop
gnupg2	/usr/bin/gpg
gnupg2	/usr/bin/gpg2
gnupg2	/usr/sbin/gpg
gnupg2	/usr/sbin/gpg2
gnupg2-dirmngr	/usr/bin/dirmngr
gnupg2-dirmngr	/usr/bin/dirmngr-client
gnupg2-dirmngr	/usr/lib/systemd/user/dirmngr.service
gnupg2-dirmngr	/usr/lib/systemd/user/dirmngr.socket
gnupg2-dirmngr	/usr/sbin/dirmngr
gnupg2-dirmngr	/usr/sbin/dirmngr-client
gnupg2-gpg-agent	/usr/bin/gpg-agent
gnupg2-gpg-agent	/usr/lib/systemd/user/gpg-agent-browser.socket
gnupg2-gpg-agent	/usr/lib/systemd/user/gpg-agent-extra.socket
gnupg2-gpg-agent	/usr/lib/systemd/user/gpg-agent-ssh.socket
gnupg2-gpg-agent	/usr/lib/systemd/user/gpg-agent.service
gnupg2-gpg-agent	/usr/lib/systemd/user/gpg-agent.socket
gnupg2-gpg-agent	/usr/sbin/gpg-agent
gnupg2-gpgconf	/usr/bin/gpg-connect-agent
gnupg2-gpgconf	/usr/bin/gpgconf
gnupg2-gpgconf	/usr/sbin/gpg-connect-agent
gnupg2-gpgconf	/usr/sbin/gpgconf
gnupg2-keyboxd	/usr/lib/systemd/user/keyboxd.service
gnupg2-keyboxd	/usr/lib/systemd/user/keyboxd.socket
gnupg2-scdaemon	/usr/bin/gpg-card
gnupg2-scdaemon	/usr/sbin/gpg-card
gnupg2-verify	/usr/bin/gpgv
gnupg2-verify	/usr/bin/gpgv2
gnupg2-verify	/usr/sbin/gpgv
gnupg2-verify	/usr/sbin/gpgv2
gpgme	/usr/bin/gnupg-key-manage
gpgme	/usr/bin/gpgme-json
gpgme	/usr/sbin/gnupg-key-manage
gpgme	/usr/sbin/gpgme-json
graphite2	/usr/bin/gr2fonttest
graphite2	/usr/sbin/gr2fonttest
grep	/usr/bin/egrep
grep	/usr/bin/fgrep
grep	/usr/bin/grep
grep	/usr/sbin/egrep
grep	/usr/sbin/fgrep
grep	/usr/sbin/grep
groff-base	/usr/bin/eqn
groff-base	/usr/bin/geqn
groff-base	/usr/bin/gneqn
groff-base	/usr/bin/gnroff
groff-base	/usr/bin/gpic
groff-base	/usr/bin/groff
groff-base	/usr/bin/grops
groff-base	/usr/bin/grotty
groff-base	/usr/bin/gsoelim
groff-base	/usr/bin/gtbl
groff-base	/usr/bin/gtroff
groff-base	/usr/bin/neqn
groff-base	/usr/bin/nroff
groff-base	/usr/bin/pic
groff-base	/usr/bin/post-grohtml
groff-base	/usr/bin/pre-grohtml
groff-base	/usr/bin/preconv
groff-base	/usr/bin/soelim
groff-base	/usr/bin/soelim.groff
groff-base	/usr/bin/tbl
groff-base	/usr/bin/troff
groff-base	/usr/bin/zsoelim
groff-base	/usr/sbin/eqn
groff-base	/usr/sbin/geqn
groff-base	/usr/sbin/gneqn
groff-base	/usr/sbin/gnroff
groff-base	/usr/sbin/gpic
groff-base	/usr/sbin/groff
groff-base	/usr/sbin/grops
groff-base	/usr/sbin/grotty
groff-base	/usr/sbin/gsoelim
groff-base	/usr/sbin/gtbl
groff-base	/usr/sbin/gtroff
groff-base	/usr/sbin/neqn
groff-base	/usr/sbin/nroff
groff-base	/usr/sbin/pic
groff-base	/usr/sbin/post-grohtml
groff-base	/usr/sbin/pre-grohtml
groff-base	/usr/sbin/preconv
groff-base	/usr/sbin/soelim
groff-base	/usr/sbin/soelim.groff
groff-base	/usr/sbin/tbl
groff-base	/usr/sbin/troff
groff-base	/usr/sbin/zsoelim
grub2-efi-x64	/usr/bin/gen_grub_cfgstub
grub2-efi-x64	/usr/sbin/gen_grub_cfgstub
grub2-tools	/usr/bin/grub2-bios-setup
grub2-tools	/usr/bin/grub2-file
grub2-tools	/usr/bin/grub2-install
grub2-tools	/usr/bin/grub2-menulst2cfg
grub2-tools	/usr/bin/grub2-mkconfig
grub2-tools	/usr/bin/grub2-mkimage
grub2-tools	/usr/bin/grub2-mkrelpath
grub2-tools	/usr/bin/grub2-reboot
grub2-tools	/usr/bin/grub2-script-check
grub2-tools	/usr/bin/grub2-switch-to-blscfg
grub2-tools	/usr/lib/systemd/system/grub-boot-indeterminate.service
grub2-tools	/usr/lib/systemd/system/grub2-systemd-integration.service
grub2-tools	/usr/lib/systemd/user/grub-boot-success.service
grub2-tools	/usr/sbin/grub2-bios-setup
grub2-tools	/usr/sbin/grub2-file
grub2-tools	/usr/sbin/grub2-install
grub2-tools	/usr/sbin/grub2-menulst2cfg
grub2-tools	/usr/sbin/grub2-mkconfig
grub2-tools	/usr/sbin/grub2-mkimage
grub2-tools	/usr/sbin/grub2-mkrelpath
grub2-tools	/usr/sbin/grub2-reboot
grub2-tools	/usr/sbin/grub2-script-check
grub2-tools	/usr/sbin/grub2-switch-to-blscfg
grub2-tools-minimal	/usr/bin/grub2-editenv
grub2-tools-minimal	/usr/bin/grub2-get-kernel-settings
grub2-tools-minimal	/usr/bin/grub2-mkpasswd-pbkdf2
grub2-tools-minimal	/usr/bin/grub2-mount
grub2-tools-minimal	/usr/bin/grub2-probe
grub2-tools-minimal	/usr/bin/grub2-set-bootflag
grub2-tools-minimal	/usr/bin/grub2-set-default
grub2-tools-minimal	/usr/bin/grub2-set-password
grub2-tools-minimal	/usr/bin/grub2-setpassword
grub2-tools-minimal	/usr/sbin/grub2-editenv
grub2-tools-minimal	/usr/sbin/grub2-get-kernel-settings
grub2-tools-minimal	/usr/sbin/grub2-mkpasswd-pbkdf2
grub2-tools-minimal	/usr/sbin/grub2-mount
grub2-tools-minimal	/usr/sbin/grub2-probe
grub2-tools-minimal	/usr/sbin/grub2-set-bootflag
grub2-tools-minimal	/usr/sbin/grub2-set-default
grub2-tools-minimal	/usr/sbin/grub2-set-password
grub2-tools-minimal	/usr/sbin/grub2-setpassword
gsl	/usr/bin/gsl-histogram
gsl	/usr/bin/gsl-randist
gsl	/usr/sbin/gsl-histogram
gsl	/usr/sbin/gsl-randist
gsound	/usr/bin/gsound-play
gsound	/usr/sbin/gsound-play
gstreamer1	/usr/bin/gst-inspect-1.0
gstreamer1	/usr/bin/gst-launch-1.0
gstreamer1	/usr/bin/gst-stats-1.0
gstreamer1	/usr/bin/gst-typefind-1.0
gstreamer1	/usr/sbin/gst-inspect-1.0
gstreamer1	/usr/sbin/gst-launch-1.0
gstreamer1	/usr/sbin/gst-stats-1.0
gstreamer1	/usr/sbin/gst-typefind-1.0
gtk-update-icon-cache	/usr/bin/gtk-update-icon-cache
gtk-update-icon-cache	/usr/sbin/gtk-update-icon-cache
gtk2	/usr/bin/gtk-query-immodules-2.0-64
gtk2	/usr/bin/update-gtk-immodules
gtk2	/usr/sbin/gtk-query-immodules-2.0-64
gtk2	/usr/sbin/update-gtk-immodules
gtk3	/usr/bin/broadwayd
gtk3	/usr/bin/gtk-launch
gtk3	/usr/bin/gtk-query-immodules-3.0-64
gtk3	/usr/sbin/broadwayd
gtk3	/usr/sbin/gtk-launch
gtk3	/usr/sbin/gtk-query-immodules-3.0-64
gtk4	/usr/bin/gtk4-broadwayd
gtk4	/usr/bin/gtk4-launch
gtk4	/usr/bin/gtk4-update-icon-cache
gtk4	/usr/sbin/gtk4-broadwayd
gtk4	/usr/sbin/gtk4-launch
gtk4	/usr/sbin/gtk4-update-icon-cache
gum	/usr/bin/gum
gum	/usr/sbin/gum
gvfs	/usr/lib/systemd/user/gvfs-daemon.service
gvfs	/usr/lib/systemd/user/gvfs-metadata.service
gvfs	/usr/lib/systemd/user/gvfs-udisks2-volume-monitor.service
gvfs-goa	/usr/lib/systemd/user/gvfs-goa-volume-monitor.service
gzip	/usr/bin/gunzip
gzip	/usr/bin/gzexe
gzip	/usr/bin/gzip
gzip	/usr/bin/zcat
gzip	/usr/bin/zcmp
gzip	/usr/bin/zdiff
gzip	/usr/bin/zegrep
gzip	/usr/bin/zfgrep
gzip	/usr/bin/zforce
gzip	/usr/bin/zgrep
gzip	/usr/bin/zless
gzip	/usr/bin/zmore
gzip	/usr/bin/znew
gzip	/usr/sbin/gunzip
gzip	/usr/sbin/gzexe
gzip	/usr/sbin/gzip
gzip	/usr/sbin/zcat
gzip	/usr/sbin/zcmp
gzip	/usr/sbin/zdiff
gzip	/usr/sbin/zegrep
gzip	/usr/sbin/zfgrep
gzip	/usr/sbin/zforce
gzip	/usr/sbin/zgrep
gzip	/usr/sbin/zless
gzip	/usr/sbin/zmore
gzip	/usr/sbin/znew
hostname	/usr/bin/dnsdomainname
hostname	/usr/bin/domainname
hostname	/usr/bin/hostname
hostname	/usr/bin/nisdomainname
hostname	/usr/bin/ypdomainname
hostname	/usr/lib/systemd/system/nis-domainname.service
hostname	/usr/sbin/dnsdomainname
hostname	/usr/sbin/domainname
hostname	/usr/sbin/hostname
hostname	/usr/sbin/nisdomainname
hostname	/usr/sbin/ypdomainname
hunspell	/usr/bin/hunspell
hunspell	/usr/sbin/hunspell
i2c-tools	/usr/bin/eeprog
i2c-tools	/usr/bin/i2cdetect
i2c-tools	/usr/bin/i2cdump
i2c-tools	/usr/bin/i2cget
i2c-tools	/usr/bin/i2cset
i2c-tools	/usr/bin/i2ctransfer
i2c-tools	/usr/sbin/eeprog
i2c-tools	/usr/sbin/i2cdetect
i2c-tools	/usr/sbin/i2cdump
i2c-tools	/usr/sbin/i2cget
i2c-tools	/usr/sbin/i2cset
i2c-tools	/usr/sbin/i2ctransfer
ibus	/usr/bin/ibus
ibus	/usr/bin/ibus-daemon
ibus	/usr/lib/systemd/user/org.freedesktop.IBus.session.GNOME.service
ibus	/usr/lib/systemd/user/org.freedesktop.IBus.session.generic.service
ibus	/usr/sbin/ibus
ibus	/usr/sbin/ibus-daemon
ibus	/usr/share/applications/org.freedesktop.IBus.Panel.Emojier.desktop
ibus	/usr/share/applications/org.freedesktop.IBus.Panel.Extension.Gtk3.desktop
ibus-mozc	/etc/xdg/autostart/ibus-mozc-launch-xwayland.desktop
ibus-mozc	/usr/share/applications/ibus-setup-mozc-jp.desktop
ibus-setup	/usr/bin/ibus-setup
ibus-setup	/usr/sbin/ibus-setup
ibus-setup	/usr/share/applications/org.freedesktop.IBus.Setup.desktop
ibus-unikey	/usr/share/applications/ibus-setup-Unikey.desktop
igt-gpu-tools	/usr/bin/amd_hdmi_compliance
igt-gpu-tools	/usr/bin/code_cov_capture
igt-gpu-tools	/usr/bin/code_cov_gather_on_build
igt-gpu-tools	/usr/bin/code_cov_gather_on_test
igt-gpu-tools	/usr/bin/code_cov_gen_report
igt-gpu-tools	/usr/bin/code_cov_parse_info
igt-gpu-tools	/usr/bin/dpcd_reg
igt-gpu-tools	/usr/bin/gputop
igt-gpu-tools	/usr/bin/i915-perf-configs
igt-gpu-tools	/usr/bin/i915-perf-control
igt-gpu-tools	/usr/bin/i915-perf-reader
igt-gpu-tools	/usr/bin/i915-perf-recorder
igt-gpu-tools	/usr/bin/igt_comms_decoder
igt-gpu-tools	/usr/bin/igt_facts
igt-gpu-tools	/usr/bin/igt_power
igt-gpu-tools	/usr/bin/igt_results
igt-gpu-tools	/usr/bin/igt_resume
igt-gpu-tools	/usr/bin/igt_runner
igt-gpu-tools	/usr/bin/igt_stats
igt-gpu-tools	/usr/bin/intel-gen4asm
igt-gpu-tools	/usr/bin/intel-gen4disasm
igt-gpu-tools	/usr/bin/intel-gfx-fw-info
igt-gpu-tools	/usr/bin/intel_audio_dump
igt-gpu-tools	/usr/bin/intel_backlight
igt-gpu-tools	/usr/bin/intel_bios_dumper
igt-gpu-tools	/usr/bin/intel_display_bandwidth
igt-gpu-tools	/usr/bin/intel_display_crc
igt-gpu-tools	/usr/bin/intel_display_poller
igt-gpu-tools	/usr/bin/intel_dp_compliance
igt-gpu-tools	/usr/bin/intel_dump_decode
igt-gpu-tools	/usr/bin/intel_error_decode
igt-gpu-tools	/usr/bin/intel_firmware_decode
igt-gpu-tools	/usr/bin/intel_forcewaked
igt-gpu-tools	/usr/bin/intel_framebuffer_dump
igt-gpu-tools	/usr/bin/intel_gem_info
igt-gpu-tools	/usr/bin/intel_gpu_abrt
igt-gpu-tools	/usr/bin/intel_gpu_frequency
igt-gpu-tools	/usr/bin/intel_gpu_time
igt-gpu-tools	/usr/bin/intel_gpu_top
igt-gpu-tools	/usr/bin/intel_gtt
igt-gpu-tools	/usr/bin/intel_guc_logger
igt-gpu-tools	/usr/bin/intel_gvtg_test
igt-gpu-tools	/usr/bin/intel_hdcp
igt-gpu-tools	/usr/bin/intel_infoframes
igt-gpu-tools	/usr/bin/intel_l3_parity
igt-gpu-tools	/usr/bin/intel_lid
igt-gpu-tools	/usr/bin/intel_opregion_decode
igt-gpu-tools	/usr/bin/intel_panel_fitter
igt-gpu-tools	/usr/bin/intel_perf_counters
igt-gpu-tools	/usr/bin/intel_pm_rpm
igt-gpu-tools	/usr/bin/intel_reg
igt-gpu-tools	/usr/bin/intel_reg_checker
igt-gpu-tools	/usr/bin/intel_residency
igt-gpu-tools	/usr/bin/intel_stepping
igt-gpu-tools	/usr/bin/intel_tiling_detect
igt-gpu-tools	/usr/bin/intel_vbt_decode
igt-gpu-tools	/usr/bin/intel_watermark
igt-gpu-tools	/usr/bin/lsgpu
igt-gpu-tools	/usr/bin/msm_dp_compliance
igt-gpu-tools	/usr/bin/xe-perf-configs
igt-gpu-tools	/usr/bin/xe-perf-control
igt-gpu-tools	/usr/bin/xe-perf-reader
igt-gpu-tools	/usr/bin/xe-perf-recorder
igt-gpu-tools	/usr/sbin/amd_hdmi_compliance
igt-gpu-tools	/usr/sbin/code_cov_capture
igt-gpu-tools	/usr/sbin/code_cov_gather_on_build
igt-gpu-tools	/usr/sbin/code_cov_gather_on_test
igt-gpu-tools	/usr/sbin/code_cov_gen_report
igt-gpu-tools	/usr/sbin/code_cov_parse_info
igt-gpu-tools	/usr/sbin/dpcd_reg
igt-gpu-tools	/usr/sbin/gputop
igt-gpu-tools	/usr/sbin/i915-perf-configs
igt-gpu-tools	/usr/sbin/i915-perf-control
igt-gpu-tools	/usr/sbin/i915-perf-reader
igt-gpu-tools	/usr/sbin/i915-perf-recorder
igt-gpu-tools	/usr/sbin/igt_comms_decoder
igt-gpu-tools	/usr/sbin/igt_facts
igt-gpu-tools	/usr/sbin/igt_power
igt-gpu-tools	/usr/sbin/igt_results
igt-gpu-tools	/usr/sbin/igt_resume
igt-gpu-tools	/usr/sbin/igt_runner
igt-gpu-tools	/usr/sbin/igt_stats
igt-gpu-tools	/usr/sbin/intel-gen4asm
igt-gpu-tools	/usr/sbin/intel-gen4disasm
igt-gpu-tools	/usr/sbin/intel-gfx-fw-info
igt-gpu-tools	/usr/sbin/intel_audio_dump
igt-gpu-tools	/usr/sbin/intel_backlight
igt-gpu-tools	/usr/sbin/intel_bios_dumper
igt-gpu-tools	/usr/sbin/intel_display_bandwidth
igt-gpu-tools	/usr/sbin/intel_display_crc
igt-gpu-tools	/usr/sbin/intel_display_poller
igt-gpu-tools	/usr/sbin/intel_dp_compliance
igt-gpu-tools	/usr/sbin/intel_dump_decode
igt-gpu-tools	/usr/sbin/intel_error_decode
igt-gpu-tools	/usr/sbin/intel_firmware_decode
igt-gpu-tools	/usr/sbin/intel_forcewaked
igt-gpu-tools	/usr/sbin/intel_framebuffer_dump
igt-gpu-tools	/usr/sbin/intel_gem_info
igt-gpu-tools	/usr/sbin/intel_gpu_abrt
igt-gpu-tools	/usr/sbin/intel_gpu_frequency
igt-gpu-tools	/usr/sbin/intel_gpu_time
igt-gpu-tools	/usr/sbin/intel_gpu_top
igt-gpu-tools	/usr/sbin/intel_gtt
igt-gpu-tools	/usr/sbin/intel_guc_logger
igt-gpu-tools	/usr/sbin/intel_gvtg_test
igt-gpu-tools	/usr/sbin/intel_hdcp
igt-gpu-tools	/usr/sbin/intel_infoframes
igt-gpu-tools	/usr/sbin/intel_l3_parity
igt-gpu-tools	/usr/sbin/intel_lid
igt-gpu-tools	/usr/sbin/intel_opregion_decode
igt-gpu-tools	/usr/sbin/intel_panel_fitter
igt-gpu-tools	/usr/sbin/intel_perf_counters
igt-gpu-tools	/usr/sbin/intel_pm_rpm
igt-gpu-tools	/usr/sbin/intel_reg
igt-gpu-tools	/usr/sbin/intel_reg_checker
igt-gpu-tools	/usr/sbin/intel_residency
igt-gpu-tools	/usr/sbin/intel_stepping
igt-gpu-tools	/usr/sbin/intel_tiling_detect
igt-gpu-tools	/usr/sbin/intel_vbt_decode
igt-gpu-tools	/usr/sbin/intel_watermark
igt-gpu-tools	/usr/sbin/lsgpu
igt-gpu-tools	/usr/sbin/msm_dp_compliance
igt-gpu-tools	/usr/sbin/xe-perf-configs
igt-gpu-tools	/usr/sbin/xe-perf-control
igt-gpu-tools	/usr/sbin/xe-perf-reader
igt-gpu-tools	/usr/sbin/xe-perf-recorder
iio-sensor-proxy	/usr/bin/monitor-sensor
iio-sensor-proxy	/usr/lib/systemd/system/iio-sensor-proxy.service
iio-sensor-proxy	/usr/sbin/monitor-sensor
input-remapper	/etc/xdg/autostart/input-remapper-autoload.desktop
input-remapper	/usr/bin/input-remapper-control
input-remapper	/usr/bin/input-remapper-gtk
input-remapper	/usr/bin/input-remapper-reader-service
input-remapper	/usr/bin/input-remapper-service
input-remapper	/usr/lib/systemd/system/input-remapper.service
input-remapper	/usr/sbin/input-remapper-control
input-remapper	/usr/sbin/input-remapper-gtk
input-remapper	/usr/sbin/input-remapper-reader-service
input-remapper	/usr/sbin/input-remapper-service
input-remapper	/usr/share/applications/input-remapper-gtk.desktop
iproute	/usr/bin/bridge
iproute	/usr/bin/ctstat
iproute	/usr/bin/dcb
iproute	/usr/bin/devlink
iproute	/usr/bin/dpll
iproute	/usr/bin/genl
iproute	/usr/bin/ifstat
iproute	/usr/bin/ip
iproute	/usr/bin/lnstat
iproute	/usr/bin/netshaper
iproute	/usr/bin/nstat
iproute	/usr/bin/rdma
iproute	/usr/bin/rtacct
iproute	/usr/bin/rtmon
iproute	/usr/bin/rtstat
iproute	/usr/bin/ss
iproute	/usr/bin/tipc
iproute	/usr/bin/vdpa
iproute	/usr/sbin/bridge
iproute	/usr/sbin/ctstat
iproute	/usr/sbin/dcb
iproute	/usr/sbin/devlink
iproute	/usr/sbin/dpll
iproute	/usr/sbin/genl
iproute	/usr/sbin/ifstat
iproute	/usr/sbin/ip
iproute	/usr/sbin/lnstat
iproute	/usr/sbin/netshaper
iproute	/usr/sbin/nstat
iproute	/usr/sbin/rdma
iproute	/usr/sbin/rtacct
iproute	/usr/sbin/rtmon
iproute	/usr/sbin/rtstat
iproute	/usr/sbin/ss
iproute	/usr/sbin/tipc
iproute	/usr/sbin/vdpa
iptables-nft	/usr/bin/arptables
iptables-nft	/usr/bin/arptables-nft
iptables-nft	/usr/bin/arptables-nft-restore
iptables-nft	/usr/bin/arptables-nft-save
iptables-nft	/usr/bin/arptables-restore
iptables-nft	/usr/bin/arptables-save
iptables-nft	/usr/bin/arptables-translate
iptables-nft	/usr/bin/ebtables
iptables-nft	/usr/bin/ebtables-nft
iptables-nft	/usr/bin/ebtables-nft-restore
iptables-nft	/usr/bin/ebtables-nft-save
iptables-nft	/usr/bin/ebtables-restore
iptables-nft	/usr/bin/ebtables-save
iptables-nft	/usr/bin/ebtables-translate
iptables-nft	/usr/bin/ip6tables
iptables-nft	/usr/bin/ip6tables-nft
iptables-nft	/usr/bin/ip6tables-nft-restore
iptables-nft	/usr/bin/ip6tables-nft-save
iptables-nft	/usr/bin/ip6tables-restore
iptables-nft	/usr/bin/ip6tables-restore-translate
iptables-nft	/usr/bin/ip6tables-save
iptables-nft	/usr/bin/ip6tables-translate
iptables-nft	/usr/bin/iptables
iptables-nft	/usr/bin/iptables-nft
iptables-nft	/usr/bin/iptables-nft-restore
iptables-nft	/usr/bin/iptables-nft-save
iptables-nft	/usr/bin/iptables-restore
iptables-nft	/usr/bin/iptables-restore-translate
iptables-nft	/usr/bin/iptables-save
iptables-nft	/usr/bin/iptables-translate
iptables-nft	/usr/bin/xtables-monitor
iptables-nft	/usr/bin/xtables-nft-multi
iptables-nft	/usr/sbin/arptables
iptables-nft	/usr/sbin/arptables-nft
iptables-nft	/usr/sbin/arptables-nft-restore
iptables-nft	/usr/sbin/arptables-nft-save
iptables-nft	/usr/sbin/arptables-restore
iptables-nft	/usr/sbin/arptables-save
iptables-nft	/usr/sbin/arptables-translate
iptables-nft	/usr/sbin/ebtables
iptables-nft	/usr/sbin/ebtables-nft
iptables-nft	/usr/sbin/ebtables-nft-restore
iptables-nft	/usr/sbin/ebtables-nft-save
iptables-nft	/usr/sbin/ebtables-restore
iptables-nft	/usr/sbin/ebtables-save
iptables-nft	/usr/sbin/ebtables-translate
iptables-nft	/usr/sbin/ip6tables
iptables-nft	/usr/sbin/ip6tables-nft
iptables-nft	/usr/sbin/ip6tables-nft-restore
iptables-nft	/usr/sbin/ip6tables-nft-save
iptables-nft	/usr/sbin/ip6tables-restore
iptables-nft	/usr/sbin/ip6tables-restore-translate
iptables-nft	/usr/sbin/ip6tables-save
iptables-nft	/usr/sbin/ip6tables-translate
iptables-nft	/usr/sbin/iptables
iptables-nft	/usr/sbin/iptables-nft
iptables-nft	/usr/sbin/iptables-nft-restore
iptables-nft	/usr/sbin/iptables-nft-save
iptables-nft	/usr/sbin/iptables-restore
iptables-nft	/usr/sbin/iptables-restore-translate
iptables-nft	/usr/sbin/iptables-save
iptables-nft	/usr/sbin/iptables-translate
iptables-nft	/usr/sbin/xtables-monitor
iptables-nft	/usr/sbin/xtables-nft-multi
iputils	/usr/bin/arping
iputils	/usr/bin/clockdiff
iputils	/usr/bin/ifenslave
iputils	/usr/bin/ping
iputils	/usr/bin/ping6
iputils	/usr/bin/tracepath
iputils	/usr/bin/tracepath6
iputils	/usr/sbin/arping
iputils	/usr/sbin/clockdiff
iputils	/usr/sbin/ifenslave
iputils	/usr/sbin/ping
iputils	/usr/sbin/ping6
iputils	/usr/sbin/tracepath
iputils	/usr/sbin/tracepath6
isomd5sum	/usr/bin/checkisomd5
isomd5sum	/usr/bin/implantisomd5
isomd5sum	/usr/sbin/checkisomd5
isomd5sum	/usr/sbin/implantisomd5
jq	/usr/bin/jq
jq	/usr/sbin/jq
just	/usr/bin/just
just	/usr/sbin/just
kbd	/usr/bin/chvt
kbd	/usr/bin/deallocvt
kbd	/usr/bin/dumpkeys
kbd	/usr/bin/fgconsole
kbd	/usr/bin/getkeycodes
kbd	/usr/bin/kbd_mode
kbd	/usr/bin/kbdinfo
kbd	/usr/bin/kbdrate
kbd	/usr/bin/loadkeys
kbd	/usr/bin/loadunimap
kbd	/usr/bin/mapscrn
kbd	/usr/bin/openvt
kbd	/usr/bin/psfaddtable
kbd	/usr/bin/psfgettable
kbd	/usr/bin/psfstriptable
kbd	/usr/bin/psfxtable
kbd	/usr/bin/resizecons
kbd	/usr/bin/setfont
kbd	/usr/bin/setkeycodes
kbd	/usr/bin/setleds
kbd	/usr/bin/setmetamode
kbd	/usr/bin/setvtrgb
kbd	/usr/bin/showconsolefont
kbd	/usr/bin/showkey
kbd	/usr/bin/unicode_start
kbd	/usr/bin/unicode_stop
kbd	/usr/bin/vlock
kbd	/usr/sbin/chvt
kbd	/usr/sbin/deallocvt
kbd	/usr/sbin/dumpkeys
kbd	/usr/sbin/fgconsole
kbd	/usr/sbin/getkeycodes
kbd	/usr/sbin/kbd_mode
kbd	/usr/sbin/kbdinfo
kbd	/usr/sbin/kbdrate
kbd	/usr/sbin/loadkeys
kbd	/usr/sbin/loadunimap
kbd	/usr/sbin/mapscrn
kbd	/usr/sbin/openvt
kbd	/usr/sbin/psfaddtable
kbd	/usr/sbin/psfgettable
kbd	/usr/sbin/psfstriptable
kbd	/usr/sbin/psfxtable
kbd	/usr/sbin/resizecons
kbd	/usr/sbin/setfont
kbd	/usr/sbin/setkeycodes
kbd	/usr/sbin/setleds
kbd	/usr/sbin/setmetamode
kbd	/usr/sbin/setvtrgb
kbd	/usr/sbin/showconsolefont
kbd	/usr/sbin/showkey
kbd	/usr/sbin/unicode_start
kbd	/usr/sbin/unicode_stop
kbd	/usr/sbin/vlock
keyutils	/usr/bin/key.dns_resolver
keyutils	/usr/bin/keyctl
keyutils	/usr/bin/request-key
keyutils	/usr/sbin/key.dns_resolver
keyutils	/usr/sbin/keyctl
keyutils	/usr/sbin/request-key
kmod	/usr/bin/depmod
kmod	/usr/bin/insmod
kmod	/usr/bin/kmod
kmod	/usr/bin/lsmod
kmod	/usr/bin/modinfo
kmod	/usr/bin/modprobe
kmod	/usr/bin/rmmod
kmod	/usr/sbin/depmod
kmod	/usr/sbin/insmod
kmod	/usr/sbin/kmod
kmod	/usr/sbin/lsmod
kmod	/usr/sbin/modinfo
kmod	/usr/sbin/modprobe
kmod	/usr/sbin/rmmod
less	/usr/bin/less
less	/usr/bin/lesskey
less	/usr/bin/lesspipe.sh
less	/usr/sbin/less
less	/usr/sbin/lesskey
less	/usr/sbin/lesspipe.sh
less-color	/usr/bin/archive_color
less-color	/usr/sbin/archive_color
libadwaita	/usr/bin/adwaita-1-demo
libadwaita	/usr/sbin/adwaita-1-demo
libatasmart	/usr/bin/skdump
libatasmart	/usr/bin/sktest
libatasmart	/usr/sbin/skdump
libatasmart	/usr/sbin/sktest
libcamera-tools	/usr/bin/cam
libcamera-tools	/usr/bin/libcamera-bug-report
libcamera-tools	/usr/sbin/cam
libcamera-tools	/usr/sbin/libcamera-bug-report
libcanberra	/usr/bin/canberra-boot
libcanberra	/usr/lib/systemd/system/canberra-system-bootup.service
libcanberra	/usr/lib/systemd/system/canberra-system-shutdown-reboot.service
libcanberra	/usr/lib/systemd/system/canberra-system-shutdown.service
libcanberra	/usr/sbin/canberra-boot
libcanberra-gtk3	/usr/bin/canberra-gtk-play
libcanberra-gtk3	/usr/sbin/canberra-gtk-play
libcap	/usr/bin/capsh
libcap	/usr/bin/getcap
libcap	/usr/bin/getpcaps
libcap	/usr/bin/setcap
libcap	/usr/sbin/capsh
libcap	/usr/sbin/getcap
libcap	/usr/sbin/getpcaps
libcap	/usr/sbin/setcap
libcdio	/usr/bin/cd-drive
libcdio	/usr/bin/cd-info
libcdio	/usr/bin/cd-read
libcdio	/usr/bin/cdda-player
libcdio	/usr/bin/iso-info
libcdio	/usr/bin/iso-read
libcdio	/usr/bin/mmc-tool
libcdio	/usr/sbin/cd-drive
libcdio	/usr/sbin/cd-info
libcdio	/usr/sbin/cd-read
libcdio	/usr/sbin/cdda-player
libcdio	/usr/sbin/iso-info
libcdio	/usr/sbin/iso-read
libcdio	/usr/sbin/mmc-tool
libcdio-paranoia	/usr/bin/cd-paranoia
libcdio-paranoia	/usr/sbin/cd-paranoia
libgpg-error	/usr/bin/gpg-error
libgpg-error	/usr/sbin/gpg-error
libinput	/usr/bin/libinput
libinput	/usr/sbin/libinput
libkcapi-hasher	/usr/bin/kcapi-hasher
libkcapi-hasher	/usr/sbin/kcapi-hasher
libkcapi-hmaccalc	/usr/bin/sha1hmac
libkcapi-hmaccalc	/usr/bin/sha224hmac
libkcapi-hmaccalc	/usr/bin/sha256hmac
libkcapi-hmaccalc	/usr/bin/sha384hmac
libkcapi-hmaccalc	/usr/bin/sha512hmac
libkcapi-hmaccalc	/usr/bin/sm3hmac
libkcapi-hmaccalc	/usr/sbin/sha1hmac
libkcapi-hmaccalc	/usr/sbin/sha224hmac
libkcapi-hmaccalc	/usr/sbin/sha256hmac
libkcapi-hmaccalc	/usr/sbin/sha384hmac
libkcapi-hmaccalc	/usr/sbin/sha512hmac
libkcapi-hmaccalc	/usr/sbin/sm3hmac
liblastlog2	/usr/lib/systemd/system/lastlog2-import.service
liblc3plus	/usr/bin/LC3plus
liblc3plus	/usr/sbin/LC3plus
libmaxminddb	/usr/bin/mmdblookup
libmaxminddb	/usr/sbin/mmdblookup
libmodulemd	/usr/bin/modulemd-validator
libmodulemd	/usr/sbin/modulemd-validator
libndp	/usr/bin/ndptool
libndp	/usr/sbin/ndptool
libnice	/usr/bin/stunbdc
libnice	/usr/bin/stund
libnice	/usr/sbin/stunbdc
libnice	/usr/sbin/stund
libnotify	/usr/bin/notify-send
libnotify	/usr/sbin/notify-send
liboping	/usr/bin/noping
liboping	/usr/bin/oping
liboping	/usr/sbin/noping
liboping	/usr/sbin/oping
libplist	/usr/bin/plistutil
libplist	/usr/sbin/plistutil
libpwquality	/usr/bin/pwmake
libpwquality	/usr/bin/pwscore
libpwquality	/usr/sbin/pwmake
libpwquality	/usr/sbin/pwscore
libratbag-ratbagd	/usr/bin/ratbagctl
libratbag-ratbagd	/usr/bin/ratbagd
libratbag-ratbagd	/usr/lib/systemd/system/ratbagd.service
libratbag-ratbagd	/usr/sbin/ratbagctl
libratbag-ratbagd	/usr/sbin/ratbagd
libsecret	/usr/bin/secret-tool
libsecret	/usr/sbin/secret-tool
libselinux-utils	/usr/bin/avcstat
libselinux-utils	/usr/bin/getenforce
libselinux-utils	/usr/bin/getpidprevcon
libselinux-utils	/usr/bin/getpolicyload
libselinux-utils	/usr/bin/getsebool
libselinux-utils	/usr/bin/matchpathcon
libselinux-utils	/usr/bin/sefcontext_compile
libselinux-utils	/usr/bin/selabel_compare
libselinux-utils	/usr/bin/selabel_digest
libselinux-utils	/usr/bin/selabel_get_digests_all_partial_matches
libselinux-utils	/usr/bin/selabel_lookup
libselinux-utils	/usr/bin/selabel_lookup_best_match
libselinux-utils	/usr/bin/selabel_partial_match
libselinux-utils	/usr/bin/selinux_check_access
libselinux-utils	/usr/bin/selinuxconlist
libselinux-utils	/usr/bin/selinuxdefcon
libselinux-utils	/usr/bin/selinuxenabled
libselinux-utils	/usr/bin/selinuxexeccon
libselinux-utils	/usr/bin/setenforce
libselinux-utils	/usr/bin/validatetrans
libselinux-utils	/usr/sbin/avcstat
libselinux-utils	/usr/sbin/getenforce
libselinux-utils	/usr/sbin/getpidprevcon
libselinux-utils	/usr/sbin/getpolicyload
libselinux-utils	/usr/sbin/getsebool
libselinux-utils	/usr/sbin/matchpathcon
libselinux-utils	/usr/sbin/sefcontext_compile
libselinux-utils	/usr/sbin/selabel_compare
libselinux-utils	/usr/sbin/selabel_digest
libselinux-utils	/usr/sbin/selabel_get_digests_all_partial_matches
libselinux-utils	/usr/sbin/selabel_lookup
libselinux-utils	/usr/sbin/selabel_lookup_best_match
libselinux-utils	/usr/sbin/selabel_partial_match
libselinux-utils	/usr/sbin/selinux_check_access
libselinux-utils	/usr/sbin/selinuxconlist
libselinux-utils	/usr/sbin/selinuxdefcon
libselinux-utils	/usr/sbin/selinuxenabled
libselinux-utils	/usr/sbin/selinuxexeccon
libselinux-utils	/usr/sbin/setenforce
libselinux-utils	/usr/sbin/validatetrans
libshout	/usr/bin/shout
libshout	/usr/sbin/shout
libva-utils	/usr/bin/av1encode
libva-utils	/usr/bin/avcenc
libva-utils	/usr/bin/avcstreamoutdemo
libva-utils	/usr/bin/h264encode
libva-utils	/usr/bin/hevcencode
libva-utils	/usr/bin/jpegenc
libva-utils	/usr/bin/loadjpeg
libva-utils	/usr/bin/mpeg2vaenc
libva-utils	/usr/bin/mpeg2vldemo
libva-utils	/usr/bin/putsurface
libva-utils	/usr/bin/putsurface_wayland
libva-utils	/usr/bin/sfcsample
libva-utils	/usr/bin/vacopy
libva-utils	/usr/bin/vainfo
libva-utils	/usr/bin/vavpp
libva-utils	/usr/bin/vp8enc
libva-utils	/usr/bin/vp9enc
libva-utils	/usr/bin/vpp3dlut
libva-utils	/usr/bin/vppblending
libva-utils	/usr/bin/vppchromasitting
libva-utils	/usr/bin/vppdenoise
libva-utils	/usr/bin/vpphdr_tm
libva-utils	/usr/bin/vppscaling_csc
libva-utils	/usr/bin/vppscaling_n_out_usrptr
libva-utils	/usr/bin/vppsharpness
libva-utils	/usr/sbin/av1encode
libva-utils	/usr/sbin/avcenc
libva-utils	/usr/sbin/avcstreamoutdemo
libva-utils	/usr/sbin/h264encode
libva-utils	/usr/sbin/hevcencode
libva-utils	/usr/sbin/jpegenc
libva-utils	/usr/sbin/loadjpeg
libva-utils	/usr/sbin/mpeg2vaenc
libva-utils	/usr/sbin/mpeg2vldemo
libva-utils	/usr/sbin/putsurface
libva-utils	/usr/sbin/putsurface_wayland
libva-utils	/usr/sbin/sfcsample
libva-utils	/usr/sbin/vacopy
libva-utils	/usr/sbin/vainfo
libva-utils	/usr/sbin/vavpp
libva-utils	/usr/sbin/vp8enc
libva-utils	/usr/sbin/vp9enc
libva-utils	/usr/sbin/vpp3dlut
libva-utils	/usr/sbin/vppblending
libva-utils	/usr/sbin/vppchromasitting
libva-utils	/usr/sbin/vppdenoise
libva-utils	/usr/sbin/vpphdr_tm
libva-utils	/usr/sbin/vppscaling_csc
libva-utils	/usr/sbin/vppscaling_n_out_usrptr
libva-utils	/usr/sbin/vppsharpness
libwacom	/usr/bin/libwacom-list-local-devices
libwacom	/usr/bin/libwacom-update-db
libwacom	/usr/sbin/libwacom-list-local-devices
libwacom	/usr/sbin/libwacom-update-db
libxml2	/usr/bin/xmlcatalog
libxml2	/usr/bin/xmllint
libxml2	/usr/sbin/xmlcatalog
libxml2	/usr/sbin/xmllint
libxmlb	/usr/bin/xb-tool
libxmlb	/usr/sbin/xb-tool
libxslt	/usr/bin/xsltproc
libxslt	/usr/sbin/xsltproc
livesys-scripts	/usr/lib/systemd/system/livesys-late.service
livesys-scripts	/usr/lib/systemd/system/livesys.service
logrotate	/usr/bin/logrotate
logrotate	/usr/lib/systemd/system/logrotate.service
logrotate	/usr/lib/systemd/system/logrotate.timer
logrotate	/usr/sbin/logrotate
lvm2	/usr/bin/fsadm
lvm2	/usr/bin/lvchange
lvm2	/usr/bin/lvconvert
lvm2	/usr/bin/lvcreate
lvm2	/usr/bin/lvdisplay
lvm2	/usr/bin/lvextend
lvm2	/usr/bin/lvm
lvm2	/usr/bin/lvm_import_vdo
lvm2	/usr/bin/lvmconfig
lvm2	/usr/bin/lvmdevices
lvm2	/usr/bin/lvmdiskscan
lvm2	/usr/bin/lvmdump
lvm2	/usr/bin/lvmpersist
lvm2	/usr/bin/lvmpolld
lvm2	/usr/bin/lvmsadc
lvm2	/usr/bin/lvmsar
lvm2	/usr/bin/lvreduce
lvm2	/usr/bin/lvremove
lvm2	/usr/bin/lvrename
lvm2	/usr/bin/lvresize
lvm2	/usr/bin/lvs
lvm2	/usr/bin/lvscan
lvm2	/usr/bin/pvchange
lvm2	/usr/bin/pvck
lvm2	/usr/bin/pvcreate
lvm2	/usr/bin/pvdisplay
lvm2	/usr/bin/pvmove
lvm2	/usr/bin/pvremove
lvm2	/usr/bin/pvresize
lvm2	/usr/bin/pvs
lvm2	/usr/bin/pvscan
lvm2	/usr/bin/vgcfgbackup
lvm2	/usr/bin/vgcfgrestore
lvm2	/usr/bin/vgchange
lvm2	/usr/bin/vgck
lvm2	/usr/bin/vgconvert
lvm2	/usr/bin/vgcreate
lvm2	/usr/bin/vgdisplay
lvm2	/usr/bin/vgexport
lvm2	/usr/bin/vgextend
lvm2	/usr/bin/vgimport
lvm2	/usr/bin/vgimportclone
lvm2	/usr/bin/vgimportdevices
lvm2	/usr/bin/vgmerge
lvm2	/usr/bin/vgmknodes
lvm2	/usr/bin/vgreduce
lvm2	/usr/bin/vgremove
lvm2	/usr/bin/vgrename
lvm2	/usr/bin/vgs
lvm2	/usr/bin/vgscan
lvm2	/usr/bin/vgsplit
lvm2	/usr/lib/systemd/system/blk-availability.service
lvm2	/usr/lib/systemd/system/lvm-devices-import.service
lvm2	/usr/lib/systemd/system/lvm2-lvmpolld.service
lvm2	/usr/lib/systemd/system/lvm2-lvmpolld.socket
lvm2	/usr/lib/systemd/system/lvm2-monitor.service
lvm2	/usr/sbin/fsadm
lvm2	/usr/sbin/lvchange
lvm2	/usr/sbin/lvconvert
lvm2	/usr/sbin/lvcreate
lvm2	/usr/sbin/lvdisplay
lvm2	/usr/sbin/lvextend
lvm2	/usr/sbin/lvm
lvm2	/usr/sbin/lvm_import_vdo
lvm2	/usr/sbin/lvmconfig
lvm2	/usr/sbin/lvmdevices
lvm2	/usr/sbin/lvmdiskscan
lvm2	/usr/sbin/lvmdump
lvm2	/usr/sbin/lvmpersist
lvm2	/usr/sbin/lvmpolld
lvm2	/usr/sbin/lvmsadc
lvm2	/usr/sbin/lvmsar
lvm2	/usr/sbin/lvreduce
lvm2	/usr/sbin/lvremove
lvm2	/usr/sbin/lvrename
lvm2	/usr/sbin/lvresize
lvm2	/usr/sbin/lvs
lvm2	/usr/sbin/lvscan
lvm2	/usr/sbin/pvchange
lvm2	/usr/sbin/pvck
lvm2	/usr/sbin/pvcreate
lvm2	/usr/sbin/pvdisplay
lvm2	/usr/sbin/pvmove
lvm2	/usr/sbin/pvremove
lvm2	/usr/sbin/pvresize
lvm2	/usr/sbin/pvs
lvm2	/usr/sbin/pvscan
lvm2	/usr/sbin/vgcfgbackup
lvm2	/usr/sbin/vgcfgrestore
lvm2	/usr/sbin/vgchange
lvm2	/usr/sbin/vgck
lvm2	/usr/sbin/vgconvert
lvm2	/usr/sbin/vgcreate
lvm2	/usr/sbin/vgdisplay
lvm2	/usr/sbin/vgexport
lvm2	/usr/sbin/vgextend
lvm2	/usr/sbin/vgimport
lvm2	/usr/sbin/vgimportclone
lvm2	/usr/sbin/vgimportdevices
lvm2	/usr/sbin/vgmerge
lvm2	/usr/sbin/vgmknodes
lvm2	/usr/sbin/vgreduce
lvm2	/usr/sbin/vgremove
lvm2	/usr/sbin/vgrename
lvm2	/usr/sbin/vgs
lvm2	/usr/sbin/vgscan
lvm2	/usr/sbin/vgsplit
make	/usr/bin/gmake
make	/usr/bin/make
make	/usr/sbin/gmake
make	/usr/sbin/make
malcontent	/usr/lib/systemd/system/malcontent-timer-extension-agent.service
malcontent	/usr/lib/systemd/system/malcontent-timerd.service
malcontent	/usr/lib/systemd/system/malcontent-webd-update.service
malcontent	/usr/lib/systemd/system/malcontent-webd-update.timer
malcontent	/usr/lib/systemd/system/malcontent-webd.service
malcontent-control	/usr/bin/malcontent-control
malcontent-control	/usr/sbin/malcontent-control
malcontent-control	/usr/share/applications/org.freedesktop.MalcontentControl.desktop
man-db	/usr/bin/accessdb
man-db	/usr/bin/apropos
man-db	/usr/bin/apropos.man-db
man-db	/usr/bin/catman
man-db	/usr/bin/lexgrog
man-db	/usr/bin/man
man-db	/usr/bin/man-recode
man-db	/usr/bin/man.man-db
man-db	/usr/bin/mandb
man-db	/usr/bin/manpath
man-db	/usr/bin/whatis
man-db	/usr/bin/whatis.man-db
man-db	/usr/lib/systemd/system/man-db-cache-update.service
man-db	/usr/lib/systemd/system/man-db-restart-cache-update.service
man-db	/usr/sbin/accessdb
man-db	/usr/sbin/apropos
man-db	/usr/sbin/apropos.man-db
man-db	/usr/sbin/catman
man-db	/usr/sbin/lexgrog
man-db	/usr/sbin/man
man-db	/usr/sbin/man-recode
man-db	/usr/sbin/man.man-db
man-db	/usr/sbin/mandb
man-db	/usr/sbin/manpath
man-db	/usr/sbin/whatis
man-db	/usr/sbin/whatis.man-db
mdadm	/usr/bin/mdadm
mdadm	/usr/bin/mdmon
mdadm	/usr/bin/raid-check
mdadm	/usr/bin/raid6check
mdadm	/usr/lib/systemd/system/mdadm-grow-continue@.service
mdadm	/usr/lib/systemd/system/mdadm-last-resort@.service
mdadm	/usr/lib/systemd/system/mdadm-last-resort@.timer
mdadm	/usr/lib/systemd/system/mdcheck_continue.service
mdadm	/usr/lib/systemd/system/mdcheck_continue.timer
mdadm	/usr/lib/systemd/system/mdcheck_start.service
mdadm	/usr/lib/systemd/system/mdcheck_start.timer
mdadm	/usr/lib/systemd/system/mdmon@.service
mdadm	/usr/lib/systemd/system/mdmonitor-oneshot.service
mdadm	/usr/lib/systemd/system/mdmonitor-oneshot.timer
mdadm	/usr/lib/systemd/system/mdmonitor.service
mdadm	/usr/lib/systemd/system/raid-check.service
mdadm	/usr/lib/systemd/system/raid-check.timer
mdadm	/usr/sbin/mdadm
mdadm	/usr/sbin/mdmon
mdadm	/usr/sbin/raid-check
mdadm	/usr/sbin/raid6check
mokutil	/usr/bin/mokutil
mokutil	/usr/sbin/mokutil
mozc	/usr/bin/mozc_emacs_helper
mozc	/usr/sbin/mozc_emacs_helper
mutter	/usr/bin/gdctl
mutter	/usr/bin/gnome-service-client
mutter	/usr/bin/mutter
mutter	/usr/sbin/gdctl
mutter	/usr/sbin/gnome-service-client
mutter	/usr/sbin/mutter
ncurses	/usr/bin/captoinfo
ncurses	/usr/bin/clear
ncurses	/usr/bin/infocmp
ncurses	/usr/bin/infotocap
ncurses	/usr/bin/reset
ncurses	/usr/bin/tabs
ncurses	/usr/bin/tic
ncurses	/usr/bin/toe
ncurses	/usr/bin/tput
ncurses	/usr/bin/tset
ncurses	/usr/sbin/captoinfo
ncurses	/usr/sbin/clear
ncurses	/usr/sbin/infocmp
ncurses	/usr/sbin/infotocap
ncurses	/usr/sbin/reset
ncurses	/usr/sbin/tabs
ncurses	/usr/sbin/tic
ncurses	/usr/sbin/toe
ncurses	/usr/sbin/tput
ncurses	/usr/sbin/tset
netavark	/usr/lib/systemd/system/netavark-dhcp-proxy.service
netavark	/usr/lib/systemd/system/netavark-dhcp-proxy.socket
netavark	/usr/lib/systemd/system/netavark-firewalld-reload.service
netavark	/usr/lib/systemd/system/netavark-nftables-reload.service
nftables	/usr/bin/nft
nftables	/usr/sbin/nft
nftables-services	/usr/lib/systemd/system/nftables.service
ninja-build	/usr/bin/ninja
ninja-build	/usr/bin/ninja-build
ninja-build	/usr/sbin/ninja
ninja-build	/usr/sbin/ninja-build
nss-sysinit	/usr/bin/setup-nsssysinit
nss-sysinit	/usr/bin/setup-nsssysinit.sh
nss-sysinit	/usr/sbin/setup-nsssysinit
nss-sysinit	/usr/sbin/setup-nsssysinit.sh
ntfs-3g	/usr/bin/lowntfs-3g
ntfs-3g	/usr/bin/mount.lowntfs-3g
ntfs-3g	/usr/bin/mount.ntfs
ntfs-3g	/usr/bin/mount.ntfs-3g
ntfs-3g	/usr/bin/mount.ntfs-fuse
ntfs-3g	/usr/bin/ntfs-3g
ntfs-3g	/usr/bin/ntfs-3g-mount
ntfs-3g	/usr/bin/ntfs-3g.probe
ntfs-3g	/usr/bin/ntfsmount
ntfs-3g	/usr/sbin/lowntfs-3g
ntfs-3g	/usr/sbin/mount.lowntfs-3g
ntfs-3g	/usr/sbin/mount.ntfs
ntfs-3g	/usr/sbin/mount.ntfs-3g
ntfs-3g	/usr/sbin/mount.ntfs-fuse
ntfs-3g	/usr/sbin/ntfs-3g
ntfs-3g	/usr/sbin/ntfs-3g-mount
ntfs-3g	/usr/sbin/ntfs-3g.probe
ntfs-3g	/usr/sbin/ntfsmount
ntfsprogs	/usr/bin/fsck.ntfs
ntfsprogs	/usr/bin/mkfs.ntfs
ntfsprogs	/usr/bin/mkntfs
ntfsprogs	/usr/bin/ntfscat
ntfsprogs	/usr/bin/ntfsck
ntfsprogs	/usr/bin/ntfsclone
ntfsprogs	/usr/bin/ntfscluster
ntfsprogs	/usr/bin/ntfscmp
ntfsprogs	/usr/bin/ntfscp
ntfsprogs	/usr/bin/ntfsdecrypt
ntfsprogs	/usr/bin/ntfsdump_logfile
ntfsprogs	/usr/bin/ntfsfallocate
ntfsprogs	/usr/bin/ntfsfix
ntfsprogs	/usr/bin/ntfsinfo
ntfsprogs	/usr/bin/ntfslabel
ntfsprogs	/usr/bin/ntfsls
ntfsprogs	/usr/bin/ntfsmftalloc
ntfsprogs	/usr/bin/ntfsmove
ntfsprogs	/usr/bin/ntfsrecover
ntfsprogs	/usr/bin/ntfsresize
ntfsprogs	/usr/bin/ntfssecaudit
ntfsprogs	/usr/bin/ntfstruncate
ntfsprogs	/usr/bin/ntfsundelete
ntfsprogs	/usr/bin/ntfsusermap
ntfsprogs	/usr/bin/ntfswipe
ntfsprogs	/usr/sbin/fsck.ntfs
ntfsprogs	/usr/sbin/mkfs.ntfs
ntfsprogs	/usr/sbin/mkntfs
ntfsprogs	/usr/sbin/ntfscat
ntfsprogs	/usr/sbin/ntfsck
ntfsprogs	/usr/sbin/ntfsclone
ntfsprogs	/usr/sbin/ntfscluster
ntfsprogs	/usr/sbin/ntfscmp
ntfsprogs	/usr/sbin/ntfscp
ntfsprogs	/usr/sbin/ntfsdecrypt
ntfsprogs	/usr/sbin/ntfsdump_logfile
ntfsprogs	/usr/sbin/ntfsfallocate
ntfsprogs	/usr/sbin/ntfsfix
ntfsprogs	/usr/sbin/ntfsinfo
ntfsprogs	/usr/sbin/ntfslabel
ntfsprogs	/usr/sbin/ntfsls
ntfsprogs	/usr/sbin/ntfsmftalloc
ntfsprogs	/usr/sbin/ntfsmove
ntfsprogs	/usr/sbin/ntfsrecover
ntfsprogs	/usr/sbin/ntfsresize
ntfsprogs	/usr/sbin/ntfssecaudit
ntfsprogs	/usr/sbin/ntfstruncate
ntfsprogs	/usr/sbin/ntfsundelete
ntfsprogs	/usr/sbin/ntfsusermap
ntfsprogs	/usr/sbin/ntfswipe
openssh	/usr/bin/ssh-keygen
openssh	/usr/sbin/ssh-keygen
openssh-clients	/usr/bin/scp
openssh-clients	/usr/bin/sftp
openssh-clients	/usr/bin/ssh
openssh-clients	/usr/bin/ssh-add
openssh-clients	/usr/bin/ssh-agent
openssh-clients	/usr/bin/ssh-copy-id
openssh-clients	/usr/bin/ssh-keyscan
openssh-clients	/usr/lib/systemd/user/ssh-agent.service
openssh-clients	/usr/lib/systemd/user/ssh-agent.socket
openssh-clients	/usr/sbin/scp
openssh-clients	/usr/sbin/sftp
openssh-clients	/usr/sbin/ssh
openssh-clients	/usr/sbin/ssh-add
openssh-clients	/usr/sbin/ssh-agent
openssh-clients	/usr/sbin/ssh-copy-id
openssh-clients	/usr/sbin/ssh-keyscan
openssh-server	/usr/bin/sshd
openssh-server	/usr/lib/systemd/system/ssh-host-keys-migration.service
openssh-server	/usr/lib/systemd/system/sshd-keygen@.service
openssh-server	/usr/lib/systemd/system/sshd.service
openssh-server	/usr/lib/systemd/system/sshd.socket
openssh-server	/usr/lib/systemd/system/sshd@.service
openssh-server	/usr/sbin/sshd
openssl	/usr/bin/openssl
openssl	/usr/sbin/openssl
orc	/usr/bin/orc-bugreport
orc	/usr/sbin/orc-bugreport
os-prober	/usr/bin/linux-boot-prober
os-prober	/usr/bin/os-prober
os-prober	/usr/sbin/linux-boot-prober
os-prober	/usr/sbin/os-prober
ostree	/usr/bin/ostree
ostree	/usr/bin/rofiles-fuse
ostree	/usr/lib/systemd/system/ostree-boot-complete.service
ostree	/usr/lib/systemd/system/ostree-finalize-staged-hold.service
ostree	/usr/lib/systemd/system/ostree-finalize-staged.service
ostree	/usr/lib/systemd/system/ostree-prepare-root.service
ostree	/usr/lib/systemd/system/ostree-remount.service
ostree	/usr/lib/systemd/system/ostree-state-overlay@.service
ostree	/usr/sbin/ostree
ostree	/usr/sbin/rofiles-fuse
p11-kit	/usr/bin/p11-kit
p11-kit	/usr/sbin/p11-kit
p11-kit-server	/usr/lib/systemd/user/p11-kit-server.service
p11-kit-server	/usr/lib/systemd/user/p11-kit-server.socket
p11-kit-trust	/usr/bin/trust
p11-kit-trust	/usr/sbin/trust
pam	/usr/bin/faillock
pam	/usr/bin/mkhomedir_helper
pam	/usr/bin/pam_namespace_helper
pam	/usr/bin/pam_timestamp_check
pam	/usr/bin/pwhistory_helper
pam	/usr/bin/unix_chkpwd
pam	/usr/bin/unix_update
pam	/usr/lib/systemd/system/pam_namespace.service
pam	/usr/sbin/faillock
pam	/usr/sbin/mkhomedir_helper
pam	/usr/sbin/pam_namespace_helper
pam	/usr/sbin/pam_timestamp_check
pam	/usr/sbin/pwhistory_helper
pam	/usr/sbin/unix_chkpwd
pam	/usr/sbin/unix_update
pango	/usr/bin/pango-list
pango	/usr/bin/pango-segmentation
pango	/usr/bin/pango-view
pango	/usr/sbin/pango-list
pango	/usr/sbin/pango-segmentation
pango	/usr/sbin/pango-view
parted	/usr/bin/parted
parted	/usr/bin/partprobe
parted	/usr/sbin/parted
parted	/usr/sbin/partprobe
passim	/usr/bin/passim
passim	/usr/lib/systemd/system/passim.service
passim	/usr/sbin/passim
passt	/usr/bin/passt
passt	/usr/bin/passt-repair
passt	/usr/bin/passt.avx2
passt	/usr/bin/pasta
passt	/usr/bin/pasta.avx2
passt	/usr/bin/pesto
passt	/usr/sbin/passt
passt	/usr/sbin/passt-repair
passt	/usr/sbin/passt.avx2
passt	/usr/sbin/pasta
passt	/usr/sbin/pasta.avx2
passt	/usr/sbin/pesto
pcre2-devel	/usr/bin/pcre2-config
pcre2-devel	/usr/sbin/pcre2-config
perl-Encode	/usr/bin/encguess
perl-Encode	/usr/bin/piconv
perl-Encode	/usr/sbin/encguess
perl-Encode	/usr/sbin/piconv
perl-Pod-Perldoc	/usr/bin/perldoc
perl-Pod-Perldoc	/usr/sbin/perldoc
perl-Pod-Usage	/usr/bin/pod2usage
perl-Pod-Usage	/usr/sbin/pod2usage
perl-interpreter	/usr/bin/perl
perl-interpreter	/usr/bin/perl5.42.2
perl-interpreter	/usr/sbin/perl
perl-interpreter	/usr/sbin/perl5.42.2
perl-podlators	/usr/bin/pod2man
perl-podlators	/usr/bin/pod2text
perl-podlators	/usr/sbin/pod2man
perl-podlators	/usr/sbin/pod2text
pipewire	/usr/bin/pipewire
pipewire	/usr/bin/pipewire-aes67
pipewire	/usr/bin/pipewire-avb
pipewire	/usr/bin/pipewire-vulkan
pipewire	/usr/lib/systemd/user/filter-chain.service
pipewire	/usr/lib/systemd/user/pipewire.service
pipewire	/usr/lib/systemd/user/pipewire.socket
pipewire	/usr/sbin/pipewire
pipewire	/usr/sbin/pipewire-aes67
pipewire	/usr/sbin/pipewire-avb
pipewire	/usr/sbin/pipewire-vulkan
pipewire-jack-audio-connection-kit-libs	/usr/bin/pw-jack
pipewire-jack-audio-connection-kit-libs	/usr/sbin/pw-jack
pipewire-pulseaudio	/usr/bin/pipewire-pulse
pipewire-pulseaudio	/usr/lib/systemd/user/pipewire-pulse.service
pipewire-pulseaudio	/usr/lib/systemd/user/pipewire-pulse.socket
pipewire-pulseaudio	/usr/sbin/pipewire-pulse
pkgconf	/usr/bin/pkgconf
pkgconf	/usr/sbin/pkgconf
pkgconf-pkg-config	/usr/bin/pkg-config
pkgconf-pkg-config	/usr/bin/x86_64-redhat-linux-gnu-pkg-config
pkgconf-pkg-config	/usr/sbin/pkg-config
pkgconf-pkg-config	/usr/sbin/x86_64-redhat-linux-gnu-pkg-config
podman	/usr/bin/podman
podman	/usr/lib/systemd/system/podman-auto-update.service
podman	/usr/lib/systemd/system/podman-auto-update.timer
podman	/usr/lib/systemd/system/podman-clean-transient.service
podman	/usr/lib/systemd/system/podman-kube@.service
podman	/usr/lib/systemd/system/podman-restart.service
podman	/usr/lib/systemd/system/podman.service
podman	/usr/lib/systemd/system/podman.socket
podman	/usr/lib/systemd/user/podman-auto-update.service
podman	/usr/lib/systemd/user/podman-clean-transient.service
podman	/usr/lib/systemd/user/podman-kube@.service
podman	/usr/lib/systemd/user/podman-restart.service
podman	/usr/lib/systemd/user/podman-user-wait-network-online.service
podman	/usr/lib/systemd/user/podman.service
podman	/usr/lib/systemd/user/podman.socket
podman	/usr/sbin/podman
policycoreutils	/usr/bin/fixfiles
policycoreutils	/usr/bin/genhomedircon
policycoreutils	/usr/bin/load_policy
policycoreutils	/usr/bin/restorecon
policycoreutils	/usr/bin/restorecon_xattr
policycoreutils	/usr/bin/secon
policycoreutils	/usr/bin/semodule
policycoreutils	/usr/bin/semodule_expand
policycoreutils	/usr/bin/semodule_link
policycoreutils	/usr/bin/semodule_package
policycoreutils	/usr/bin/semodule_unpackage
policycoreutils	/usr/bin/sestatus
policycoreutils	/usr/bin/setfiles
policycoreutils	/usr/bin/setsebool
policycoreutils	/usr/bin/unsetfiles
policycoreutils	/usr/lib/systemd/system/selinux-autorelabel-mark.service
policycoreutils	/usr/lib/systemd/system/selinux-autorelabel.service
policycoreutils	/usr/sbin/fixfiles
policycoreutils	/usr/sbin/genhomedircon
policycoreutils	/usr/sbin/load_policy
policycoreutils	/usr/sbin/restorecon
policycoreutils	/usr/sbin/restorecon_xattr
policycoreutils	/usr/sbin/secon
policycoreutils	/usr/sbin/semodule
policycoreutils	/usr/sbin/semodule_expand
policycoreutils	/usr/sbin/semodule_link
policycoreutils	/usr/sbin/semodule_package
policycoreutils	/usr/sbin/semodule_unpackage
policycoreutils	/usr/sbin/sestatus
policycoreutils	/usr/sbin/setfiles
policycoreutils	/usr/sbin/setsebool
policycoreutils	/usr/sbin/unsetfiles
policycoreutils-python-utils	/usr/bin/audit2allow
policycoreutils-python-utils	/usr/bin/audit2why
policycoreutils-python-utils	/usr/bin/chcat
policycoreutils-python-utils	/usr/bin/semanage
policycoreutils-python-utils	/usr/sbin/audit2allow
policycoreutils-python-utils	/usr/sbin/audit2why
policycoreutils-python-utils	/usr/sbin/chcat
policycoreutils-python-utils	/usr/sbin/semanage
polkit	/usr/bin/pkaction
polkit	/usr/bin/pkcheck
polkit	/usr/bin/pkexec
polkit	/usr/bin/pkttyagent
polkit	/usr/lib/systemd/system/polkit-agent-helper.socket
polkit	/usr/lib/systemd/system/polkit-agent-helper@.service
polkit	/usr/lib/systemd/system/polkit.service
polkit	/usr/sbin/pkaction
polkit	/usr/sbin/pkcheck
polkit	/usr/sbin/pkexec
polkit	/usr/sbin/pkttyagent
procps-ng	/usr/bin/free
procps-ng	/usr/bin/hugetop
procps-ng	/usr/bin/pgrep
procps-ng	/usr/bin/pidof
procps-ng	/usr/bin/pidwait
procps-ng	/usr/bin/pkill
procps-ng	/usr/bin/pmap
procps-ng	/usr/bin/ps
procps-ng	/usr/bin/pwdx
procps-ng	/usr/bin/skill
procps-ng	/usr/bin/slabtop
procps-ng	/usr/bin/snice
procps-ng	/usr/bin/sysctl
procps-ng	/usr/bin/tload
procps-ng	/usr/bin/top
procps-ng	/usr/bin/uptime
procps-ng	/usr/bin/vmstat
procps-ng	/usr/bin/w
procps-ng	/usr/bin/watch
procps-ng	/usr/sbin/free
procps-ng	/usr/sbin/hugetop
procps-ng	/usr/sbin/pgrep
procps-ng	/usr/sbin/pidof
procps-ng	/usr/sbin/pidwait
procps-ng	/usr/sbin/pkill
procps-ng	/usr/sbin/pmap
procps-ng	/usr/sbin/ps
procps-ng	/usr/sbin/pwdx
procps-ng	/usr/sbin/skill
procps-ng	/usr/sbin/slabtop
procps-ng	/usr/sbin/snice
procps-ng	/usr/sbin/sysctl
procps-ng	/usr/sbin/tload
procps-ng	/usr/sbin/top
procps-ng	/usr/sbin/uptime
procps-ng	/usr/sbin/vmstat
procps-ng	/usr/sbin/w
procps-ng	/usr/sbin/watch
psmisc	/usr/bin/fuser
psmisc	/usr/bin/killall
psmisc	/usr/bin/peekfd
psmisc	/usr/bin/prtstat
psmisc	/usr/bin/pslog
psmisc	/usr/bin/pstree
psmisc	/usr/bin/pstree.x11
psmisc	/usr/sbin/fuser
psmisc	/usr/sbin/killall
psmisc	/usr/sbin/peekfd
psmisc	/usr/sbin/prtstat
psmisc	/usr/sbin/pslog
psmisc	/usr/sbin/pstree
psmisc	/usr/sbin/pstree.x11
python3	/usr/bin/pydoc
python3	/usr/bin/pydoc3
python3	/usr/bin/pydoc3.14
python3	/usr/bin/python3
python3	/usr/bin/python3.14
python3	/usr/sbin/pydoc
python3	/usr/sbin/pydoc3
python3	/usr/sbin/pydoc3.14
python3	/usr/sbin/python3
python3	/usr/sbin/python3.14
python3-argcomplete	/usr/bin/activate-global-python-argcomplete
python3-argcomplete	/usr/bin/python-argcomplete-check-easy-install-script
python3-argcomplete	/usr/bin/register-python-argcomplete
python3-argcomplete	/usr/sbin/activate-global-python-argcomplete
python3-argcomplete	/usr/sbin/python-argcomplete-check-easy-install-script
python3-argcomplete	/usr/sbin/register-python-argcomplete
python3-distro	/usr/bin/distro
python3-distro	/usr/sbin/distro
python3-pip	/usr/bin/pip
python3-pip	/usr/bin/pip-3
python3-pip	/usr/bin/pip-3.14
python3-pip	/usr/bin/pip3
python3-pip	/usr/bin/pip3.14
python3-pip	/usr/sbin/pip
python3-pip	/usr/sbin/pip-3
python3-pip	/usr/sbin/pip-3.14
python3-pip	/usr/sbin/pip3
python3-pip	/usr/sbin/pip3.14
rpm	/usr/bin/rpm
rpm	/usr/bin/rpm2archive
rpm	/usr/bin/rpm2cpio
rpm	/usr/bin/rpmdb
rpm	/usr/bin/rpmkeys
rpm	/usr/bin/rpmquery
rpm	/usr/bin/rpmsort
rpm	/usr/bin/rpmverify
rpm	/usr/lib/systemd/system/rpmdb-rebuild.service
rpm	/usr/sbin/rpm
rpm	/usr/sbin/rpm2archive
rpm	/usr/sbin/rpm2cpio
rpm	/usr/sbin/rpmdb
rpm	/usr/sbin/rpmkeys
rpm	/usr/sbin/rpmquery
rpm	/usr/sbin/rpmsort
rpm	/usr/sbin/rpmverify
rtkit	/usr/bin/rtkitctl
rtkit	/usr/lib/systemd/system/rtkit-daemon.service
rtkit	/usr/sbin/rtkitctl
runc	/usr/bin/runc
runc	/usr/sbin/runc
sed	/usr/bin/sed
sed	/usr/sbin/sed
selinux-policy	/usr/lib/systemd/system/selinux-check-proper-disable.service
setxkbmap	/usr/bin/setxkbmap
setxkbmap	/usr/sbin/setxkbmap
shadow-utils	/usr/bin/adduser
shadow-utils	/usr/bin/chage
shadow-utils	/usr/bin/chgpasswd
shadow-utils	/usr/bin/chpasswd
shadow-utils	/usr/bin/gpasswd
shadow-utils	/usr/bin/groupadd
shadow-utils	/usr/bin/groupdel
shadow-utils	/usr/bin/groupmod
shadow-utils	/usr/bin/grpck
shadow-utils	/usr/bin/grpconv
shadow-utils	/usr/bin/grpunconv
shadow-utils	/usr/bin/newgidmap
shadow-utils	/usr/bin/newgrp
shadow-utils	/usr/bin/newuidmap
shadow-utils	/usr/bin/newusers
shadow-utils	/usr/bin/passwd
shadow-utils	/usr/bin/pwck
shadow-utils	/usr/bin/pwconv
shadow-utils	/usr/bin/pwunconv
shadow-utils	/usr/bin/sg
shadow-utils	/usr/bin/useradd
shadow-utils	/usr/bin/userdel
shadow-utils	/usr/bin/usermod
shadow-utils	/usr/bin/vigr
shadow-utils	/usr/bin/vipw
shadow-utils	/usr/sbin/adduser
shadow-utils	/usr/sbin/chage
shadow-utils	/usr/sbin/chgpasswd
shadow-utils	/usr/sbin/chpasswd
shadow-utils	/usr/sbin/gpasswd
shadow-utils	/usr/sbin/groupadd
shadow-utils	/usr/sbin/groupdel
shadow-utils	/usr/sbin/groupmod
shadow-utils	/usr/sbin/grpck
shadow-utils	/usr/sbin/grpconv
shadow-utils	/usr/sbin/grpunconv
shadow-utils	/usr/sbin/newgidmap
shadow-utils	/usr/sbin/newgrp
shadow-utils	/usr/sbin/newuidmap
shadow-utils	/usr/sbin/newusers
shadow-utils	/usr/sbin/passwd
shadow-utils	/usr/sbin/pwck
shadow-utils	/usr/sbin/pwconv
shadow-utils	/usr/sbin/pwunconv
shadow-utils	/usr/sbin/sg
shadow-utils	/usr/sbin/useradd
shadow-utils	/usr/sbin/userdel
shadow-utils	/usr/sbin/usermod
shadow-utils	/usr/sbin/vigr
shadow-utils	/usr/sbin/vipw
shadow-utils-subid	/usr/bin/getsubids
shadow-utils-subid	/usr/sbin/getsubids
shared-mime-info	/usr/bin/update-mime-database
shared-mime-info	/usr/sbin/update-mime-database
skopeo	/usr/bin/skopeo
skopeo	/usr/sbin/skopeo
squashfs-tools	/usr/bin/mksquashfs
squashfs-tools	/usr/bin/sqfscat
squashfs-tools	/usr/bin/sqfstar
squashfs-tools	/usr/bin/unsquashfs
squashfs-tools	/usr/sbin/mksquashfs
squashfs-tools	/usr/sbin/sqfscat
squashfs-tools	/usr/sbin/sqfstar
squashfs-tools	/usr/sbin/unsquashfs
sudo	/usr/bin/cvtsudoers
sudo	/usr/bin/sudo
sudo	/usr/bin/sudoedit
sudo	/usr/bin/sudoreplay
sudo	/usr/bin/visudo
sudo	/usr/sbin/cvtsudoers
sudo	/usr/sbin/sudo
sudo	/usr/sbin/sudoedit
sudo	/usr/sbin/sudoreplay
sudo	/usr/sbin/visudo
switcheroo-control	/usr/bin/switcherooctl
switcheroo-control	/usr/lib/systemd/system/switcheroo-control.service
switcheroo-control	/usr/sbin/switcherooctl
systemd	/usr/bin/busctl
systemd	/usr/bin/halt
systemd	/usr/bin/hostnamectl
systemd	/usr/bin/init
systemd	/usr/bin/journalctl
systemd	/usr/bin/localectl
systemd	/usr/bin/loginctl
systemd	/usr/bin/mount.mstack
systemd	/usr/bin/mount.storage
systemd	/usr/bin/oomctl
systemd	/usr/bin/poweroff
systemd	/usr/bin/reboot
systemd	/usr/bin/resolvectl
systemd	/usr/bin/run0
systemd	/usr/bin/shutdown
systemd	/usr/bin/storagectl
systemd	/usr/bin/systemctl
systemd	/usr/bin/systemd-analyze
systemd	/usr/bin/systemd-ask-password
systemd	/usr/bin/systemd-cat
systemd	/usr/bin/systemd-cgls
systemd	/usr/bin/systemd-cgtop
systemd	/usr/bin/systemd-confext
systemd	/usr/bin/systemd-creds
systemd	/usr/bin/systemd-delta
systemd	/usr/bin/systemd-detect-virt
systemd	/usr/bin/systemd-escape
systemd	/usr/bin/systemd-firstboot
systemd	/usr/bin/systemd-home-fallback-shell
systemd	/usr/bin/systemd-id128
systemd	/usr/bin/systemd-inhibit
systemd	/usr/bin/systemd-machine-id-setup
systemd	/usr/bin/systemd-mount
systemd	/usr/bin/systemd-mstack
systemd	/usr/bin/systemd-mute-console
systemd	/usr/bin/systemd-notify
systemd	/usr/bin/systemd-path
systemd	/usr/bin/systemd-pty-forward
systemd	/usr/bin/systemd-run
systemd	/usr/bin/systemd-socket-activate
systemd	/usr/bin/systemd-stdio-bridge
systemd	/usr/bin/systemd-sysext
systemd	/usr/bin/systemd-tmpfiles
systemd	/usr/bin/systemd-tty-ask-password-agent
systemd	/usr/bin/systemd-umount
systemd	/usr/bin/systemd-vpick
systemd	/usr/bin/timedatectl
systemd	/usr/bin/userdbctl
systemd	/usr/bin/varlinkctl
systemd	/usr/lib/systemd/system/breakpoint-pre-basic.service
systemd	/usr/lib/systemd/system/breakpoint-pre-mount.service
systemd	/usr/lib/systemd/system/breakpoint-pre-switch-root.service
systemd	/usr/lib/systemd/system/capsule@.service
systemd	/usr/lib/systemd/system/console-getty.service
systemd	/usr/lib/systemd/system/container-getty@.service
systemd	/usr/lib/systemd/system/dbus-org.freedesktop.hostname1.service
systemd	/usr/lib/systemd/system/dbus-org.freedesktop.locale1.service
systemd	/usr/lib/systemd/system/dbus-org.freedesktop.login1.service
systemd	/usr/lib/systemd/system/dbus-org.freedesktop.timedate1.service
systemd	/usr/lib/systemd/system/debug-shell.service
systemd	/usr/lib/systemd/system/emergency.service
systemd	/usr/lib/systemd/system/getty@.service
systemd	/usr/lib/systemd/system/ldconfig.service
systemd	/usr/lib/systemd/system/modprobe@.service
systemd	/usr/lib/systemd/system/rescue.service
systemd	/usr/lib/systemd/system/serial-getty@.service
systemd	/usr/lib/systemd/system/syslog.socket
systemd	/usr/lib/systemd/system/system-update-cleanup.service
systemd	/usr/lib/systemd/system/systemd-ask-password-console.service
systemd	/usr/lib/systemd/system/systemd-ask-password-wall.service
systemd	/usr/lib/systemd/system/systemd-ask-password.socket
systemd	/usr/lib/systemd/system/systemd-ask-password@.service
systemd	/usr/lib/systemd/system/systemd-battery-check.service
systemd	/usr/lib/systemd/system/systemd-boot-check-no-failures.service
systemd	/usr/lib/systemd/system/systemd-boot-clear-sysfail.service
systemd	/usr/lib/systemd/system/systemd-confext-initrd.service
systemd	/usr/lib/systemd/system/systemd-confext-sysroot.service
systemd	/usr/lib/systemd/system/systemd-confext.service
systemd	/usr/lib/systemd/system/systemd-creds.socket
systemd	/usr/lib/systemd/system/systemd-creds@.service
systemd	/usr/lib/systemd/system/systemd-exit.service
systemd	/usr/lib/systemd/system/systemd-factory-reset-complete.service
systemd	/usr/lib/systemd/system/systemd-factory-reset-reboot.service
systemd	/usr/lib/systemd/system/systemd-factory-reset-request.service
systemd	/usr/lib/systemd/system/systemd-factory-reset.socket
systemd	/usr/lib/systemd/system/systemd-factory-reset@.service
systemd	/usr/lib/systemd/system/systemd-firstboot.service
systemd	/usr/lib/systemd/system/systemd-halt.service
systemd	/usr/lib/systemd/system/systemd-hostnamed.service
systemd	/usr/lib/systemd/system/systemd-hostnamed.socket
systemd	/usr/lib/systemd/system/systemd-imds-early-network.service
systemd	/usr/lib/systemd/system/systemd-imds-import.service
systemd	/usr/lib/systemd/system/systemd-journal-catalog-update.service
systemd	/usr/lib/systemd/system/systemd-journal-flush.service
systemd	/usr/lib/systemd/system/systemd-journalctl.socket
systemd	/usr/lib/systemd/system/systemd-journalctl@.service
systemd	/usr/lib/systemd/system/systemd-journald-audit.socket
systemd	/usr/lib/systemd/system/systemd-journald-dev-log.socket
systemd	/usr/lib/systemd/system/systemd-journald-sync@.service
systemd	/usr/lib/systemd/system/systemd-journald-varlink@.socket
systemd	/usr/lib/systemd/system/systemd-journald.service
systemd	/usr/lib/systemd/system/systemd-journald.socket
systemd	/usr/lib/systemd/system/systemd-journald@.service
systemd	/usr/lib/systemd/system/systemd-journald@.socket
systemd	/usr/lib/systemd/system/systemd-kexec.service
systemd	/usr/lib/systemd/system/systemd-localed.service
systemd	/usr/lib/systemd/system/systemd-logind-varlink.socket
systemd	/usr/lib/systemd/system/systemd-logind.service
systemd	/usr/lib/systemd/system/systemd-machine-id-commit.service
systemd	/usr/lib/systemd/system/systemd-mute-console.socket
systemd	/usr/lib/systemd/system/systemd-mute-console@.service
systemd	/usr/lib/systemd/system/systemd-poweroff.service
systemd	/usr/lib/systemd/system/systemd-reboot.service
systemd	/usr/lib/systemd/system/systemd-report-basic.socket
systemd	/usr/lib/systemd/system/systemd-report-basic@.service
systemd	/usr/lib/systemd/system/systemd-report-cgroup.socket
systemd	/usr/lib/systemd/system/systemd-report-cgroup@.service
systemd	/usr/lib/systemd/system/systemd-soft-reboot.service
systemd	/usr/lib/systemd/system/systemd-storage-block.socket
systemd	/usr/lib/systemd/system/systemd-storage-block@.service
systemd	/usr/lib/systemd/system/systemd-storage-fs.socket
systemd	/usr/lib/systemd/system/systemd-storage-fs@.service
systemd	/usr/lib/systemd/system/systemd-storagetm.service
systemd	/usr/lib/systemd/system/systemd-sysext-initrd.service
systemd	/usr/lib/systemd/system/systemd-sysext-sysroot.service
systemd	/usr/lib/systemd/system/systemd-sysext.service
systemd	/usr/lib/systemd/system/systemd-sysext.socket
systemd	/usr/lib/systemd/system/systemd-sysext@.service
systemd	/usr/lib/systemd/system/systemd-sysusers.service
systemd	/usr/lib/systemd/system/systemd-time-wait-sync.service
systemd	/usr/lib/systemd/system/systemd-timedated.service
systemd	/usr/lib/systemd/system/systemd-tmpfiles-clean.service
systemd	/usr/lib/systemd/system/systemd-tmpfiles-clean.timer
systemd	/usr/lib/systemd/system/systemd-tmpfiles-setup.service
systemd	/usr/lib/systemd/system/systemd-update-done.service
systemd	/usr/lib/systemd/system/systemd-update-utmp.service
systemd	/usr/lib/systemd/system/systemd-user-sessions.service
systemd	/usr/lib/systemd/system/systemd-userdb-load-credentials.service
systemd	/usr/lib/systemd/system/systemd-userdbd.service
systemd	/usr/lib/systemd/system/systemd-userdbd.socket
systemd	/usr/lib/systemd/system/systemd-validatefs@.service
systemd	/usr/lib/systemd/system/user-runtime-dir@.service
systemd	/usr/lib/systemd/system/user@.service
systemd	/usr/lib/systemd/user/systemd-ask-password.socket
systemd	/usr/lib/systemd/user/systemd-ask-password@.service
systemd	/usr/lib/systemd/user/systemd-exit.service
systemd	/usr/lib/systemd/user/systemd-journalctl.socket
systemd	/usr/lib/systemd/user/systemd-journalctl@.service
systemd	/usr/lib/systemd/user/systemd-storage-fs.socket
systemd	/usr/lib/systemd/user/systemd-storage-fs@.service
systemd	/usr/lib/systemd/user/systemd-tmpfiles-clean.service
systemd	/usr/lib/systemd/user/systemd-tmpfiles-setup.service
systemd	/usr/sbin/busctl
systemd	/usr/sbin/halt
systemd	/usr/sbin/hostnamectl
systemd	/usr/sbin/init
systemd	/usr/sbin/journalctl
systemd	/usr/sbin/localectl
systemd	/usr/sbin/loginctl
systemd	/usr/sbin/mount.mstack
systemd	/usr/sbin/mount.storage
systemd	/usr/sbin/oomctl
systemd	/usr/sbin/poweroff
systemd	/usr/sbin/reboot
systemd	/usr/sbin/resolvectl
systemd	/usr/sbin/run0
systemd	/usr/sbin/shutdown
systemd	/usr/sbin/storagectl
systemd	/usr/sbin/systemctl
systemd	/usr/sbin/systemd-analyze
systemd	/usr/sbin/systemd-ask-password
systemd	/usr/sbin/systemd-cat
systemd	/usr/sbin/systemd-cgls
systemd	/usr/sbin/systemd-cgtop
systemd	/usr/sbin/systemd-confext
systemd	/usr/sbin/systemd-creds
systemd	/usr/sbin/systemd-delta
systemd	/usr/sbin/systemd-detect-virt
systemd	/usr/sbin/systemd-escape
systemd	/usr/sbin/systemd-firstboot
systemd	/usr/sbin/systemd-home-fallback-shell
systemd	/usr/sbin/systemd-id128
systemd	/usr/sbin/systemd-inhibit
systemd	/usr/sbin/systemd-machine-id-setup
systemd	/usr/sbin/systemd-mount
systemd	/usr/sbin/systemd-mstack
systemd	/usr/sbin/systemd-mute-console
systemd	/usr/sbin/systemd-notify
systemd	/usr/sbin/systemd-path
systemd	/usr/sbin/systemd-pty-forward
systemd	/usr/sbin/systemd-run
systemd	/usr/sbin/systemd-socket-activate
systemd	/usr/sbin/systemd-stdio-bridge
systemd	/usr/sbin/systemd-sysext
systemd	/usr/sbin/systemd-tmpfiles
systemd	/usr/sbin/systemd-tty-ask-password-agent
systemd	/usr/sbin/systemd-umount
systemd	/usr/sbin/systemd-vpick
systemd	/usr/sbin/timedatectl
systemd	/usr/sbin/userdbctl
systemd	/usr/sbin/varlinkctl
systemd-container	/usr/bin/importctl
systemd-container	/usr/bin/machinectl
systemd-container	/usr/bin/mount.ddi
systemd-container	/usr/bin/portablectl
systemd-container	/usr/bin/systemd-dissect
systemd-container	/usr/bin/systemd-nspawn
systemd-container	/usr/bin/systemd-vmspawn
systemd-container	/usr/lib/systemd/system/dbus-org.freedesktop.import1.service
systemd-container	/usr/lib/systemd/system/dbus-org.freedesktop.machine1.service
systemd-container	/usr/lib/systemd/system/dbus-org.freedesktop.portable1.service
systemd-container	/usr/lib/systemd/system/systemd-importd.service
systemd-container	/usr/lib/systemd/system/systemd-importd.socket
systemd-container	/usr/lib/systemd/system/systemd-machined.service
systemd-container	/usr/lib/systemd/system/systemd-machined.socket
systemd-container	/usr/lib/systemd/system/systemd-mountfsd.service
systemd-container	/usr/lib/systemd/system/systemd-mountfsd.socket
systemd-container	/usr/lib/systemd/system/systemd-nspawn@.service
systemd-container	/usr/lib/systemd/system/systemd-nsresourced.service
systemd-container	/usr/lib/systemd/system/systemd-nsresourced.socket
systemd-container	/usr/lib/systemd/system/systemd-portabled.service
systemd-container	/usr/lib/systemd/system/systemd-vmspawn@.service
systemd-container	/usr/lib/systemd/user/dbus-org.freedesktop.import1.service
systemd-container	/usr/lib/systemd/user/dbus-org.freedesktop.machine1.service
systemd-container	/usr/lib/systemd/user/dbus-org.freedesktop.portable1.service
systemd-container	/usr/lib/systemd/user/systemd-importd.service
systemd-container	/usr/lib/systemd/user/systemd-importd.socket
systemd-container	/usr/lib/systemd/user/systemd-machined.service
systemd-container	/usr/lib/systemd/user/systemd-machined.socket
systemd-container	/usr/lib/systemd/user/systemd-nspawn@.service
systemd-container	/usr/lib/systemd/user/systemd-portabled.service
systemd-container	/usr/lib/systemd/user/systemd-vmspawn@.service
systemd-container	/usr/sbin/importctl
systemd-container	/usr/sbin/machinectl
systemd-container	/usr/sbin/mount.ddi
systemd-container	/usr/sbin/portablectl
systemd-container	/usr/sbin/systemd-dissect
systemd-container	/usr/sbin/systemd-nspawn
systemd-container	/usr/sbin/systemd-vmspawn
systemd-resolved	/usr/bin/resolvconf
systemd-resolved	/usr/bin/systemd-resolve
systemd-resolved	/usr/lib/systemd/system/systemd-resolved-monitor.socket
systemd-resolved	/usr/lib/systemd/system/systemd-resolved-varlink.socket
systemd-resolved	/usr/lib/systemd/system/systemd-resolved.service
systemd-resolved	/usr/sbin/resolvconf
systemd-resolved	/usr/sbin/systemd-resolve
systemd-sysusers	/usr/bin/systemd-sysusers
systemd-sysusers	/usr/sbin/systemd-sysusers
systemd-udev	/usr/bin/bootctl
systemd-udev	/usr/bin/coredumpctl
systemd-udev	/usr/bin/homectl
systemd-udev	/usr/bin/installkernel
systemd-udev	/usr/bin/kernel-install
systemd-udev	/usr/bin/systemd-ac-power
systemd-udev	/usr/bin/systemd-cryptenroll
systemd-udev	/usr/bin/systemd-cryptsetup
systemd-udev	/usr/bin/systemd-hwdb
systemd-udev	/usr/bin/systemd-repart
systemd-udev	/usr/bin/systemd-sysinstall
systemd-udev	/usr/bin/systemd-sysupdate
systemd-udev	/usr/bin/udevadm
systemd-udev	/usr/bin/updatectl
systemd-udev	/usr/lib/systemd/system/breakpoint-pre-udev.service
systemd-udev	/usr/lib/systemd/system/dbus-org.freedesktop.sysupdate1.service
systemd-udev	/usr/lib/systemd/system/initrd-cleanup.service
systemd-udev	/usr/lib/systemd/system/initrd-parse-etc.service
systemd-udev	/usr/lib/systemd/system/initrd-switch-root.service
systemd-udev	/usr/lib/systemd/system/initrd-udevadm-cleanup-db.service
systemd-udev	/usr/lib/systemd/system/kmod-static-nodes.service
systemd-udev	/usr/lib/systemd/system/quotaon-root.service
systemd-udev	/usr/lib/systemd/system/quotaon@.service
systemd-udev	/usr/lib/systemd/system/systemd-backlight@.service
systemd-udev	/usr/lib/systemd/system/systemd-binfmt.service
systemd-udev	/usr/lib/systemd/system/systemd-bless-boot.service
systemd-udev	/usr/lib/systemd/system/systemd-boot-random-seed.service
systemd-udev	/usr/lib/systemd/system/systemd-boot-update.service
systemd-udev	/usr/lib/systemd/system/systemd-bootctl.socket
systemd-udev	/usr/lib/systemd/system/systemd-bootctl@.service
systemd-udev	/usr/lib/systemd/system/systemd-bsod.service
systemd-udev	/usr/lib/systemd/system/systemd-coredump.socket
systemd-udev	/usr/lib/systemd/system/systemd-coredump@.service
systemd-udev	/usr/lib/systemd/system/systemd-fsck-root.service
systemd-udev	/usr/lib/systemd/system/systemd-fsck@.service
systemd-udev	/usr/lib/systemd/system/systemd-growfs-root.service
systemd-udev	/usr/lib/systemd/system/systemd-growfs@.service
systemd-udev	/usr/lib/systemd/system/systemd-hibernate-clear.service
systemd-udev	/usr/lib/systemd/system/systemd-hibernate-resume.service
systemd-udev	/usr/lib/systemd/system/systemd-hibernate.service
systemd-udev	/usr/lib/systemd/system/systemd-homed-activate.service
systemd-udev	/usr/lib/systemd/system/systemd-homed-firstboot.service
systemd-udev	/usr/lib/systemd/system/systemd-homed.service
systemd-udev	/usr/lib/systemd/system/systemd-hwdb-update.service
systemd-udev	/usr/lib/systemd/system/systemd-hybrid-sleep.service
systemd-udev	/usr/lib/systemd/system/systemd-imdsd.socket
systemd-udev	/usr/lib/systemd/system/systemd-imdsd@.service
systemd-udev	/usr/lib/systemd/system/systemd-loop@.service
systemd-udev	/usr/lib/systemd/system/systemd-modules-load.service
systemd-udev	/usr/lib/systemd/system/systemd-network-generator.service
systemd-udev	/usr/lib/systemd/system/systemd-oomd.service
systemd-udev	/usr/lib/systemd/system/systemd-oomd.socket
systemd-udev	/usr/lib/systemd/system/systemd-pcrextend.socket
systemd-udev	/usr/lib/systemd/system/systemd-pcrextend@.service
systemd-udev	/usr/lib/systemd/system/systemd-pcrfs-root.service
systemd-udev	/usr/lib/systemd/system/systemd-pcrfs@.service
systemd-udev	/usr/lib/systemd/system/systemd-pcrlock-file-system.service
systemd-udev	/usr/lib/systemd/system/systemd-pcrlock-firmware-code.service
systemd-udev	/usr/lib/systemd/system/systemd-pcrlock-firmware-config.service
systemd-udev	/usr/lib/systemd/system/systemd-pcrlock-machine-id.service
systemd-udev	/usr/lib/systemd/system/systemd-pcrlock-make-policy.service
systemd-udev	/usr/lib/systemd/system/systemd-pcrlock-secureboot-authority.service
systemd-udev	/usr/lib/systemd/system/systemd-pcrlock-secureboot-policy.service
systemd-udev	/usr/lib/systemd/system/systemd-pcrlock.socket
systemd-udev	/usr/lib/systemd/system/systemd-pcrlock@.service
systemd-udev	/usr/lib/systemd/system/systemd-pcrlogin@.service
systemd-udev	/usr/lib/systemd/system/systemd-pcrmachine.service
systemd-udev	/usr/lib/systemd/system/systemd-pcrnvdone.service
systemd-udev	/usr/lib/systemd/system/systemd-pcrosseparator.service
systemd-udev	/usr/lib/systemd/system/systemd-pcrphase-factory-reset.service
systemd-udev	/usr/lib/systemd/system/systemd-pcrphase-initrd.service
systemd-udev	/usr/lib/systemd/system/systemd-pcrphase-storage-target-mode.service
systemd-udev	/usr/lib/systemd/system/systemd-pcrphase-sysinit.service
systemd-udev	/usr/lib/systemd/system/systemd-pcrphase.service
systemd-udev	/usr/lib/systemd/system/systemd-pcrproduct.service
systemd-udev	/usr/lib/systemd/system/systemd-pstore.service
systemd-udev	/usr/lib/systemd/system/systemd-quotacheck-root.service
systemd-udev	/usr/lib/systemd/system/systemd-quotacheck@.service
systemd-udev	/usr/lib/systemd/system/systemd-random-seed.service
systemd-udev	/usr/lib/systemd/system/systemd-remount-fs.service
systemd-udev	/usr/lib/systemd/system/systemd-repart.service
systemd-udev	/usr/lib/systemd/system/systemd-repart.socket
systemd-udev	/usr/lib/systemd/system/systemd-repart@.service
systemd-udev	/usr/lib/systemd/system/systemd-rfkill.service
systemd-udev	/usr/lib/systemd/system/systemd-rfkill.socket
systemd-udev	/usr/lib/systemd/system/systemd-suspend-then-hibernate.service
systemd-udev	/usr/lib/systemd/system/systemd-suspend.service
systemd-udev	/usr/lib/systemd/system/systemd-sysctl.service
systemd-udev	/usr/lib/systemd/system/systemd-sysinstall.service
systemd-udev	/usr/lib/systemd/system/systemd-sysupdate-reboot.service
systemd-udev	/usr/lib/systemd/system/systemd-sysupdate-reboot.timer
systemd-udev	/usr/lib/systemd/system/systemd-sysupdate.service
systemd-udev	/usr/lib/systemd/system/systemd-sysupdate.timer
systemd-udev	/usr/lib/systemd/system/systemd-sysupdated.service
systemd-udev	/usr/lib/systemd/system/systemd-timesyncd.service
systemd-udev	/usr/lib/systemd/system/systemd-tmpfiles-setup-dev-early.service
systemd-udev	/usr/lib/systemd/system/systemd-tmpfiles-setup-dev.service
systemd-udev	/usr/lib/systemd/system/systemd-tpm2-clear.service
systemd-udev	/usr/lib/systemd/system/systemd-tpm2-setup-early.service
systemd-udev	/usr/lib/systemd/system/systemd-tpm2-setup.service
systemd-udev	/usr/lib/systemd/system/systemd-tpm2-swtpm.service
systemd-udev	/usr/lib/systemd/system/systemd-udev-load-credentials.service
systemd-udev	/usr/lib/systemd/system/systemd-udev-settle.service
systemd-udev	/usr/lib/systemd/system/systemd-udev-trigger.service
systemd-udev	/usr/lib/systemd/system/systemd-udevd-control.socket
systemd-udev	/usr/lib/systemd/system/systemd-udevd-kernel.socket
systemd-udev	/usr/lib/systemd/system/systemd-udevd-varlink.socket
systemd-udev	/usr/lib/systemd/system/systemd-udevd.service
systemd-udev	/usr/lib/systemd/system/systemd-vconsole-setup.service
systemd-udev	/usr/lib/systemd/system/systemd-volatile-root.service
systemd-udev	/usr/sbin/bootctl
systemd-udev	/usr/sbin/coredumpctl
systemd-udev	/usr/sbin/homectl
systemd-udev	/usr/sbin/installkernel
systemd-udev	/usr/sbin/kernel-install
systemd-udev	/usr/sbin/systemd-ac-power
systemd-udev	/usr/sbin/systemd-cryptenroll
systemd-udev	/usr/sbin/systemd-cryptsetup
systemd-udev	/usr/sbin/systemd-hwdb
systemd-udev	/usr/sbin/systemd-repart
systemd-udev	/usr/sbin/systemd-sysinstall
systemd-udev	/usr/sbin/systemd-sysupdate
systemd-udev	/usr/sbin/udevadm
systemd-udev	/usr/sbin/updatectl
tailscale	/usr/bin/tailscale
tailscale	/usr/bin/tailscaled
tailscale	/usr/lib/systemd/system/tailscaled.service
tailscale	/usr/lib/systemd/user/tailscale-systray.service
tailscale	/usr/sbin/tailscale
tailscale	/usr/sbin/tailscaled
tar	/usr/bin/gtar
tar	/usr/bin/tar
tar	/usr/sbin/gtar
tar	/usr/sbin/tar
tecla	/usr/bin/tecla
tecla	/usr/sbin/tecla
tecla	/usr/share/applications/org.gnome.Tecla.desktop
tinysparql	/usr/bin/tinysparql
tinysparql	/usr/lib/systemd/user/tinysparql-xdg-portal-3.service
tinysparql	/usr/sbin/tinysparql
udisks2	/usr/bin/udisksctl
udisks2	/usr/bin/umount.udisks2
udisks2	/usr/lib/systemd/system/udisks2.service
udisks2	/usr/sbin/udisksctl
udisks2	/usr/sbin/umount.udisks2
unzip	/usr/bin/funzip
unzip	/usr/bin/unzip
unzip	/usr/bin/unzipsfx
unzip	/usr/bin/zipgrep
unzip	/usr/bin/zipinfo
unzip	/usr/sbin/funzip
unzip	/usr/sbin/unzip
unzip	/usr/sbin/unzipsfx
unzip	/usr/sbin/zipgrep
unzip	/usr/sbin/zipinfo
upower	/usr/bin/upower
upower	/usr/lib/systemd/system/upower.service
upower	/usr/sbin/upower
util-linux	/usr/bin/addpart
util-linux	/usr/bin/bits
util-linux	/usr/bin/blkdiscard
util-linux	/usr/bin/blkpr
util-linux	/usr/bin/blkzone
util-linux	/usr/bin/cal
util-linux	/usr/bin/cfdisk
util-linux	/usr/bin/chcpu
util-linux	/usr/bin/chfn
util-linux	/usr/bin/chmem
util-linux	/usr/bin/choom
util-linux	/usr/bin/chsh
util-linux	/usr/bin/clock
util-linux	/usr/bin/col
util-linux	/usr/bin/colcrt
util-linux	/usr/bin/colrm
util-linux	/usr/bin/column
util-linux	/usr/bin/copyfilerange
util-linux	/usr/bin/coresched
util-linux	/usr/bin/ctrlaltdel
util-linux	/usr/bin/delpart
util-linux	/usr/bin/eject
util-linux	/usr/bin/enosys
util-linux	/usr/bin/exch
util-linux	/usr/bin/fadvise
util-linux	/usr/bin/fallocate
util-linux	/usr/bin/fdformat
util-linux	/usr/bin/fdisk
util-linux	/usr/bin/fincore
util-linux	/usr/bin/findfs
util-linux	/usr/bin/fsck.cramfs
util-linux	/usr/bin/fsck.minix
util-linux	/usr/bin/fsfreeze
util-linux	/usr/bin/fstrim
util-linux	/usr/bin/getino
util-linux	/usr/bin/getopt
util-linux	/usr/bin/hexdump
util-linux	/usr/bin/hwclock
util-linux	/usr/bin/i386
util-linux	/usr/bin/irqtop
util-linux	/usr/bin/isosize
util-linux	/usr/bin/last
util-linux	/usr/bin/lastb
util-linux	/usr/bin/lastlog2
util-linux	/usr/bin/ldattach
util-linux	/usr/bin/linux32
util-linux	/usr/bin/linux64
util-linux	/usr/bin/login
util-linux	/usr/bin/look
util-linux	/usr/bin/lsblk
util-linux	/usr/bin/lsclocks
util-linux	/usr/bin/lscpu
util-linux	/usr/bin/lsfd
util-linux	/usr/bin/lsipc
util-linux	/usr/bin/lsirq
util-linux	/usr/bin/lslocks
util-linux	/usr/bin/lslogins
util-linux	/usr/bin/lsmem
util-linux	/usr/bin/lsns
util-linux	/usr/bin/mcookie
util-linux	/usr/bin/mesg
util-linux	/usr/bin/mkfs
util-linux	/usr/bin/mkfs.cramfs
util-linux	/usr/bin/mkfs.minix
util-linux	/usr/bin/namei
util-linux	/usr/bin/nologin
util-linux	/usr/bin/pipesz
util-linux	/usr/bin/pivot_root
util-linux	/usr/bin/prlimit
util-linux	/usr/bin/readprofile
util-linux	/usr/bin/rename
util-linux	/usr/bin/resizepart
util-linux	/usr/bin/rev
util-linux	/usr/bin/rfkill
util-linux	/usr/bin/rtcwake
util-linux	/usr/bin/runuser
util-linux	/usr/bin/setarch
util-linux	/usr/bin/setpgid
util-linux	/usr/bin/setpriv
util-linux	/usr/bin/setterm
util-linux	/usr/bin/sfdisk
util-linux	/usr/bin/su
util-linux	/usr/bin/swaplabel
util-linux	/usr/bin/uclampset
util-linux	/usr/bin/ul
util-linux	/usr/bin/uname26
util-linux	/usr/bin/utmpdump
util-linux	/usr/bin/uuidgen
util-linux	/usr/bin/uuidparse
util-linux	/usr/bin/waitpid
util-linux	/usr/bin/wall
util-linux	/usr/bin/wdctl
util-linux	/usr/bin/whereis
util-linux	/usr/bin/wipefs
util-linux	/usr/bin/write
util-linux	/usr/bin/x86_64
util-linux	/usr/bin/zramctl
util-linux	/usr/lib/systemd/system/fstrim.service
util-linux	/usr/lib/systemd/system/fstrim.timer
util-linux	/usr/sbin/addpart
util-linux	/usr/sbin/bits
util-linux	/usr/sbin/blkdiscard
util-linux	/usr/sbin/blkpr
util-linux	/usr/sbin/blkzone
util-linux	/usr/sbin/cal
util-linux	/usr/sbin/cfdisk
util-linux	/usr/sbin/chcpu
util-linux	/usr/sbin/chfn
util-linux	/usr/sbin/chmem
util-linux	/usr/sbin/choom
util-linux	/usr/sbin/chsh
util-linux	/usr/sbin/clock
util-linux	/usr/sbin/col
util-linux	/usr/sbin/colcrt
util-linux	/usr/sbin/colrm
util-linux	/usr/sbin/column
util-linux	/usr/sbin/copyfilerange
util-linux	/usr/sbin/coresched
util-linux	/usr/sbin/ctrlaltdel
util-linux	/usr/sbin/delpart
util-linux	/usr/sbin/eject
util-linux	/usr/sbin/enosys
util-linux	/usr/sbin/exch
util-linux	/usr/sbin/fadvise
util-linux	/usr/sbin/fallocate
util-linux	/usr/sbin/fdformat
util-linux	/usr/sbin/fdisk
util-linux	/usr/sbin/fincore
util-linux	/usr/sbin/findfs
util-linux	/usr/sbin/fsck.cramfs
util-linux	/usr/sbin/fsck.minix
util-linux	/usr/sbin/fsfreeze
util-linux	/usr/sbin/fstrim
util-linux	/usr/sbin/getino
util-linux	/usr/sbin/getopt
util-linux	/usr/sbin/hexdump
util-linux	/usr/sbin/hwclock
util-linux	/usr/sbin/i386
util-linux	/usr/sbin/irqtop
util-linux	/usr/sbin/isosize
util-linux	/usr/sbin/last
util-linux	/usr/sbin/lastb
util-linux	/usr/sbin/lastlog2
util-linux	/usr/sbin/ldattach
util-linux	/usr/sbin/linux32
util-linux	/usr/sbin/linux64
util-linux	/usr/sbin/login
util-linux	/usr/sbin/look
util-linux	/usr/sbin/lsblk
util-linux	/usr/sbin/lsclocks
util-linux	/usr/sbin/lscpu
util-linux	/usr/sbin/lsfd
util-linux	/usr/sbin/lsipc
util-linux	/usr/sbin/lsirq
util-linux	/usr/sbin/lslocks
util-linux	/usr/sbin/lslogins
util-linux	/usr/sbin/lsmem
util-linux	/usr/sbin/lsns
util-linux	/usr/sbin/mcookie
util-linux	/usr/sbin/mesg
util-linux	/usr/sbin/mkfs
util-linux	/usr/sbin/mkfs.cramfs
util-linux	/usr/sbin/mkfs.minix
util-linux	/usr/sbin/namei
util-linux	/usr/sbin/nologin
util-linux	/usr/sbin/pipesz
util-linux	/usr/sbin/pivot_root
util-linux	/usr/sbin/prlimit
util-linux	/usr/sbin/readprofile
util-linux	/usr/sbin/rename
util-linux	/usr/sbin/resizepart
util-linux	/usr/sbin/rev
util-linux	/usr/sbin/rfkill
util-linux	/usr/sbin/rtcwake
util-linux	/usr/sbin/runuser
util-linux	/usr/sbin/setarch
util-linux	/usr/sbin/setpgid
util-linux	/usr/sbin/setpriv
util-linux	/usr/sbin/setterm
util-linux	/usr/sbin/sfdisk
util-linux	/usr/sbin/su
util-linux	/usr/sbin/swaplabel
util-linux	/usr/sbin/uclampset
util-linux	/usr/sbin/ul
util-linux	/usr/sbin/uname26
util-linux	/usr/sbin/utmpdump
util-linux	/usr/sbin/uuidgen
util-linux	/usr/sbin/uuidparse
util-linux	/usr/sbin/waitpid
util-linux	/usr/sbin/wall
util-linux	/usr/sbin/wdctl
util-linux	/usr/sbin/whereis
util-linux	/usr/sbin/wipefs
util-linux	/usr/sbin/write
util-linux	/usr/sbin/x86_64
util-linux	/usr/sbin/zramctl
util-linux-core	/usr/bin/agetty
util-linux-core	/usr/bin/blkid
util-linux-core	/usr/bin/blockdev
util-linux-core	/usr/bin/chrt
util-linux-core	/usr/bin/dmesg
util-linux-core	/usr/bin/findmnt
util-linux-core	/usr/bin/flock
util-linux-core	/usr/bin/fsck
util-linux-core	/usr/bin/hardlink
util-linux-core	/usr/bin/ionice
util-linux-core	/usr/bin/ipcmk
util-linux-core	/usr/bin/ipcrm
util-linux-core	/usr/bin/ipcs
util-linux-core	/usr/bin/kill
util-linux-core	/usr/bin/logger
util-linux-core	/usr/bin/losetup
util-linux-core	/usr/bin/mkswap
util-linux-core	/usr/bin/more
util-linux-core	/usr/bin/mount
util-linux-core	/usr/bin/mountpoint
util-linux-core	/usr/bin/nsenter
util-linux-core	/usr/bin/partx
util-linux-core	/usr/bin/renice
util-linux-core	/usr/bin/setsid
util-linux-core	/usr/bin/sulogin
util-linux-core	/usr/bin/swapoff
util-linux-core	/usr/bin/swapon
util-linux-core	/usr/bin/switch_root
util-linux-core	/usr/bin/taskset
util-linux-core	/usr/bin/umount
util-linux-core	/usr/bin/unshare
util-linux-core	/usr/sbin/agetty
util-linux-core	/usr/sbin/blkid
util-linux-core	/usr/sbin/blockdev
util-linux-core	/usr/sbin/chrt
util-linux-core	/usr/sbin/dmesg
util-linux-core	/usr/sbin/findmnt
util-linux-core	/usr/sbin/flock
util-linux-core	/usr/sbin/fsck
util-linux-core	/usr/sbin/hardlink
util-linux-core	/usr/sbin/ionice
util-linux-core	/usr/sbin/ipcmk
util-linux-core	/usr/sbin/ipcrm
util-linux-core	/usr/sbin/ipcs
util-linux-core	/usr/sbin/kill
util-linux-core	/usr/sbin/logger
util-linux-core	/usr/sbin/losetup
util-linux-core	/usr/sbin/mkswap
util-linux-core	/usr/sbin/more
util-linux-core	/usr/sbin/mount
util-linux-core	/usr/sbin/mountpoint
util-linux-core	/usr/sbin/nsenter
util-linux-core	/usr/sbin/partx
util-linux-core	/usr/sbin/renice
util-linux-core	/usr/sbin/setsid
util-linux-core	/usr/sbin/sulogin
util-linux-core	/usr/sbin/swapoff
util-linux-core	/usr/sbin/swapon
util-linux-core	/usr/sbin/switch_root
util-linux-core	/usr/sbin/taskset
util-linux-core	/usr/sbin/umount
util-linux-core	/usr/sbin/unshare
vim-minimal	/usr/bin/ex
vim-minimal	/usr/bin/rvi
vim-minimal	/usr/bin/rview
vim-minimal	/usr/bin/vi
vim-minimal	/usr/bin/view
vim-minimal	/usr/sbin/ex
vim-minimal	/usr/sbin/rvi
vim-minimal	/usr/sbin/rview
vim-minimal	/usr/sbin/vi
vim-minimal	/usr/sbin/view
wavpack	/usr/bin/wavpack
wavpack	/usr/bin/wvgain
wavpack	/usr/bin/wvtag
wavpack	/usr/bin/wvunpack
wavpack	/usr/sbin/wavpack
wavpack	/usr/sbin/wvgain
wavpack	/usr/sbin/wvtag
wavpack	/usr/sbin/wvunpack
waypipe	/usr/bin/waypipe
waypipe	/usr/sbin/waypipe
webkitgtk6.0	/usr/bin/WebKitWebDriver
webkitgtk6.0	/usr/sbin/WebKitWebDriver
which	/usr/bin/which
which	/usr/sbin/which
wireguard-tools	/usr/bin/wg
wireguard-tools	/usr/bin/wg-quick
wireguard-tools	/usr/lib/systemd/system/wg-quick@.service
wireguard-tools	/usr/sbin/wg
wireguard-tools	/usr/sbin/wg-quick
wireplumber	/usr/bin/wireplumber
wireplumber	/usr/bin/wpctl
wireplumber	/usr/bin/wpexec
wireplumber	/usr/lib/systemd/user/wireplumber.service
wireplumber	/usr/lib/systemd/user/wireplumber@.service
wireplumber	/usr/sbin/wireplumber
wireplumber	/usr/sbin/wpctl
wireplumber	/usr/sbin/wpexec
wl-clipboard	/usr/bin/wl-copy
wl-clipboard	/usr/bin/wl-paste
wl-clipboard	/usr/sbin/wl-copy
wl-clipboard	/usr/sbin/wl-paste
wsdd	/usr/bin/wsdd
wsdd	/usr/lib/systemd/system/wsdd.service
wsdd	/usr/sbin/wsdd
xdg-dbus-proxy	/usr/bin/xdg-dbus-proxy
xdg-dbus-proxy	/usr/sbin/xdg-dbus-proxy
xdg-desktop-portal	/usr/lib/systemd/user/xdg-desktop-portal-rewrite-launchers.service
xdg-desktop-portal	/usr/lib/systemd/user/xdg-desktop-portal.service
xdg-desktop-portal	/usr/lib/systemd/user/xdg-document-portal.service
xdg-desktop-portal	/usr/lib/systemd/user/xdg-permission-store.service
xdg-desktop-portal-gnome	/usr/lib/systemd/user/xdg-desktop-portal-gnome.service
xdg-desktop-portal-gnome	/usr/share/applications/xdg-desktop-portal-gnome.desktop
xdg-desktop-portal-gtk	/usr/lib/systemd/user/xdg-desktop-portal-gtk.service
xdg-desktop-portal-gtk	/usr/share/applications/xdg-desktop-portal-gtk.desktop
xdg-terminal-exec	/usr/bin/xdg-terminal-exec
xdg-terminal-exec	/usr/sbin/xdg-terminal-exec
xdg-user-dirs	/etc/xdg/autostart/xdg-user-dirs.desktop
xdg-user-dirs	/usr/bin/xdg-user-dir
xdg-user-dirs	/usr/bin/xdg-user-dirs-update
xdg-user-dirs	/usr/lib/systemd/user/xdg-user-dirs.service
xdg-user-dirs	/usr/sbin/xdg-user-dir
xdg-user-dirs	/usr/sbin/xdg-user-dirs-update
xdg-user-dirs-gtk	/etc/xdg/autostart/user-dirs-update-gtk.desktop
xdg-user-dirs-gtk	/usr/bin/xdg-user-dirs-gtk-update
xdg-user-dirs-gtk	/usr/lib/systemd/user/user-dirs-update-gtk.service
xdg-user-dirs-gtk	/usr/sbin/xdg-user-dirs-gtk-update
xdg-user-dirs-gtk	/usr/share/applications/user-dirs-update-gtk.desktop
xhost	/usr/bin/xhost
xhost	/usr/sbin/xhost
xkbcomp	/usr/bin/xkbcomp
xkbcomp	/usr/sbin/xkbcomp
xmodmap	/usr/bin/xmodmap
xmodmap	/usr/sbin/xmodmap
xorg-x11-server-Xwayland	/usr/bin/Xwayland
xorg-x11-server-Xwayland	/usr/sbin/Xwayland
xorg-x11-server-Xwayland	/usr/share/applications/org.freedesktop.Xwayland.desktop
xorg-x11-xauth	/usr/bin/xauth
xorg-x11-xauth	/usr/sbin/xauth
xorg-x11-xinit	/usr/bin/startx
xorg-x11-xinit	/usr/bin/xinit
xorg-x11-xinit	/usr/sbin/startx
xorg-x11-xinit	/usr/sbin/xinit
xorriso	/usr/bin/cdrecord
xorriso	/usr/bin/mkisofs
xorriso	/usr/bin/osirrox
xorriso	/usr/bin/xorrecord
xorriso	/usr/bin/xorriso
xorriso	/usr/bin/xorriso-dd-target
xorriso	/usr/bin/xorrisofs
xorriso	/usr/sbin/cdrecord
xorriso	/usr/sbin/mkisofs
xorriso	/usr/sbin/osirrox
xorriso	/usr/sbin/xorrecord
xorriso	/usr/sbin/xorriso
xorriso	/usr/sbin/xorriso-dd-target
xorriso	/usr/sbin/xorrisofs
xprop	/usr/bin/xprop
xprop	/usr/sbin/xprop
xrdb	/usr/bin/xrdb
xrdb	/usr/sbin/xrdb
xrefresh	/usr/bin/xrefresh
xrefresh	/usr/sbin/xrefresh
xxd	/usr/bin/xxd
xxd	/usr/sbin/xxd
xz	/usr/bin/unxz
xz	/usr/bin/xz
xz	/usr/bin/xzcat
xz	/usr/bin/xzcmp
xz	/usr/bin/xzdec
xz	/usr/bin/xzdiff
xz	/usr/bin/xzegrep
xz	/usr/bin/xzfgrep
xz	/usr/bin/xzgrep
xz	/usr/bin/xzless
xz	/usr/bin/xzmore
xz	/usr/sbin/unxz
xz	/usr/sbin/xz
xz	/usr/sbin/xzcat
xz	/usr/sbin/xzcmp
xz	/usr/sbin/xzdec
xz	/usr/sbin/xzdiff
xz	/usr/sbin/xzegrep
xz	/usr/sbin/xzfgrep
xz	/usr/sbin/xzgrep
xz	/usr/sbin/xzless
xz	/usr/sbin/xzmore
zenity	/usr/bin/zenity
zenity	/usr/sbin/zenity
zenity	/usr/share/applications/org.gnome.Zenity.desktop
zip	/usr/bin/zip
zip	/usr/bin/zipcloak
zip	/usr/bin/zipnote
zip	/usr/bin/zipsplit
zip	/usr/sbin/zip
zip	/usr/sbin/zipcloak
zip	/usr/sbin/zipnote
zip	/usr/sbin/zipsplit
zstd	/usr/bin/pzstd
zstd	/usr/bin/unzstd
zstd	/usr/bin/zstd
zstd	/usr/bin/zstdcat
zstd	/usr/bin/zstdgrep
zstd	/usr/bin/zstdless
zstd	/usr/bin/zstdmt
zstd	/usr/sbin/pzstd
zstd	/usr/sbin/unzstd
zstd	/usr/sbin/zstd
zstd	/usr/sbin/zstdcat
zstd	/usr/sbin/zstdgrep
zstd	/usr/sbin/zstdless
zstd	/usr/sbin/zstdmt
zvbi	/usr/bin/zvbi-atsc-cc
zvbi	/usr/bin/zvbi-chains
zvbi	/usr/bin/zvbi-ntsc-cc
zvbi	/usr/bin/zvbid
zvbi	/usr/lib/systemd/system/zvbid.service
zvbi	/usr/sbin/zvbi-atsc-cc
zvbi	/usr/sbin/zvbi-chains
zvbi	/usr/sbin/zvbi-ntsc-cc
zvbi	/usr/sbin/zvbid
